open_time,开盘价,最高价,最低价,收盘价,成交量,MA20,MA50,MA89,BB_Upper,BB_Lower,BB_Long_Upper,BB_Long_Lower,MACD_Hist,RSI,ATR,Fib_Ret_0.382,Fib_Ret_0.500,Fib_Ret_0.618,Fib_Support_Level,Fib_Resistance_Level,Fib_Price_Position,MACD_Long
2025-07-14 09:00:00,122560.0,122566.0,121840.0,121979.9,8211.608,,,,,,,,,,,,,,,,,
2025-07-14 10:00:00,121980.0,122149.8,121620.7,121911.8,6309.709,,,,,,,,,,,,,,,,,
2025-07-14 11:00:00,121911.8,121911.8,121357.0,121474.5,5860.765,,,,,,,,,,,,,,,,,
2025-07-14 12:00:00,121474.5,121917.8,121410.0,121894.2,5256.304,,,,,,,,,,,,,,,,,
2025-07-14 13:00:00,121894.2,122113.9,121150.0,121679.2,11558.576,121787.92,,,,,,,,,,,,,,,,
2025-07-14 14:00:00,121679.3,121970.9,120612.4,121160.0,15446.152,121623.94,,,,,,,,,,,,,,,,
2025-07-14 15:00:00,121160.0,121173.2,119590.9,119863.1,18375.395,121214.2,,,,,,,,,,,,,,,,
2025-07-14 16:00:00,119863.1,120299.0,119200.0,120260.9,16207.432,120971.48,,,,,,,,24.373882,,,,,,,,
2025-07-14 17:00:00,120261.0,120510.9,119750.0,119885.2,7329.028,120569.68,,,,,,,,21.556744,,,,,,,,
2025-07-14 18:00:00,119885.2,120166.0,119595.0,119605.6,3920.842,120154.96,,,,,,,,19.59077,,,,,,,,
2025-07-14 19:00:00,119605.4,120076.9,119564.2,119920.0,4490.327,119906.96,,,,,,,,28.183142,844.0,,,,,,,
2025-07-14 20:00:00,119920.3,120430.0,119505.0,120130.1,6220.405,119960.36,,,,,,,,33.706093,852.1,,,,,,,
2025-07-14 21:00:00,120130.0,120230.6,119798.4,120000.1,2647.591,119908.2,,,,,,,,31.933321,810.11,,,,,,,
2025-07-14 22:00:00,120000.1,120292.6,119889.2,120014.6,2319.658,119934.08,,,123219.09,118177.94,,,,32.396008,769.439,,,,,,,
2025-07-14 23:00:00,120014.6,120028.1,119735.6,119816.5,2155.509,119976.26,,,122922.66,118165.31,,,,29.22912,721.7451,,,,,,,
2025-07-15 00:00:00,119816.5,119919.4,119000.0,119458.4,6038.482,119883.94,,,122606.35,118131.13,,,,24.233171,741.5106,,,,,,,
2025-07-15 01:00:00,119458.4,119497.8,118376.5,118491.3,12335.751,119556.18,,,122599.78,117711.54,,,,15.750781,779.4895,,,,,,,
2025-07-15 02:00:00,118491.4,118873.2,117833.0,118251.9,15348.778,119206.54,,,122298.22,117492.77,,,,14.304719,805.5606,,,,,,,
2025-07-15 03:00:00,118251.8,118251.8,116870.0,117209.2,24369.172,118645.46,,,122275.43,116876.984,,,,9.754217,863.1945,,,,,,,
2025-07-15 04:00:00,117209.2,117530.7,116227.0,117481.8,17818.56,118178.52,,,122108.98,116517.984,,,,17.736052,907.24506,,,,,,,
2025-07-15 05:00:00,117481.7,117761.3,116972.0,117325.3,7770.177,117751.9,119895.88,,122241.23,116023.19,,,,16.744139,895.45056,,,,,,,
2025-07-15 06:00:00,117325.2,117325.3,116724.6,117051.0,8759.999,117463.84,119661.18,,122221.5,115584.36,,,-121.434235,15.025785,865.9755,,,,,,,
2025-07-15 07:00:00,117051.0,117264.0,116371.0,116777.1,9244.232,117168.88,119416.664,,122241.07,115120.77,,,-101.38831,13.421229,868.678,,,,,,,
2025-07-15 08:00:00,116777.1,116871.0,116300.0,116766.5,6191.052,117080.34,119192.48,,122215.9,114740.36,,,-64.24799,13.35683,838.91016,,,,,,,
2025-07-15 09:00:00,116766.6,117229.9,116684.3,116764.9,5254.729,116936.96,118948.23,,122001.78,114503.75,,,-22.318134,13.345553,809.57916,,,,,,,
2025-07-15 10:00:00,116765.0,117222.2,116728.1,117055.0,3968.898,116882.9,118728.02,,121561.69,114504.55,,,39.848362,26.476196,778.03125,,,,,,,
2025-07-15 11:00:00,117055.0,117180.0,116331.7,117110.4,7919.67,116894.78,118535.19,,121044.47,114608.945,,,85.52155,28.877308,785.0581,,,,,,,
2025-07-15 12:00:00,117110.4,117458.6,116388.0,117193.1,15460.587,116977.98,118408.04,,120360.086,114890.26,,,119.66281,32.70477,813.6123,,,,,,,
2025-07-15 13:00:00,117193.0,118499.8,117132.6,118067.7,20404.584,117238.22,118303.6,,119663.74,115336.77,,,205.27438,59.557617,868.97107,,,,,,,
2025-07-15 14:00:00,118067.8,118439.2,115678.1,115979.6,27490.459,117081.16,118117.625,,119067.305,115436.24,,,72.141594,28.206814,1058.184,,,,,,,-1344.5813
2025-07-15 15:00:00,115979.6,116752.9,115750.1,116393.0,16274.557,116948.76,117964.64,,118729.83,115473.96,,,47.58238,35.989483,1052.6455,,,,,,,-1323.2782
2025-07-15 16:00:00,116393.1,117727.4,116360.9,117195.9,17571.016,116965.86,117834.92,,118383.586,115669.34,,,106.26631,48.611977,1084.031,,,,,,,-1227.4586
2025-07-15 17:00:00,117195.9,117577.1,117125.0,117415.6,5290.958,117010.36,117705.664,,118422.695,115659.72,,,150.40398,51.655365,1020.8379,,,,,,,-1120.8723
2025-07-15 18:00:00,117415.6,117436.3,116050.0,116723.3,15984.776,116741.48,117549.625,,118340.055,115634.01,,,110.34694,42.419594,1057.3842,,,,,,,-1079.8171
2025-07-15 19:00:00,116723.2,117230.7,116300.0,116428.9,6816.66,116831.34,117378.875,,118305.65,115540.35,,,66.07877,38.963352,1044.7157,,,,,,,-1058.8308
2025-07-15 20:00:00,116428.8,116715.9,116189.0,116410.0,4503.523,116834.74,117216.664,,118304.75,115449.68,,,46.00072,38.72702,992.93414,,,,,,,-1031.8297
2025-07-15 21:00:00,116410.0,117610.6,116339.8,117542.4,6033.652,116904.04,117125.42,,118436.7,115427.055,,,128.90498,56.970787,1020.7207,,,,,,,-908.58234
2025-07-15 22:00:00,117542.4,117849.0,117235.5,117807.7,4750.212,116982.46,117092.875,,118633.74,115378.76,,,181.27496,60.209064,979.99866,,,,,,,-780.5033
2025-07-15 23:00:00,117807.7,117965.6,117479.1,117738.5,4376.963,117185.5,117068.42,,118774.836,115376.75,,,185.85847,58.86105,930.6488,,,,,,,-676.78204
2025-07-16 00:00:00,117738.6,118193.6,117409.4,118114.5,5356.157,117522.62,117111.53,,119013.17,115289.77,,,201.00023,63.974056,916.0039,,,,,,,-557.8121
2025-07-16 01:00:00,118114.5,118208.6,117575.2,117726.7,3850.52,117785.96,117123.195,,119103.68,115287.305,,,158.14658,55.651337,887.7435,117296.555,117796.5,118296.445,,,,-489.18076
2025-07-16 02:00:00,117726.7,117768.9,117017.1,117335.1,5231.061,117744.5,117123.664,,119116.56,115294.7,,,91.869385,48.25546,874.1492,117367.266,117889.05,118410.836,114475.34,117367.266,0.3747258,-461.0738
2025-07-16 03:00:00,117335.0,117534.6,117223.7,117477.6,2568.177,117678.48,117143.98,,118965.98,115360.99,,,63.405746,51.01897,817.8242,117367.266,117889.05,118410.836,,,,-422.43076
2025-07-16 04:00:00,117477.7,117699.9,117252.2,117601.5,2441.156,117651.08,117183.234,,118840.78,115717.89,,,53.86963,53.53615,780.8118,117367.266,117889.05,118410.836,,,,-377.4571
2025-07-16 05:00:00,117601.5,118020.0,117601.5,117858.5,5014.165,117599.88,117235.234,,118828.98,115939.05,,,64.18817,58.675446,744.5806,117367.266,117889.05,118410.836,,,,-317.4184
2025-07-16 06:00:00,117858.5,118282.7,117737.5,118260.8,3344.112,117706.7,117306.47,,119030.56,115889.59,,,93.34013,65.620186,724.6426,117367.266,117889.05,118410.836,,,,-234.66989
2025-07-16 07:00:00,118260.8,118297.1,118017.2,118181.2,3768.6,117875.92,117360.09,,119170.87,115858.664,,,89.51719,63.16962,680.16833,117367.266,117889.05,118410.836,,,,-173.51402
2025-07-16 08:00:00,118181.2,118785.0,118113.6,118697.7,6497.925,118119.94,117435.68,,119396.36,115915.23,,,116.624626,71.28693,679.2915,118410.836,117889.05,117367.266,118410.836,121302.76,0.6828739,-82.42022
2025-07-16 09:00:00,118697.7,119204.0,118688.9,119188.9,9385.976,118437.42,117530.72,,119642.97,116062.91,,,152.0293,76.928665,662.8723,118410.836,117889.05,117367.266,118410.836,121302.76,0.79395735,29.072868
2025-07-16 10:00:00,119188.9,119299.9,118715.3,118716.9,5330.65,118609.1,117561.63,,119503.91,116531.52,123149.29,113786.45,110.853745,63.042107,655.0451,118410.836,117889.05,117367.266,118410.836,121302.76,0.6872159,78.44127
2025-07-16 11:00:00,118716.9,118898.2,118621.8,118755.1,3601.246,118707.96,117693.8,,119631.49,116577.18,122863.375,113943.375,77.88292,63.661465,617.1806,118438.336,117925.05,117411.766,118438.336,121283.17,0.69082046,119.27359
2025-07-16 12:00:00,118755.1,119055.0,118557.0,118579.3,5111.985,118787.58,117797.91,,119704.56,116614.336,122562.945,114110.51,35.28138,58.406185,605.2625,118552.9,118075.0,117597.1,118552.9,121201.6,0.6245185,135.88155
2025-07-16 13:00:00,118579.3,118907.8,118156.0,118651.3,11552.864,118778.3,117867.21,,119770.74,116678.56,122311.6,114248.92,12.240963,59.98455,619.91626,118552.9,118075.0,117597.1,118552.9,121201.6,0.6422963,153.08858
2025-07-16 14:00:00,118651.2,119230.0,118156.0,119019.8,10758.392,118744.48,117943.6,,119937.41,116641.22,121990.0,114455.55,23.993937,67.376526,665.32465,118552.9,118075.0,117597.1,118552.9,121201.6,0.73328394,194.22127
2025-07-16 15:00:00,119019.9,119786.7,118243.3,119056.0,25528.01,118812.3,118054.69,,120057.695,116710.836,121683.38,114657.24,24.416836,68.052895,753.1322,118606.0,118144.5,117683.0,118606.0,121163.79,0.7330606,227.12213
2025-07-16 16:00:00,119055.9,119293.5,118430.3,119250.0,7526.9,118911.28,118189.02,118512.59,120084.57,116957.516,121458.84,114805.375,31.647535,71.718864,764.139,118606.0,118144.5,117683.0,118606.0,121163.79,0.7826643,265.78668
2025-07-16 17:00:00,119249.9,119676.2,118924.1,119039.4,6620.246,119003.3,118314.234,118460.086,119999.26,117265.945,121388.55,114842.73,9.396412,62.618416,762.93506,118663.6,118219.9,117776.195,118663.6,121122.77,0.7179405,276.2505
2025-07-16 18:00:00,119039.4,119888.0,118836.0,119471.0,7001.121,119167.24,118406.07,118416.5,119996.54,117535.73,121303.07,114896.6,26.070839,71.319695,791.84155,118922.336,118558.55,118194.766,118922.336,120938.55,0.79597133,315.7301
2025-07-16 19:00:00,119471.0,119600.0,118780.0,119186.7,5914.548,119200.62,118471.734,118375.64,119893.22,117828.8,121237.56,114934.17,2.8301227,60.497715,794.6574,118922.336,118558.55,118194.766,118922.336,120938.55,0.70375293,320.38416
2025-07-16 20:00:00,119186.7,119914.9,118891.2,119886.2,5904.81,119366.66,118574.01,118339.79,120141.9,117812.31,121267.055,114915.91,40.476967,72.48315,817.56165,118922.336,118558.55,118194.766,118922.336,120938.55,0.9306497,376.18
2025-07-16 21:00:00,119886.2,120100.0,119150.6,119254.7,7455.082,119367.6,118628.305,118296.49,120046.84,118060.73,121202.195,114954.16,-2.1285825,54.929436,830.7455,118922.336,118558.55,118194.766,118922.336,120938.55,0.7258101,365.23163
2025-07-16 22:00:00,119254.7,119466.6,118557.0,118624.8,5601.091,119284.68,118671.07,118251.22,120058.11,118039.05,121067.45,115028.68,-76.84178,42.852577,838.6309,118194.766,118558.55,118922.336,,,,302.24326
2025-07-16 23:00:00,118624.8,118803.8,118359.4,118590.7,3801.154,119108.62,118730.86,118228.5,120061.57,117950.13,120942.05,115097.71,-110.65724,42.265675,799.2079,118322.445,118661.85,119001.25,,,,246.72878
2025-07-17 00:00:00,118590.7,119151.3,118582.3,118861.2,3356.278,119043.52,118796.75,118203.5,120054.125,117978.19,120825.836,115167.79,-96.93037,48.76032,776.1871,118340.06,118676.1,119012.14,,,,222.00116
2025-07-17 01:00:00,118861.2,119052.3,117663.6,118115.0,11598.861,118689.28,118821.2,118171.89,120191.914,117748.96,120693.77,115231.79,-141.27136,35.799488,837.43835,118439.31,118756.4,119073.49,116681.88,118439.31,0.2613129,140.57181
2025-07-17 02:00:00,118115.0,118497.8,117980.2,118302.0,4705.718,118498.74,118842.32,118148.62,120238.766,117662.49,120605.98,115273.33,-133.50047,40.428993,805.4545,118764.586,119182.15,119599.72,116450.27,118764.586,0.25127873,90.08932
2025-07-17 03:00:00,118302.0,118335.2,117700.0,118090.9,4686.341,118391.96,118834.23,118115.95,120332.96,117488.234,120589.28,115274.01,-132.46179,36.922443,788.4291,118764.586,119182.15,119599.72,116450.27,118764.586,0.19162405,32.670956
2025-07-17 04:00:00,118090.8,118466.0,117923.0,118465.9,2857.481,118367.0,118847.79,118086.234,120326.445,117415.625,120599.12,115272.734,-87.93529,46.53326,763.88617,118764.586,119182.15,119599.72,116450.27,118764.586,0.29759517,17.227274
2025-07-17 05:00:00,118465.9,118620.0,118182.9,118550.0,2488.448,118304.76,118840.75,118060.336,120300.35,117369.44,120620.23,115305.26,-50.43752,48.583023,731.2075,118764.586,119182.15,119599.72,116450.27,118764.586,0.32136095,11.640032
2025-07-17 06:00:00,118550.0,118763.4,118307.6,118439.3,4031.805,118369.62,118805.055,118032.21,120229.96,117324.01,120638.69,115325.09,-35.38216,45.881813,703.6668,118764.586,119182.15,119599.72,116450.27,118764.586,0.29007828,-1.7008564
2025-07-17 07:00:00,118439.3,118548.0,117810.4,118293.9,6460.573,118368.0,118784.914,118005.02,120201.42,117246.05,120647.26,115355.266,-34.929306,42.279606,707.0601,118764.586,119182.15,119599.72,116450.27,118764.586,0.24898975,-23.732597
2025-07-17 08:00:00,118293.8,118408.2,118065.7,118313.6,3661.316,118412.54,118763.89,117984.58,120020.07,117262.055,120646.68,115406.35,-28.158426,42.98714,670.6041,118764.586,119182.15,119599.72,116450.27,118764.586,0.25455675,-39.151966
2025-07-17 09:00:00,118313.6,119216.4,118221.8,118758.6,6982.323,118471.08,118772.43,117989.35,119925.53,117295.44,120651.875,115480.42,14.133062,56.907795,703.0037,118764.586,119182.15,119599.72,116450.27,118764.586,0.38030916,-15.287914
2025-07-17 10:00:00,118758.6,118867.9,118210.0,118331.2,4606.525,118427.32,118757.19,117990.766,119353.93,117644.9,120630.234,115564.64,-0.17606622,44.682804,698.49335,118764.586,119182.15,119599.72,116450.27,118764.586,0.25953034,-30.511374
2025-07-17 11:00:00,118331.2,118389.9,117915.2,117968.9,4274.359,118333.24,118707.14,118004.336,119110.42,117704.72,120596.305,115646.734,-33.993374,36.85331,676.114,118764.586,119182.15,119599.72,116450.27,118764.586,0.15714811,-70.9923
2025-07-17 12:00:00,117968.8,118180.1,117412.8,117853.3,10574.299,118245.12,118649.875,118010.97,119139.99,117564.94,120576.625,115698.34,-53.405094,34.59666,685.2326,118764.586,119182.15,119599.72,116450.27,118764.586,0.12448074,-111.12075
2025-07-17 13:00:00,117853.3,118443.0,117514.8,118261.6,8899.887,118234.72,118602.805,118027.69,119095.484,117562.43,120563.89,115757.13,-22.596827,47.774357,709.52936,118764.586,119182.15,119599.72,116450.27,118764.586,0.2398621,-108.72315
2025-07-17 14:00:00,118261.2,118837.9,118110.5,118752.9,7711.66,118233.58,118589.164,118058.08,119047.17,117595.27,120573.58,115809.836,34.555004,59.28931,711.3164,118764.586,119182.15,119599.72,116450.27,118764.586,0.37869838,-66.41365
2025-07-17 15:00:00,118752.9,119100.0,118315.8,118875.0,6299.714,118342.34,118560.78,118095.54,119185.64,117565.375,120604.625,115811.08,68.18722,61.7355,718.60474,118764.586,119182.15,119599.72,,,,-22.768164
2025-07-17 16:00:00,118875.0,118952.2,118293.6,118550.3,4951.029,118458.62,118530.48,118127.39,119210.77,117575.71,120480.875,116037.66,51.60433,52.035065,712.6043,118764.586,119182.15,119599.72,116450.27,118764.586,0.32144573,-14.215508
2025-07-17 17:00:00,118550.3,119346.9,118482.9,119255.3,5433.795,118739.02,118500.43,118171.87,119471.55,117481.28,120438.836,116194.19,93.55041,65.69092,727.74384,118764.586,119182.15,119599.72,,,,48.88661
2025-07-17 18:00:00,119255.4,119787.7,119186.3,119582.5,7676.379,119003.2,118516.04,118217.0,119840.055,117272.29,120495.47,116233.016,127.55677,70.2735,715.1095,119599.72,119182.15,118764.586,119182.15,119599.72,0.61313474,123.869896
2025-07-17 19:00:00,119582.4,119879.1,118800.0,118948.8,6010.215,119042.38,118531.47,118249.83,119900.4,117268.914,120502.945,116286.875,77.98369,53.98183,751.50854,118652.05,119091.1,119530.16,,,,130.6543
2025-07-17 20:00:00,118948.8,119440.8,118343.2,119428.8,8034.093,119153.14,118571.38,118289.75,120101.63,117209.04,120483.66,116414.38,81.66311,61.806526,786.1177,118652.05,119091.1,119530.16,,,,172.77138
2025-07-17 21:00:00,119428.8,120951.5,119410.5,120254.8,25117.477,119494.04,118637.74,118328.805,120623.21,116967.586,120515.25,116535.82,135.95985,71.52649,861.6059,119530.16,119091.1,118652.05,119530.16,121963.555,0.81275535,269.69193
2025-07-17 22:00:00,120254.8,120706.1,119451.3,119767.8,7949.118,119596.54,118716.445,118396.45,120814.26,116984.28,120449.03,116736.35,103.95108,60.87083,900.9253,119530.16,119091.1,118652.05,119530.16,121963.555,0.6818695,303.7044
2025-07-17 23:00:00,119767.8,119883.3,119155.0,119176.6,5906.707,119515.36,118758.09,118446.16,120850.87,117007.39,120445.68,116805.07,26.710371,50.265263,883.6628,118635.85,119078.0,119520.15,,,,279.73007
2025-07-18 00:00:00,119176.5,119785.1,119003.8,119735.8,5432.925,119672.76,118836.42,118491.516,120974.05,117084.87,120505.984,116821.9,27.010395,58.28556,873.4265,119483.82,119030.45,118577.086,119483.82,121996.555,0.6835845,302.36752
2025-07-18 01:00:00,119735.9,120799.0,119636.0,120346.1,9617.189,119856.22,118925.96,118543.84,121174.21,117224.305,120637.44,116794.74,67.02319,65.3917,902.38385,119361.39,118870.2,118379.016,119361.39,122083.73,0.85456204,365.34253
2025-07-18 02:00:00,120346.1,120400.0,119862.0,120075.2,4249.826,119820.3,118998.586,118603.7,121115.79,117600.14,120735.3,116775.31,51.54823,60.0906,865.9455,119361.39,118870.2,118379.016,119361.39,122083.73,0.78948253,388.90823
2025-07-18 03:00:00,120075.3,120492.2,119926.0,120212.8,3419.823,119909.3,119083.04,118671.27,121127.91,117866.766,120823.32,116786.734,43.590263,61.919952,835.97095,119361.39,118870.2,118379.016,119361.39,122083.73,0.8225388,413.91602
2025-07-18 04:00:00,120212.8,120478.9,119726.5,120387.8,3702.589,120151.54,119182.75,118742.305,121253.164,117975.06,120890.73,116841.43,42.626762,64.34494,827.61383,119361.39,118870.2,118379.016,119361.39,122083.73,0.86457986,442.7521
2025-07-18 05:00:00,120387.8,120628.6,120165.3,120588.3,5460.887,120322.04,119291.07,118796.695,121409.37,118063.62,120986.55,116870.04,46.67688,67.14185,791.18243,119361.39,118870.2,118379.016,119361.39,122083.73,0.91274685,476.2932
2025-07-18 06:00:00,120588.3,120846.1,120076.9,120238.5,4624.484,120300.52,119361.54,118840.1,121274.92,118439.234,121032.06,116930.01,9.30697,57.89763,788.9842,119361.39,118870.2,118379.016,119361.39,122083.73,0.8287128,469.23972
2025-07-18 07:00:00,120238.6,120375.7,119300.0,119356.6,7977.613,120156.8,119410.37,118868.99,121258.97,118469.66,121015.4,117006.59,-84.470345,41.20914,817.65576,119361.39,118870.2,118379.016,118870.2,119361.39,0.61685,388.01505
2025-07-18 08:00:00,119356.5,119483.2,118384.6,118637.3,12184.207,119841.7,119442.195,118878.33,121450.73,118142.875,121005.59,117031.46,-180.11208,32.339165,845.7502,118379.016,118870.2,119361.39,,,,262.57556
2025-07-18 09:00:00,118637.3,119000.0,118450.0,118885.0,6890.817,119541.14,119491.32,118899.016,121465.695,118118.8,120991.125,117074.08,-188.6286,37.724457,816.1752,118379.016,118870.2,119361.39,,,,181.06403
2025-07-18 10:00:00,118885.0,119266.0,118503.4,119240.1,4915.333,119271.5,119537.92,118933.03,121481.47,118076.06,120998.86,117088.04,-145.88335,45.040646,810.8177,118379.016,118870.2,119361.39,,,,143.46535
2025-07-18 11:00:00,119240.2,119292.0,118775.1,119175.5,3056.754,119058.9,119558.04,118963.35,121413.57,117989.77,120998.44,117087.92,-115.94291,43.944912,781.4259,118379.016,118870.2,119361.39,,,,107.2195
2025-07-18 12:00:00,119175.5,119519.8,119126.2,119428.5,3513.583,119073.28,119584.4,118995.98,121399.81,117955.06,121013.99,117100.836,-69.77675,49.552483,742.6433,119361.39,118870.2,118379.016,119361.39,122083.73,0.6341229,97.78221
2025-07-18 13:00:00,119428.6,119440.4,118500.0,118766.8,10681.695,119099.18,119594.71,119012.195,121463.44,117832.89,121013.94,117101.35,-92.25998,37.964153,762.419,118379.016,118870.2,119361.39,,,,36.488815
2025-07-18 14:00:00,118766.9,119250.0,117230.7,118123.8,23731.701,118946.94,119540.83,119009.75,121661.69,117404.36,121031.19,117065.89,-141.78517,30.008205,888.10706,118379.016,118870.2,119361.39,115656.67,118379.016,0.320689,-63.242355
2025-07-18 15:00:00,118123.9,118255.3,117430.0,117830.0,8606.272,118664.92,119457.375,119003.48,121712.96,116993.64,121067.87,116996.36,-169.7301,26.99275,881.82635,118379.016,118870.2,119361.39,115656.67,118379.016,0.2501081,-164.09564
2025-07-18 16:00:00,117830.1,118053.5,117460.0,117543.5,5742.115,118338.52,119390.46,118982.87,121799.31,116545.62,121123.24,116881.93,-182.5021,24.223457,852.9937,118379.016,118870.2,119361.39,115656.67,118379.016,0.18128093,-264.0964
2025-07-18 17:00:00,117543.5,117983.8,117328.6,117580.0,5653.631,117968.82,119302.42,118954.14,121715.055,116253.76,121168.15,116777.984,-160.13281,25.361607,833.21436,118379.016,118870.2,119361.39,115656.67,118379.016,0.19004948,-336.52325
2025-07-18 18:00:00,117580.0,117716.3,117204.5,117297.9,3325.602,117675.04,119161.62,118928.8,121514.76,116012.64,121225.18,116642.87,-147.66995,22.336527,801.07294,118338.75,118817.5,119296.25,115685.34,118338.75,0.12545598,-411.9366
2025-07-18 19:00:00,117297.9,117866.0,117109.4,117361.6,6226.73,117522.6,119047.03,118903.914,121052.33,116014.12,121275.36,116525.57,-113.1463,24.702574,796.6256,118338.75,118817.5,119296.25,115685.34,118338.75,0.14115646,-461.24527
2025-07-18 20:00:00,117361.7,117532.3,116788.9,117370.1,12361.867,117430.62,118961.01,118882.32,120587.25,116069.42,121298.4,116418.5,-75.84755,25.058006,791.30304,118338.75,118817.5,119296.25,115685.34,118338.75,0.14325151,-493.94296
2025-07-18 21:00:00,117370.0,117860.5,117330.0,117648.3,3642.899,117451.58,118861.6,118864.414,120359.59,116053.04,121310.84,116344.52,-20.003098,36.503014,765.2228,118338.75,118817.5,119296.25,115685.34,118338.75,0.21182096,-491.73923
2025-07-18 22:00:00,117648.3,117957.7,117379.6,117663.0,3831.355,117468.18,118733.836,118840.18,120295.6,115977.84,121270.86,116295.58,17.524042,37.09523,746.5105,118338.75,118817.5,119296.25,115685.34,118338.75,0.21544415,-483.23618
2025-07-18 23:00:00,117662.9,118000.0,117433.6,117896.4,3397.008,117587.88,118630.086,118819.48,120146.71,115985.5,121260.85,116251.26,59.079945,46.36205,728.49945,118338.75,118817.5,119296.25,115685.34,118338.75,0.2729715,-452.44846
2025-07-19 00:00:00,117896.5,118013.7,117682.6,117713.0,2276.545,117658.16,118511.05,118792.03,119829.19,116084.87,121276.56,116199.07,64.68492,40.845844,688.7595,118338.75,118817.5,119296.25,115685.34,118338.75,0.22776791,-437.80112
2025-07-19 01:00:00,117713.1,118094.6,117588.0,118010.0,2386.432,117786.14,118397.82,118773.65,119482.8,116264.766,121280.94,116171.46,89.90907,51.70271,670.5435,118338.75,118817.5,119296.25,115685.34,118338.75,0.30097112,-397.64377
2025-07-19 02:00:00,118010.0,118275.0,117886.4,118176.7,2804.639,117891.82,118282.984,118750.53,118868.266,116700.46,121275.96,116149.06,110.42422,56.884483,642.3492,118338.75,118817.5,119296.25,115685.34,118338.75,0.34205857,-348.35193
2025-07-19 03:00:00,118176.7,118340.7,118088.0,118295.2,2377.129,118018.26,118190.445,118734.62,118620.766,116880.586,121273.74,116158.49,121.735954,60.40738,603.3843,118159.055,118582.3,119005.54,,,,-296.31012
2025-07-19 04:00:00,118295.3,118337.5,118063.4,118104.3,1908.472,118059.84,118130.81,118702.8,118614.625,116883.945,121276.195,116148.125,102.38091,52.36569,570.4559,117832.1,118154.35,118476.59,,,,-267.38837
2025-07-19 05:00:00,118104.3,118264.0,118013.2,118174.0,1418.021,118152.04,118108.75,118683.5,118692.98,116854.734,121274.8,116152.85,90.583534,54.921898,538.49023,117832.1,118154.35,118476.59,,,,-236.12161
2025-07-19 06:00:00,118173.9,118244.1,118034.8,118136.9,1240.916,118177.42,118073.125,118674.78,118752.125,116880.36,121276.74,116137.74,74.638466,53.150677,505.57123,117832.1,118154.35,118476.59,,,,-211.89357
2025-07-19 07:00:00,118136.9,118300.0,118117.5,118135.0,1132.043,118169.08,118020.5,118666.65,118799.12,116912.66,121277.89,116120.0,60.79671,53.04846,473.2641,117832.1,118154.35,118476.59,,,,-190.6483
2025-07-19 08:00:00,118134.9,118239.4,117904.0,118057.2,2259.752,118121.48,117967.25,118652.29,118751.945,117068.3,121280.98,116101.625,43.157505,48.584797,459.4777,117832.1,118154.35,118476.59,,,,-178.03679
2025-07-19 09:00:00,118057.2,118300.0,118033.9,118205.1,1402.679,118141.64,117908.99,118653.9,118715.42,117225.32,121281.66,116097.4,43.081512,56.67081,440.13992,117801.77,118114.65,118427.52,,,,-154.32877
2025-07-19 10:00:00,118205.1,118449.9,118142.2,118410.5,1648.139,118188.94,117892.02,118655.836,118687.78,117401.586,121281.6,116101.33,55.310154,65.46961,426.89594,118309.86,118019.45,117729.04,118309.86,119919.42,0.6588924,-117.6102
2025-07-19 11:00:00,118410.6,118456.0,118120.2,118300.0,2177.481,118221.56,117900.414,118659.57,118676.586,117505.88,121276.95,116087.625,46.754284,58.068573,417.78635,117819.164,117622.45,117425.734,117819.164,118909.45,0.90642434,-96.31661
2025-07-19 12:00:00,118300.0,118301.4,118069.4,118218.1,1819.535,118238.18,117918.9,118655.15,118613.39,117648.38,121277.57,116082.49,31.421844,52.897762,399.2077,117819.164,117622.45,117425.734,117819.164,118909.45,0.8572971,-85.06931
2025-07-19 13:00:00,118218.1,118299.0,118050.0,118167.0,1294.931,118260.14,117948.586,118648.305,118595.89,117704.53,121273.914,116094.07,16.895323,49.677708,384.18695,117819.164,117622.45,117425.734,117819.164,118909.45,0.8266451,-79.36423
2025-07-19 14:00:00,118167.0,118203.0,117615.3,117657.4,5403.868,118150.6,117952.27,118634.34,118624.266,117668.23,121281.36,116078.79,-31.44052,29.081211,404.53824,117425.734,117622.45,117819.164,,,,-114.641846
2025-07-19 15:00:00,117657.4,118221.7,117637.5,118025.6,3057.907,118073.62,117986.92,118629.555,118622.93,117671.79,121284.5,116066.21,-21.118866,47.447655,422.50443,117819.164,117622.45,117425.734,117819.164,118909.45,0.74182713,-111.60247
2025-07-19 16:00:00,118025.6,118149.8,117825.1,117958.1,2310.593,118005.24,118015.33,118623.2,118626.18,117637.305,121283.99,116034.92,-18.599049,44.957466,412.72397,117819.164,117622.45,117425.734,117819.164,118909.45,0.70133764,-113.333984
2025-07-19 17:00:00,117958.1,117971.3,117703.2,117786.5,1884.015,117918.92,118035.16,118605.84,118631.5,117559.31,121283.55,115991.83,-27.965445,38.901974,398.26157,117708.16,117850.95,117993.74,,,,-127.08791
2025-07-19 18:00:00,117786.4,118018.1,117728.6,117841.2,1428.275,117853.76,118044.34,118597.09,118644.04,117509.19,121288.234,115958.78,-23.887543,41.816475,387.38544,117708.16,117850.95,117993.74,,,,-132.05196
2025-07-19 19:00:00,117841.1,118124.9,117562.1,117978.3,2678.028,117917.94,118059.36,118597.266,118628.76,117496.516,121262.22,115933.71,-7.4380617,48.93885,404.92688,117837.27,118019.95,118202.625,,,,-123.49955
2025-07-19 20:00:00,117978.4,118125.7,117666.8,117682.3,1373.134,117849.28,118049.164,118594.21,118656.79,117403.55,121218.016,115901.91,-20.88484,37.40538,410.3242,117837.27,118019.95,118202.625,116824.82,117837.27,0.28189394,-139.00407
2025-07-19 21:00:00,117682.3,117809.0,117245.9,117666.1,5592.54,117790.88,118046.93,118583.58,118670.516,117322.83,121211.086,115857.53,-24.649286,36.850853,425.60178,117861.19,118051.25,118241.31,116807.79,117861.19,0.26088035,-150.85971
2025-07-19 22:00:00,117666.0,117825.4,117491.3,117758.1,1675.75,117785.2,118034.93,118565.81,118669.03,117281.586,121169.97,115831.82,-14.852605,42.49875,416.4516,117861.19,118051.25,118241.31,116807.79,117861.19,0.31799838,-151.09009
2025-07-19 23:00:00,117758.1,117915.8,117704.2,117814.4,980.369,117779.84,118017.68,118546.875,118625.125,117269.67,121036.94,115867.234,-2.5780315,45.950043,395.96643,117861.19,118051.25,118241.31,116807.79,117861.19,0.35295212,-145.05759
2025-07-20 00:00:00,117814.3,117974.5,117618.0,117912.5,1340.779,117766.68,117999.46,118535.484,118482.195,117341.46,120951.98,115877.984,12.689867,51.827763,392.0198,117861.19,118051.25,118241.31,,,,-130.85255
2025-07-20 01:00:00,117912.5,118119.6,117855.5,117908.8,1947.937,117811.98,117990.15,118511.44,118365.09,117402.68,120915.195,115864.055,19.524195,51.58094,379.2278,117861.19,118051.25,118241.31,,,,-118.527214
2025-07-20 02:00:00,117908.9,117990.0,117741.4,117957.8,1316.441,117870.32,117979.85,118482.42,118274.09,117456.49,120824.72,115883.41,25.60346,54.89945,366.16504,117861.19,118051.25,118241.31,,,,-103.61104
2025-07-20 03:00:00,117957.8,118158.7,117714.2,117934.1,2982.063,117905.52,117970.195,118464.305,118187.484,117509.836,120644.47,115967.18,24.753147,52.855293,373.99854,117906.76,117613.35,117319.945,117906.76,119532.93,0.6289966,-92.634415
2025-07-20 04:00:00,117934.2,118099.8,117856.7,117917.8,1362.972,117926.2,117959.85,118437.32,118173.11,117561.41,120492.03,116033.32,21.171383,51.321964,360.90866,117906.76,117613.35,117319.945,117906.76,119532.93,0.6224412,-84.27913
2025-07-20 05:00:00,117917.9,117951.7,117769.0,117822.7,1110.499,117908.24,117948.69,118393.89,118132.84,117572.69,120304.16,116125.586,10.431989,42.858902,343.0878,117319.945,117613.35,117906.76,,,,-84.35883
2025-07-20 06:00:00,117822.7,117859.9,117736.3,117797.2,819.781,117885.92,117929.266,118358.7,118110.945,117571.6,120061.65,116264.48,2.973529,40.756443,321.13904,117319.945,117613.35,117906.76,,,,-85.49412
2025-07-20 07:00:00,117797.3,118214.0,117797.2,117984.3,2455.947,117891.22,117908.97,118337.414,118140.41,117570.39,119733.414,116488.55,14.463366,58.276833,330.70514,117906.76,117613.35,117319.945,117906.76,119532.93,0.6491856,-70.48394
2025-07-20 08:00:00,117984.3,118235.0,117984.3,118136.5,2519.383,117931.7,117901.18,118308.85,118227.695,117525.29,119441.07,116696.81,30.566166,67.42073,322.70462,117906.76,117613.35,117319.945,117906.76,119532.93,0.7103961,-45.77928
2025-07-20 09:00:00,118136.4,118261.6,117853.0,117891.5,2513.496,117926.44,117885.625,118265.02,118212.56,117528.02,119309.09,116770.18,15.716634,47.762657,331.29416,117906.76,117613.35,117319.945,117613.35,117906.76,0.6118641,-45.44624
2025-07-20 10:00:00,117891.5,117986.2,117849.8,117880.0,1566.394,117937.9,117871.96,118225.82,118192.766,117576.06,119271.8,116777.19,6.328017,47.012012,311.80475,117906.76,117613.35,117319.945,117613.35,117906.76,0.60723907,-45.584778
2025-07-20 11:00:00,117879.9,118075.5,117801.0,117869.2,2530.122,117952.3,117882.05,118183.97,118155.54,117642.305,119202.53,116805.83,0.57624894,46.216194,308.07425,117469.0,117808.45,118147.9,,,,-46.035378
2025-07-20 12:00:00,117869.2,118157.8,117701.1,118055.4,4160.222,117966.52,117883.47,118142.32,118174.89,117665.42,119068.5,116892.47,12.540603,59.87757,322.93683,117649.99,118045.35,118440.71,,,,-31.01023
2025-07-20 13:00:00,118055.5,118383.0,118053.2,118378.7,2721.512,118014.96,117903.49,118102.87,118369.36,117551.57,118952.21,116976.88,41.91707,73.50843,323.62314,117649.99,118045.35,118440.71,,,,6.905318
2025-07-20 14:00:00,118378.7,118794.0,118251.2,118433.0,7345.781,118123.26,117934.28,118070.625,118530.73,117464.555,118756.89,117132.38,54.634327,75.161896,345.54083,118440.71,118045.35,117649.99,118045.35,118440.71,0.6156992,40.864162
2025-07-20 15:00:00,118433.0,118764.2,118329.9,118669.3,2925.491,118281.12,117973.71,118058.35,118771.24,117332.69,118739.695,117145.68,71.90039,81.13871,354.41675,118440.71,118045.35,117649.99,118440.71,120631.94,0.68622595,85.854546
2025-07-20 16:00:00,118669.4,118856.6,118450.0,118543.8,3846.844,118416.04,118000.64,118056.68,118892.78,117294.86,118780.555,117121.62,60.486237,70.61065,359.63507,118440.71,118045.35,117649.99,118440.71,120631.94,0.64876884,110.11363
2025-07-20 17:00:00,118543.7,118543.8,117912.8,118003.4,5057.935,118405.64,118015.93,118040.94,118891.29,117306.26,118782.8,117126.31,4.278735,42.746758,386.77158,117649.99,118045.35,118440.71,,,,84.75634
2025-07-20 18:00:00,118003.4,118421.0,118003.4,118329.1,2996.497,118395.72,118047.51,118024.67,118923.664,117332.63,118794.48,117146.06,1.3626939,55.182426,389.8544,117649.99,118045.35,118440.71,,,,89.90541
2025-07-20 19:00:00,118329.2,118549.4,118130.9,118131.2,1740.249,118335.36,118065.27,118006.02,118908.33,117392.05,118792.336,117170.24,-17.325514,47.819523,392.71896,117649.99,118045.35,118440.71,,,,77.12811
2025-07-20 20:00:00,118131.2,118245.3,117822.4,118062.4,3302.612,118213.98,118077.08,117981.625,118879.086,117459.164,118758.88,117234.28,-30.943897,45.36451,395.73706,117649.99,118045.35,118440.71,,,,60.750145
2025-07-20 21:00:00,118062.4,118139.2,117800.0,117982.9,2752.05,118101.8,118080.43,117967.625,118879.2,117458.85,118726.21,117291.805,-41.210438,42.42803,390.08337,117649.99,118045.35,118440.71,,,,40.884212
2025-07-20 22:00:00,117982.8,118029.9,116370.1,117438.6,19330.607,117988.84,118058.04,117955.39,119009.734,117228.625,118718.125,117302.63,-84.64155,27.967535,517.05505,117649.99,118045.35,118440.71,115458.766,117649.99,0.31890762,-18.566124
2025-07-20 23:00:00,117438.5,117529.9,116907.3,117216.0,3734.967,117766.22,118022.72,117944.43,119174.27,116967.586,118764.3,117239.164,-112.635506,24.05569,527.6095,117649.99,118045.35,118440.71,115458.766,117649.99,0.25246978,-82.689705
2025-07-21 00:00:00,117216.1,117333.1,116454.1,117323.6,6843.109,117604.7,117993.65,117940.5,119258.96,116803.414,118793.195,117196.695,-103.56859,29.60813,562.7486,117649.99,118045.35,118440.71,115458.766,117649.99,0.2845844,-123.403175
2025-07-21 01:00:00,117323.6,117410.9,116732.5,117262.9,3644.1,117444.8,117962.46,117934.836,119336.74,116639.016,118831.61,117132.94,-90.68346,28.24884,574.3137,117649.99,118045.35,118440.71,,,,-158.73705
2025-07-21 02:00:00,117262.8,118175.4,117262.8,118156.0,5854.834,117479.42,117978.336,117950.164,119348.86,116641.27,118836.04,117146.234,-2.4564922,59.872078,608.14233,117649.99,118045.35,118440.71,,,,-113.366875
2025-07-21 03:00:00,118156.0,118585.0,118096.6,118374.8,5314.686,117666.66,118005.836,117968.26,119347.945,116641.63,118857.086,117139.78,57.8476,64.3615,596.1681,117649.99,118045.35,118440.71,,,,-59.07438
2025-07-21 04:00:00,118374.8,118617.9,118232.9,118306.7,2937.977,117884.8,118021.19,117984.98,119318.2,116653.32,118865.61,117136.445,75.322685,61.848907,575.0513,117649.99,118045.35,118440.71,,,,-21.29679
2025-07-21 05:00:00,118306.7,118398.2,118144.0,118397.9,2253.293,118099.66,118033.64,117998.37,119231.22,116701.54,118874.29,117131.875,82.71765,64.04214,542.9662,117649.99,118045.35,118440.71,,,,15.81895
2025-07-21 06:00:00,118397.8,119246.8,118250.4,119158.6,8419.092,118478.8,118093.98,118025.07,119498.71,116521.875,119009.375,117038.97,136.12892,76.94162,588.3096,117649.99,118045.35,118440.71,,,,105.40058
2025-07-21 07:00:00,119158.5,119720.6,119140.0,119352.2,8184.407,118718.04,118164.08,118051.07,119891.21,116322.06,119165.31,116930.16,159.3622,79.161285,587.5386,117649.99,118045.35,118440.71,,,,189.82835
2025-07-21 08:00:00,119352.3,119496.2,118752.3,118990.2,6867.681,118841.12,118217.46,118073.875,120048.8,116258.914,119243.62,116885.98,121.3132,65.42281,603.17474,117649.99,118045.35,118440.71,,,,224.93468
2025-07-21 09:00:00,118990.3,119080.8,118511.8,118680.1,3829.631,118915.8,118247.21,118085.84,120126.63,116259.49,119279.59,116871.81,62.384094,55.752705,599.75726,117649.99,118045.35,118440.71,,,,225.13896
2025-07-21 10:00:00,118680.0,118800.4,118313.6,118553.9,4056.745,118947.0,118255.555,118092.58,120176.07,116280.27,119304.51,116866.766,14.512967,52.096622,588.46155,117649.99,118045.35,118440.71,,,,212.66609
2025-07-21 11:00:00,118553.9,118775.1,118035.0,118045.0,4324.144,118724.28,118237.08,118088.11,120176.5,116288.71,119300.43,116864.44,-52.582302,39.81368,603.62537,117649.99,118045.35,118440.71,,,,159.87433
2025-07-21 12:00:00,118044.9,118567.3,117726.7,118140.3,9945.474,118481.9,118211.88,118088.75,120125.95,116439.5,119287.95,116866.11,-73.22786,42.762062,627.3229,117649.99,118045.35,118440.71,,,,124.293625
2025-07-21 13:00:00,118140.3,119075.0,117850.5,118805.9,9796.164,118445.04,118224.37,118100.04,120067.02,116725.56,119329.62,116844.68,-24.870155,59.09139,687.0406,117649.99,118045.35,118440.71,,,,148.09685
2025-07-21 14:00:00,118805.8,119200.0,118389.0,118794.3,7527.749,118467.88,118262.03,118111.77,119959.43,117043.26,119371.9,116825.445,-2.7643118,58.750595,699.4365,117649.99,118045.35,118440.71,,,,164.13303
2025-07-21 15:00:00,118794.4,119111.8,118209.5,118304.1,6129.504,118417.92,118260.836,118114.8,119677.45,117473.98,119377.01,116825.82,-32.719357,45.744083,719.72284,117649.99,118045.35,118440.71,,,,135.72224
2025-07-21 16:00:00,118304.2,118381.0,117437.9,117726.7,11503.186,118354.26,118241.58,118108.9,119778.82,117311.28,119374.766,116830.836,-89.86799,35.073692,742.06055,117649.99,118045.35,118440.71,,,,65.855995
2025-07-21 17:00:00,117726.3,118080.3,117283.0,117815.3,6756.533,118289.26,118229.81,118101.94,119847.234,117162.94,119375.39,116821.8,-100.31815,37.676266,747.58453,117649.99,118045.35,118440.71,,,,17.434795
2025-07-21 18:00:00,117815.2,118197.0,117033.0,117116.3,6712.745,117951.34,118188.54,118078.82,120104.94,116735.18,119416.47,116747.05,-148.51,27.521938,789.2261,117649.99,118045.35,118440.71,,,,-76.46142
2025-07-21 19:00:00,117116.4,117485.7,116600.0,116724.7,8632.123,117537.42,118154.55,118050.695,120395.8,116205.29,119496.766,116624.27,-183.44836,23.39992,798.8735,117649.99,118045.35,118440.71,,,,-180.39421
2025-07-21 20:00:00,116724.7,117227.1,116566.9,116889.7,4874.757,117254.54,118139.01,118026.97,120353.07,115923.89,119549.71,116533.266,-163.3216,28.652782,785.0061,117649.99,118045.35,118440.71,,,,-246.60487
2025-07-21 21:00:00,116889.6,117338.7,116824.4,117171.7,2186.201,117143.54,118131.77,118009.195,120079.15,115886.31,119572.9,116477.82,-109.60576,37.234943,757.9355,117649.99,118045.35,118440.71,,,,-273.17328
2025-07-21 22:00:00,117171.8,117596.6,117061.0,117307.6,2997.316,117042.0,118133.91,118002.95,119850.81,115874.27,119585.984,116449.75,-57.126434,41.21083,735.70197,117649.99,118045.35,118440.71,,,,-280.03488
2025-07-21 23:00:00,117307.7,117471.0,117062.6,117330.2,2294.397,117084.78,118094.58,117990.53,119677.75,115854.49,119597.13,116425.164,-19.747591,41.92458,702.97174,117649.99,118045.35,118440.71,,,,-280.41666
2025-07-22 00:00:00,117330.2,117475.1,116968.2,117073.1,3217.248,117154.46,118032.59,117974.73,119526.375,115794.33,119624.21,116370.69,-15.40121,36.10658,683.36456,117649.99,118045.35,118440.71,,,,-298.0295
2025-07-22 01:00:00,117073.2,117947.1,115865.0,117700.0,17120.201,117316.52,118003.7,117973.19,119477.49,115793.92,119624.66,116365.664,42.159782,54.190826,823.2381,117649.99,118045.35,118440.71,,,,-258.4233
2025-07-22 02:00:00,117700.1,117777.9,116914.4,116980.0,4952.129,117278.18,117936.19,117957.805,119407.05,115698.62,119655.414,116297.6,12.326583,39.290073,827.2643,117649.99,118045.35,118440.71,,,,-281.88373
2025-07-22 03:00:00,116980.0,117250.3,116643.0,117177.0,5821.568,117252.06,117841.82,117943.5,119017.336,115855.62,119670.695,116253.05,16.842052,44.188812,805.2679,117649.99,118045.35,118440.71,,,,-281.3369
2025-07-22 04:00:00,117176.9,117325.0,116487.0,116500.0,4763.47,117086.02,117706.01,117922.38,118584.13,115961.06,119738.36,116127.08,-31.514433,33.387478,808.5411,117649.99,118045.35,118440.71,,,,-331.7081
2025-07-22 05:00:00,116500.1,117318.0,116484.2,117289.3,5448.567,117129.26,117625.01,117915.66,118229.83,116170.41,119743.62,116096.02,15.832633,50.008606,811.06696,117649.99,118045.35,118440.71,,,,-304.42847
2025-07-22 06:00:00,117289.5,117799.9,117222.6,117799.7,4793.463,117149.2,117583.086,117916.4,118257.836,116152.82,119741.89,116093.03,80.17247,57.928326,787.6903,117649.99,118045.35,118440.71,,,,-238.87056
2025-07-22 07:00:00,117799.7,118554.9,117720.8,117959.5,10627.959,117345.1,117554.78,117918.99,118320.64,116110.62,119744.29,116096.1,116.9084,60.229694,792.33124,117649.99,118045.35,118440.71,,,,-172.0378
2025-07-22 08:00:00,117959.5,118330.6,117441.5,118257.9,7020.282,117561.28,117564.92,117925.16,118635.67,115958.67,119757.71,116101.11,146.4367,64.464455,802.0081,117649.99,118045.35,118440.71,,,,-93.91141
2025-07-22 09:00:00,118257.9,118638.0,117837.7,118356.3,5655.649,117932.54,117575.2,117933.15,118877.25,115950.18,119772.98,116100.73,152.43115,65.86288,801.83734,117649.99,118045.35,118440.71,,,,-23.78149
2025-07-22 10:00:00,118356.3,118945.8,118251.5,118945.6,7124.057,118263.8,117581.86,117950.79,119340.72,115780.41,119831.34,116074.72,183.89452,73.224884,791.08356,117649.99,118045.35,118440.71,,,,78.444305
2025-07-22 11:00:00,118945.6,119199.9,118766.0,119142.2,7098.797,118532.3,117598.42,117972.36,119792.164,115610.46,119915.08,116041.016,191.44019,75.29831,755.36523,117649.99,118045.35,118440.71,,,,173.32498
2025-07-22 12:00:00,119142.2,119422.6,119019.2,119280.6,6802.521,118796.52,117644.92,117996.695,120201.79,115482.695,120010.99,116001.125,180.97629,76.7754,720.1687,117649.99,118045.35,118440.71,,,,256.72693
2025-07-22 13:00:00,119280.6,119582.3,117996.1,118135.1,19999.848,118771.96,117664.375,118002.27,120231.74,115567.73,120016.17,116006.58,61.860622,48.67178,806.77185,117649.99,118045.35,118440.71,,,,227.76576
2025-07-22 14:00:00,118135.1,119113.7,117522.0,119043.8,17342.947,118909.46,117722.875,118024.54,120415.42,115665.58,120077.81,115984.47,65.958176,61.66033,885.26465,117649.99,118045.35,118440.71,,,,274.96866
2025-07-22 15:00:00,119043.9,119175.0,118670.0,118899.8,7551.114,118900.3,117807.8,118040.88,120563.766,115688.63,120113.02,115970.11,44.143566,58.904568,847.23816,117649.99,118045.35,118440.71,,,,297.33026
2025-07-22 16:00:00,118899.8,119249.0,118723.7,119140.0,1813.168,118899.86,117922.81,118058.805,120643.21,115917.766,120167.68,115943.734,42.47166,62.19284,815.0444,117649.99,118045.35,118440.71,,,,330.6229
