open_time,开盘价,最高价,最低价,收盘价,成交量,成交额,成交笔数,主动买入量,主动买入额,MA20,MA50,MACD,MACD_Signal,MACD_Hist,RSI,RSI_Secondary,RSI_Long,BB_Upper,BB_Middle,BB_Lower,BB_Long_Upper,BB_Long_Middle,BB_Long_Lower,Stoch_SlowK,Stoch_SlowD,OBV,ATR,ATR_Long,ATR_Ratio,ADX,Fib_Ret_0.382,Fib_Ret_0.500,Fib_Ret_0.618,Fib_Ret_0.236,Fib_Ret_0.786,Fib_Ret_0.000,Fib_Ret_1.000,Fib_Ext_1.272,Fib_Ext_1.414,Fib_Trend,Fib_High,Fib_Low,Fib_Signal,Fib_Support_Level,Fib_Resistance_Level,Fib_Price_Position,MA3,MA5,MA35,Volume_MA20,Volume_Ratio,MA_Fast_Signal,MACD_Zero_Cross,BB_Breakout_Strength,Fib_Key_Zone
2025-07-20 12:15:00,117883.4,118025.8,117788.2,117810.1,1165.307,137395920.0,20193.0,488.62,57615292.0,,,,,,,,,,,,,,,,,1165.307,,,,,,,,,,,,,,neutral,,,neutral,,,,,,,,,中性,,,
2025-07-20 12:30:00,117810.0,117892.3,117769.3,117840.8,927.034,109231944.0,18034.0,571.909,67388530.0,,,,,,,,,,,,,,,,,2092.341,,,,,,,,,,,,,,neutral,,,neutral,,,,,,,,,中性,,,
2025-07-20 12:45:00,117840.8,118157.8,117800.0,118055.4,972.733,114774280.0,19532.0,589.344,69536184.0,,,,,,,,,,,,,,,,,3065.074,,,,,,,,,,,,,,neutral,,,neutral,,,,117902.1,,,,,中性,,,
2025-07-20 13:00:00,118055.5,118180.8,118055.4,118098.4,785.187,92742710.0,17237.0,432.806,51119410.0,,,,,,,,,,,,,,,,,3850.261,,,,,,,,,,,,,,neutral,,,neutral,,,,117998.2,,,,,中性,,,
2025-07-20 13:15:00,118098.4,118140.0,118053.2,118093.2,502.702,59361256.0,11530.0,179.66,21215530.0,117979.58,,,,,,,,,,,,,,,,3347.559,,,,,,,,,,,,,,neutral,,,neutral,,,,118082.336,117979.58,,,,快速金叉,,,
2025-07-20 13:30:00,118093.2,118133.0,118055.1,118098.9,461.484,54495450.0,36852.0,228.526,26985098.0,118037.34,,,,,,,,,,,,,,,,3809.043,,,,,,,,,,,,,,neutral,,,neutral,,,,118096.836,118037.34,,,,快速金叉,,,
2025-07-20 13:45:00,118098.8,118383.0,118085.6,118378.7,972.139,114958820.0,21451.0,669.485,79173176.0,118144.92,,,,,,,,,,,,,,,,4781.182,,,,,,,,,,,,,,neutral,,,neutral,,,,118190.266,118144.92,,,,快速金叉,,,
2025-07-20 14:00:00,118378.7,118750.0,118251.2,118530.4,4148.907,491723700.0,71529.0,2588.311,306785860.0,118239.92,,,,,99.28835,,,,,,,,,,,8930.089,,,,,,,,,,,,,,neutral,,,neutral,,,,118336.0,118239.92,,,,快速金叉,,,
2025-07-20 14:15:00,118530.4,118794.0,118430.7,118627.4,1625.784,192874260.0,33320.0,952.363,112982750.0,118345.72,,,,,99.38379,,,,,,,,,,,10555.873,241.3,,,,,,,,,,,,,neutral,,,neutral,,,,118512.164,118345.72,,,,快速金叉,,,
2025-07-20 14:30:00,118627.3,118780.6,118502.9,118563.9,789.655,93659100.0,19940.0,400.915,47552456.0,118439.86,,,,,90.1504,,,,,,,,,,,9766.218,245.85,,,,,,,,,,,,,neutral,,,neutral,,,,118573.9,118439.86,,,,快速金叉,,,
2025-07-20 14:45:00,118564.0,118591.4,118355.0,118433.0,781.435,92577310.0,18531.0,214.95,25462610.0,118506.68,,,,,73.68608,,,,,,,,,67.81577,77.042244,8984.783,244.66875,,,,,,,,,,,,,neutral,,,neutral,,,,118541.43,118506.68,,,,快速金叉,,,
2025-07-20 15:00:00,118433.0,118640.0,118329.9,118640.0,718.925,85142230.0,18484.0,357.886,42390044.0,118558.94,,,,,80.31781,,,119039.13,118264.18,117489.234,,,,66.45536,70.28885,9703.708,252.84766,,,,,,,,,,,,,neutral,,,neutral,,,,118545.63,118558.94,,,,快速死叉,,,
2025-07-20 15:15:00,118640.0,118696.4,118500.0,118696.4,516.948,61304504.0,15604.0,281.986,33441434.0,118592.14,,,,,81.77764,,,119078.99,118338.04,117597.09,,,,72.21653,68.82922,10220.656,245.7917,,,,,,,,,,,,,neutral,,,neutral,,,,118589.8,118592.14,,,,快速死叉,,,
2025-07-20 15:30:00,118696.4,118758.6,118547.0,118574.5,742.813,88141110.0,17632.0,384.559,45632908.0,118581.56,,,,,68.89294,,,119035.984,118399.18,117762.38,,,,74.980736,71.217545,9477.843,241.51773,,,,,,,,,,,,,neutral,,,neutral,,,,118636.97,118581.56,,,,快速金叉,,,
2025-07-20 15:45:00,118574.5,118764.2,118553.6,118669.3,946.805,112370060.0,18040.0,501.756,59546090.0,118602.64,,,,,72.78359,78.59805,,119049.48,118450.34,117851.2,,,,72.971596,73.38962,10424.648,237.65302,,,,,,,,,,,,,neutral,,,neutral,,,,118646.734,118602.64,,,,快速金叉,,,
2025-07-20 16:00:00,118669.4,118856.6,118522.3,118601.2,1660.407,197133950.0,32033.0,840.041,99744030.0,118636.28,,,,,65.87817,74.93946,,119025.85,118492.24,117958.625,,,,61.400574,69.7843,8764.241,249.73389,,,73.59178,,,,,,,,,,neutral,,,neutral,,,,118615.0,118636.28,,,,快速死叉,,,
2025-07-20 16:15:00,118601.1,118651.6,118450.0,118645.2,917.547,108759784.0,21549.0,410.518,48660080.0,118637.32,,,,,68.15559,75.72567,,118970.44,118538.24,118106.04,,,,61.501163,65.291115,9681.788,243.71716,,,71.01848,,,,,,,,,,neutral,,,neutral,,,,118638.57,118637.32,,,,快速金叉,,,
2025-07-20 16:30:00,118645.1,118818.0,118596.0,118724.3,753.69,89458504.0,20097.0,400.143,47494736.0,118642.9,,,,,72.065926,77.115616,,118856.375,118590.36,118324.34,,,,62.08468,61.66214,10435.478,241.00252,,,70.150536,,,,,,,,,,neutral,,,neutral,,,,118656.9,118642.9,,,,快速金叉,,,
2025-07-20 16:45:00,118724.3,118730.3,118491.4,118543.8,515.2,61104204.0,14353.0,271.869,32246162.0,118636.76,,,,,54.31106,67.60297,,118812.65,118604.12,118395.586,,,,52.604664,58.730167,9920.278,240.7397,,,66.42278,,,,,,,,,,neutral,,,neutral,,,,118637.766,118636.76,,,,快速金叉,,,
2025-07-20 17:00:00,118543.7,118543.8,118156.7,118320.4,2361.164,279292580.0,42390.0,928.256,109793830.0,118566.98,,,,,40.059906,58.057293,,118881.33,118586.62,118291.91,,,,40.446583,51.711975,7559.114,259.03473,,,59.149673,,,,,,,,,,neutral,,,neutral,,,,118529.5,118566.98,,1113.2933,2.1208823,快速死叉,,,
2025-07-20 17:15:00,118320.5,118430.0,118222.9,118320.3,522.344,61813204.0,14060.0,234.224,27718416.0,118510.8,118393.6,,,,40.054417,58.053345,,118913.38,118561.02,118208.67,,,,23.277727,38.776325,7036.77,252.5429,,,52.7857,,,,,,,,,,neutral,,,neutral,,,,118394.836,118510.8,,1081.1451,0.48313957,快速死叉,,,
2025-07-20 17:30:00,118320.4,118431.6,118030.5,118209.7,775.015,91611920.0,20641.0,322.222,38092220.0,118423.7,118412.625,57.50966,145.34567,-87.83601,34.036896,53.699963,59.048912,118970.58,118531.51,118092.44,,,,22.818705,28.847672,6261.755,271.11252,255.49048,1.0611453,49.583027,,,,,,,,,,neutral,,,neutral,,,,118283.47,118423.7,,1073.5442,0.72192186,快速死叉,,,
2025-07-20 17:45:00,118209.6,118209.7,117912.8,118003.4,1399.412,165197330.0,29828.0,532.184,62829100.0,118279.52,118420.375,1.5761523,97.4225,-95.84635,25.65081,46.66982,53.773487,119084.76,118495.71,117906.664,,,,18.358631,21.485022,4862.343,274.33597,257.46237,1.0655382,47.9281,,,,,,,,,,neutral,,,neutral,,,,118177.8,118279.52,,1094.8782,1.278144,快速死叉,,,
2025-07-20 18:00:00,118003.4,118208.9,118003.4,118178.4,807.47,95387080.0,17818.0,406.337,47999436.0,118206.44,118426.23,-16.917368,59.30921,-76.22658,40.22581,52.36655,57.1808,119077.484,118457.24,117836.99,,,,20.34757,20.508303,5669.813,265.73148,254.98796,1.0421335,46.480038,,,,,,,,,,neutral,,,neutral,,,,118130.5,118206.44,,1095.9923,0.73674786,快速死叉,零轴下穿,,
2025-07-20 18:15:00,118178.3,118205.0,118056.7,118181.0,495.534,58543244.0,12972.0,222.629,26303114.0,118178.56,118430.164,-29.087307,29.843706,-58.93101,40.428234,52.447823,57.22998,119033.055,118414.29,117795.53,,,,24.052586,20.919596,6165.347,251.05254,249.90758,1.0045816,45.212982,,,,,,,,,,neutral,,,neutral,,,,118120.93,118178.56,,1095.6339,0.45228064,快速死叉,,,
2025-07-20 18:30:00,118180.9,118235.1,118068.7,118210.0,696.644,82320670.0,15563.0,260.531,30788330.0,118156.5,118435.73,-33.484226,8.734395,-42.21862,42.942577,53.402817,57.797653,119005.125,118383.914,117762.7,,,,36.416256,26.938803,6861.991,240.47096,245.93103,0.9777984,43.322018,,,,,,,,,,neutral,,,neutral,,,,118189.8,118156.5,,1107.3918,0.6290853,快速金叉,,,
2025-07-20 18:45:00,118210.0,118421.0,118209.9,118329.1,996.849,117961820.0,19060.0,417.47,49397960.0,118180.38,118446.69,-21.83099,-1.4540669,-20.376925,52.540333,57.2041,60.082336,118932.1,118355.57,117779.03,,,,53.38335,37.95073,7858.84,236.79959,244.27242,0.96940786,38.125195,,,,,,,,,,neutral,,,neutral,,,,118240.03,118180.38,,1108.6274,0.89917403,快速金叉,,,
2025-07-20 19:00:00,118329.2,118538.4,118329.1,118494.0,643.46,76207130.0,15792.0,389.451,46124280.0,118278.5,118452.18,6.0757875,1.0558846,5.0199027,62.680573,61.845127,62.994736,118900.53,118346.63,117792.734,,,,73.41518,54.404926,8502.3,233.36215,242.60706,0.9618935,35.421486,,,,,,,,,,neutral,,,neutral,,,,118344.37,118278.5,,933.35504,0.6894054,快速金叉,零轴上穿,,
2025-07-20 19:15:00,118494.1,118549.4,118405.7,118526.8,402.137,47645436.0,11188.0,202.621,24006990.0,118348.18,118452.01,29.190428,10.434066,18.756361,64.44353,62.711346,63.55016,118857.98,118336.766,117815.56,,,,89.86519,72.22124,8904.437,222.15437,237.8972,0.93382514,33.22086,,,,,,,,,,neutral,,,neutral,,,,118449.97,118348.18,,872.1727,0.46107498,快速金叉,,,
2025-07-20 19:30:00,118526.7,118526.8,118328.8,118328.8,348.521,41275348.0,8274.0,86.611,10258019.0,118377.74,118437.79,21.435343,14.101158,7.3341846,48.355827,54.646194,58.02951,118719.19,118303.805,117888.43,119045.49,118357.56,117669.63,82.98326,82.087875,8555.916,219.13509,235.99733,0.928549,29.642834,,,,,,,,,,neutral,,,neutral,,,,118449.87,118377.74,,850.116,0.40996876,快速金叉,,,
2025-07-20 19:45:00,118328.8,118363.0,118130.9,118131.2,346.131,40932764.0,9298.0,107.071,12662395.0,118361.98,118417.18,-7.5739937,6.876107,-14.450101,37.466007,48.010193,53.187824,118652.875,118269.42,117885.98,119010.164,118368.266,117726.37,57.05591,76.63479,8209.785,220.75569,235.81174,0.9361523,28.607069,117906.76,117613.35,117319.945,118269.79,116902.21,118856.6,116370.1,119532.93,119886.01,uptrend,118856.6,116370.1,fib_golden_zone_缩量,117906.76,119532.93,0.70826465,118328.93,118361.98,,828.3508,0.41785556,快速死叉,零轴下穿,,
2025-07-20 20:00:00,118131.2,118157.9,117822.4,118031.8,2155.023,254201000.0,35787.0,865.96,102147940.0,118302.52,118398.08,-39.21034,-8.486041,-30.724298,33.092342,45.04677,50.942806,118664.35,118245.375,117826.4,118984.25,118374.63,117765.01,34.507046,58.18207,6054.762,235.09874,240.5588,0.97730255,30.714243,117882.9,117594.05,117305.195,118240.3,116893.95,118818.0,116370.1,119483.83,119831.43,uptrend,118818.0,116370.1,fib_golden_zone_带量,117882.9,119483.83,0.67882675,118163.93,118302.52,,900.1557,2.3940558,快速死叉,,,
2025-07-20 20:15:00,118031.8,118198.3,117968.2,118057.5,541.597,63952180.0,15487.0,298.129,35203716.0,118215.22,118370.336,-57.303226,-24.758436,-32.54479,35.368214,45.975273,51.49858,118659.45,118223.48,117787.5,118984.055,118374.7,117765.34,25.420815,38.994587,6596.359,234.47389,240.06076,0.97672725,31.760397,117882.9,117594.05,117305.195,118240.3,116893.95,118818.0,116370.1,119483.83,119831.43,uptrend,118818.0,116370.1,fib_golden_zone_缩量,117882.9,119483.83,0.6893256,118073.5,118215.22,,901.3881,0.6008477,快速死叉,,,
2025-07-20 20:30:00,118057.5,118153.8,118040.0,118153.8,295.461,34895356.0,9721.0,157.682,18622138.0,118140.62,118344.5,-57.2906,-35.60249,-21.688108,43.73486,49.423664,53.56821,118657.85,118218.82,117779.78,118980.37,118376.55,117772.73,35.575424,31.834427,6891.82,219.38966,234.04834,0.937369,32.67578,117828.7,117550.2,117271.695,118173.29,116875.18,118730.3,116370.1,119372.27,119707.42,uptrend,118730.3,116370.1,fib_golden_zone_缩量,117828.7,119372.27,0.75574106,118081.03,118140.62,,879.02057,0.33612525,快速死叉,,,强势区
2025-07-20 20:45:00,118153.8,118245.3,118057.7,118062.4,310.531,36694916.0,9251.0,158.25,18700746.0,118087.34,118320.12,-66.63174,-45.94557,-20.686165,38.25179,46.396645,51.383125,118647.11,118223.734,117800.36,118983.02,118375.52,117768.016,36.97845,32.65823,6581.289,215.41595,231.83652,0.92917174,31.479856,117716.91,117459.75,117202.59,118035.086,116836.47,118549.4,116370.1,119142.17,119451.63,uptrend,118549.4,116370.1,fib_golden_zone_缩量,117716.91,119142.17,0.7765337,118091.234,118087.34,118318.96,847.20685,0.36653504,快速金叉,,,强势区
2025-07-20 21:00:00,118062.4,118062.5,117800.0,117994.4,1253.766,147817380.0,26569.0,349.414,41194384.0,118059.98,118287.98,-79.52688,-57.13934,-22.387535,34.497772,44.2264,49.796368,118664.73,118208.4,117752.07,118993.06,118372.04,117751.01,35.114788,35.889553,5327.523,221.30145,233.29669,0.9485838,33.027695,117716.91,117459.75,117202.59,118035.086,116836.47,118549.4,116370.1,119142.17,119451.63,uptrend,118549.4,116370.1,fib_golden_zone_带量,117716.91,119142.17,0.74533105,118070.2,118059.98,118324.23,826.8748,1.5162706,快速金叉,,,
2025-07-20 21:15:00,117994.4,118097.7,117801.8,118065.9,816.607,96325416.0,14514.0,537.25,63376030.0,118066.8,118262.484,-78.27784,-64.18551,-14.09233,41.5362,47.03195,51.451572,118667.26,118198.805,117730.36,119000.08,118361.61,117723.14,35.662964,35.918736,6144.13,230.62627,236.2778,0.976081,33.654976,117716.91,117459.75,117202.59,118035.086,116836.47,118549.4,116370.1,119142.17,119451.63,uptrend,118549.4,116370.1,fib_golden_zone,117716.91,119142.17,0.77813977,118040.9,118066.8,118330.66,821.8278,0.99364734,快速死叉,,,强势区
2025-07-20 21:30:00,118065.9,118139.2,117888.1,117988.8,514.114,60669780.0,13304.0,233.366,27537976.0,118053.06,118231.23,-84.5951,-70.98871,-13.606399,36.589943,44.43622,49.60002,118674.02,118180.375,117686.73,119000.914,118343.555,117686.195,38.791634,36.52313,5630.016,233.18549,236.98361,0.983973,33.31236,117716.91,117459.75,117202.59,118035.086,116836.47,118549.4,116370.1,119142.17,119451.63,uptrend,118549.4,116370.1,fib_golden_zone_缩量,117716.91,119142.17,0.74276143,118016.37,118053.06,118328.75,809.849,0.63482696,快速死叉,,,
2025-07-20 21:45:00,117988.8,118036.3,117982.8,117982.9,167.563,19773446.0,5712.0,87.071,10274955.0,118018.88,118195.92,-87.70256,-76.55999,-11.142568,36.205032,44.235023,49.457016,118649.39,118151.52,117653.66,118985.99,118322.07,117658.16,43.566982,39.340527,5462.453,210.72481,228.2463,0.9232342,33.012566,117716.91,117459.75,117202.59,118035.086,116836.47,118549.4,116370.1,119142.17,119451.63,uptrend,118549.4,116370.1,fib_golden_zone_缩量,117716.91,119142.17,0.74005413,118012.53,118018.88,118325.45,792.46716,0.21144472,快速死叉,,,
2025-07-20 22:00:00,117982.8,118029.9,116800.0,116875.1,7397.326,867748600.0,111523.0,2341.826,274770200.0,117781.42,118116.46,-217.38078,-123.50025,-93.88053,10.956619,23.092842,31.533022,119033.336,118016.62,116999.9,119220.9,118265.78,117310.664,29.55599,37.304867,-1934.873,338.1217,275.9441,1.2253268,38.43181,117202.59,117459.75,117716.91,116884.414,118083.03,116370.1,118549.4,115777.33,115467.87,downtrend,118549.4,116370.1,neutral,115777.33,117202.59,0.23172578,117615.6,117781.42,118290.65,1044.2753,7.0836935,快速死叉,,带量突破下轨,
2025-07-20 22:15:00,116875.0,117265.5,116370.1,117230.0,8280.137,966553100.0,126642.0,3904.012,455783700.0,117628.54,118064.54,-261.031,-169.34383,-91.68716,29.367048,33.97944,38.972866,118988.53,117908.55,116828.57,119300.125,118225.68,117151.234,30.708675,34.61055,6345.264,407.7815,305.442,1.3350538,43.8077,117202.59,117459.75,117716.91,116884.414,118083.03,116370.1,118549.4,115777.33,115467.87,downtrend,118549.4,116370.1,fib_382_reject_带量,117202.59,117459.75,0.39457625,117362.664,117628.54,118265.82,1432.1649,5.781553,快速死叉,,,关键支撑区
2025-07-20 22:30:00,117229.9,117592.7,117069.8,117569.7,1954.532,229353740.0,43840.0,964.859,113241450.0,117529.3,118028.8,-245.57047,-194.75272,-50.81776,42.616196,42.386154,44.98143,118893.93,117845.29,116796.66,119289.09,118190.0,117090.91,39.62036,33.29501,8299.796,422.1713,315.79715,1.3368434,44.943565,117202.59,117459.75,117716.91,116884.414,118083.03,116370.1,118549.4,119142.17,119451.63,neutral,118549.4,116370.1,neutral,,,,117224.93,117529.3,118242.71,1491.1407,1.3107629,快速死叉,,,
2025-07-20 22:45:00,117569.6,117631.3,117370.2,117438.6,1698.613,199589580.0,36841.0,668.993,78618150.0,117419.26,117992.08,-244.40039,-211.30194,-33.098454,39.297276,40.255726,43.255646,118848.79,117787.58,116726.36,119275.055,118148.08,117021.1,58.020958,42.783333,6601.183,402.03738,313.1925,1.283675,45.54049,117202.59,117459.75,117716.91,116884.414,118083.03,116370.1,118549.4,119142.17,119451.63,neutral,118549.4,116370.1,neutral,,,,117412.766,117419.26,118211.516,1506.1008,1.1278216,快速死叉,,,
2025-07-20 23:00:00,117438.5,117529.9,117188.1,117334.9,1347.878,158150030.0,35929.0,651.795,76474730.0,117289.66,117960.24,-249.9978,-224.20056,-25.797247,36.662365,38.602913,41.919853,118820.3,117729.5,116638.7,119278.99,118106.76,116934.52,60.91421,52.851845,5253.305,394.50772,314.55478,1.2541782,46.69575,117202.59,117459.75,117716.91,116884.414,118083.03,116370.1,118549.4,119142.17,119451.63,neutral,118549.4,116370.1,neutral,,,,117447.734,117289.66,118174.586,1533.1212,0.8791725,快速金叉,,,
2025-07-20 23:15:00,117334.9,117376.0,117142.1,117183.3,641.012,75172750.0,21120.0,284.479,33364468.0,117351.3,117912.86,-265.77618,-238.0591,-27.717081,32.89996,36.259125,40.02266,118782.27,117656.65,116531.02,119276.47,118057.23,116837.98,54.579937,57.83837,4612.293,374.43176,310.71408,1.2050686,47.86629,117193.96,117448.45,117702.94,116879.08,118065.266,116370.1,118526.8,115783.48,115477.23,downtrend,118526.8,116370.1,fib_382_reject_缩量,115783.48,117193.96,0.37705755,117318.93,117351.3,118135.14,1540.3951,0.4161348,快速死叉,,,关键支撑区
2025-07-20 23:30:00,117183.3,117350.0,116907.3,117197.1,1202.34,140815900.0,32130.0,567.855,66515076.0,117344.72,117866.01,-268.92545,-248.34789,-20.577553,33.623375,36.63627,40.280987,118671.84,117576.92,116482.01,119266.79,118010.42,116754.05,51.055717,55.51662,5814.633,382.96527,316.9991,1.2080958,49.66765,117180.48,117430.8,117681.125,116870.75,118037.52,116370.1,118491.5,115793.08,115491.84,downtrend,118491.5,116370.1,fib_382_reject_缩量,117180.48,117430.8,0.3898369,117238.43,117344.72,118099.83,1565.6799,0.76793474,快速死叉,,,关键支撑区
2025-07-20 23:45:00,117197.0,117287.9,117094.0,117216.0,543.737,63721260.0,15772.0,303.771,35597396.0,117273.98,117818.67,-262.61584,-253.10387,-9.5119705,34.74744,37.184444,40.648598,118554.5,117506.39,116458.28,119234.54,117962.78,116691.02,55.233997,53.62322,6358.37,359.33212,311.13727,1.1548991,51.243835,117194.414,117449.05,117703.68,116879.37,118066.21,116370.1,118528.0,115783.15,115476.73,downtrend,118528.0,116370.1,fib_382_reject_缩量,117194.414,117449.05,0.39200148,117198.8,117273.98,118059.14,1543.0243,0.35238394,快速死叉,,,关键支撑区
2025-07-21 00:00:00,117216.1,117255.7,116807.7,116819.1,1661.943,194495020.0,35048.0,800.653,93703544.0,117150.08,117746.766,-298.50293,-268.23688,-30.266048,24.558247,31.099731,35.79063,118490.53,117408.45,116326.375,119227.766,117899.27,116570.78,39.42683,48.57218,4696.427,370.41562,317.65454,1.1660959,53.490147,117216.195,117477.55,117738.91,116892.81,118111.01,116370.1,118585.0,115767.65,115453.13,downtrend,118585.0,116370.1,neutral,115767.65,117216.195,0.20271796,117077.4,117150.08,118005.51,1593.9485,1.042658,快速死叉,,,
2025-07-21 00:15:00,116819.0,116960.0,116454.1,116869.6,2602.951,303759900.0,57184.0,1261.601,147246270.0,117057.02,117669.414,-310.58804,-282.35394,-28.234104,27.705137,32.610733,36.799713,118314.87,117308.76,116302.65,119221.46,117843.47,116465.47,34.58361,43.08148,7299.378,387.35117,326.6186,1.1859434,56.24871,117216.195,117477.55,117738.91,116892.81,118111.01,116370.1,118585.0,115767.65,115453.13,downtrend,118585.0,116370.1,neutral,115767.65,117216.195,0.22551808,116968.234,117057.02,117956.8,1703.9891,1.5275631,快速死叉,,,
2025-07-21 00:30:00,116869.5,117166.6,116692.3,116978.8,1235.703,144508880.0,33259.0,631.589,73864590.0,117016.12,117595.7,-298.961,-287.88962,-11.071375,34.588516,35.885036,38.977135,118088.195,117224.59,116360.99,119216.74,117798.75,116380.76,28.484262,34.1649,8535.081,398.21976,333.65103,1.1935217,56.00793,117216.195,117477.55,117738.91,116892.81,118111.01,116370.1,118585.0,115767.65,115453.13,downtrend,118585.0,116370.1,neutral,115767.65,117216.195,0.27482054,116889.164,117016.12,117908.49,1748.3483,0.7067831,快速死叉,,,
2025-07-21 00:45:00,116978.7,117333.1,116837.7,117323.6,1342.512,157267500.0,34262.0,828.496,97072270.0,117041.42,117547.836,-243.54895,-273.1094,29.560455,51.573605,44.975994,45.23286,117786.44,117169.65,116552.87,119176.695,117765.52,116354.35,59.46157,40.843147,9877.593,410.36728,341.35336,1.2021773,53.86352,117228.76,117494.0,117759.24,116900.58,118136.87,116370.1,118617.9,119229.305,119548.49,neutral,118617.9,116370.1,neutral,,,,117057.336,117041.42,117871.99,1798.1674,0.74660015,快速金叉,,,
2025-07-21 01:00:00,117323.6,117410.9,117111.0,117125.2,934.741,109636560.0,26671.0,481.272,56453464.0,117023.26,117499.93,-222.49496,-256.2379,33.742958,43.91803,41.34341,42.59468,117761.234,117190.49,116619.74,119155.41,117729.375,116303.336,71.07638,53.007404,8942.852,396.55887,339.3794,1.1684824,51.105244,117228.76,117494.0,117759.24,116900.58,118136.87,116370.1,118617.9,115758.695,115439.51,downtrend,118617.9,116370.1,neutral,115758.695,117228.76,0.33592847,117142.53,117023.26,117828.56,1737.1532,0.53808784,快速金叉,,,
2025-07-21 01:15:00,117125.1,117223.0,117000.0,117090.7,678.591,79463440.0,21302.0,249.275,29189910.0,117077.58,117455.12,-206.67389,-239.71658,33.042686,42.634125,40.727406,42.145863,117753.23,117178.88,116604.54,119150.74,117698.95,116247.16,76.9968,69.17825,8264.261,374.864,333.83752,1.1228936,49.344048,117228.76,117494.0,117759.24,116900.58,118136.87,116370.1,118617.9,115758.695,115439.51,downtrend,118617.9,116370.1,neutral,115758.695,117228.76,0.32058012,117179.836,117077.58,117781.89,1744.0029,0.3890997,快速金叉,,,
2025-07-21 01:30:00,117090.6,117195.7,116732.5,116922.9,1169.774,136742620.0,28434.0,481.369,56274500.0,117088.24,117401.086,-210.45515,-229.96277,19.507614,36.568016,37.77901,39.993725,117630.664,117124.984,116619.305,119135.42,117657.1,116178.78,61.890327,69.98784,7094.487,385.906,339.99765,1.1350255,49.17331,117228.76,117494.0,117759.24,116900.58,118136.87,116370.1,118617.9,115758.695,115439.51,downtrend,118617.9,116370.1,neutral,115758.695,117228.76,0.24592936,117046.266,117088.24,117735.58,1787.7185,0.654339,快速死叉,,,
2025-07-21 01:45:00,116922.9,117287.7,116871.2,117262.9,860.994,100834720.0,20002.0,460.499,53940784.0,117145.06,117358.664,-168.39755,-209.44102,41.043476,52.53327,46.267113,45.873997,117564.164,117110.34,116656.52,119092.67,117626.5,116160.32,66.68757,68.5249,7955.481,389.73026,343.64062,1.1341217,47.839508,117228.76,117494.0,117759.24,116900.58,118136.87,116370.1,118617.9,115758.695,115439.51,downtrend,118617.9,116370.1,fib_382_reject_缩量,117228.76,117494.0,0.39718837,117092.164,117145.06,117705.36,1815.2417,0.4743137,快速死叉,,,关键支撑区
2025-07-21 02:00:00,117262.8,117989.1,117262.8,117880.1,2695.651,317282400.0,46017.0,1536.036,180742540.0,117256.36,117349.984,-63.00314,-160.6284,97.62526,69.03755,57.580055,54.39267,117877.05,117155.77,116434.51,119058.3,117615.5,116172.7,75.04104,67.87298,10651.132,431.80148,361.8625,1.1932751,43.246696,117759.24,117494.0,117228.76,118087.42,116851.13,118617.9,116370.1,119229.305,119548.49,uptrend,118617.9,116370.1,fib_golden_zone_带量,117759.24,119229.305,0.67176795,117355.3,117256.36,117692.79,1887.3359,1.4282836,快速金叉,,,
2025-07-21 02:15:00,117880.1,118063.0,117660.0,118000.0,1299.717,153143500.0,31634.0,665.586,78436830.0,117431.32,117350.25,25.83866,-98.47272,124.31137,71.29928,59.369686,55.811268,118182.47,117223.836,116265.2,119016.26,117604.53,116192.8,90.4638,77.39747,11950.849,428.2013,363.8214,1.1769546,39.687378,117791.33,117536.0,117280.67,118107.24,116917.16,118617.9,116454.1,119206.45,119513.71,uptrend,118617.9,116454.1,fib_golden_zone_缩量,117791.33,119206.45,0.71443754,117714.336,117431.32,117686.8,1911.4915,0.67994916,快速金叉,零轴上穿,,
2025-07-21 02:30:00,118000.0,118011.1,117784.7,117819.9,757.671,89327120.0,22377.0,304.141,35856996.0,117577.16,117338.53,65.9955,-43.649975,109.64548,63.207985,55.576828,53.201324,118331.55,117275.734,116219.914,118926.8,117582.06,116237.32,89.529434,85.01143,11193.178,402.97614,357.27756,1.1279079,36.57297,117791.33,117536.0,117280.67,118107.24,116917.16,118617.9,116454.1,119206.45,119513.71,uptrend,118617.9,116454.1,fib_618_bounce_缩量,117791.33,119206.45,0.63120437,117900.0,117577.16,117681.555,1923.6693,0.39386758,快速金叉,,,
2025-07-21 02:45:00,117819.9,118175.4,117728.5,118156.0,1101.795,129975180.0,23078.0,782.238,92298960.0,117823.78,117346.49,131.70709,14.802379,116.90471,70.49743,60.63147,57.129677,118594.46,117354.07,116113.67,118862.125,117569.7,116277.27,91.88303,90.62542,12294.973,408.4666,361.5453,1.1297799,34.989674,117975.74,117685.2,117394.664,118335.22,116981.01,118916.3,116454.1,119586.016,119935.65,uptrend,118916.3,116454.1,fib_golden_zone_缩量,117975.74,119586.016,0.6912111,117991.97,117823.78,117680.914,1970.3809,0.5591787,快速金叉,,,
2025-07-21 03:00:00,118156.0,118491.5,118096.6,118400.0,2450.101,289964480.0,51036.0,1417.592,167763760.0,118051.2,117366.36,202.89336,77.49937,125.39398,74.73676,63.847534,59.70783,118865.23,117485.805,116106.39,118875.08,117572.07,116269.07,91.72745,91.04664,14745.074,406.77078,363.1336,1.1201684,35.418293,118179.99,117850.45,117520.914,118587.73,117051.734,119246.8,116454.1,120006.414,120402.98,uptrend,119246.8,116454.1,fib_golden_zone_带量,118179.99,120006.414,0.6967809,118125.3,118051.2,117687.17,1723.0197,1.4219809,快速金叉,,,
2025-07-21 03:15:00,118399.9,118528.0,118315.4,118460.4,1086.204,128636616.0,24148.0,593.087,70242520.0,118167.26,117441.84,254.75061,136.58311,118.167496,75.74338,64.618065,60.32794,119074.75,117618.375,116162.0,118929.42,117583.05,116236.664,96.45784,93.3561,15831.278,382.49945,355.96533,1.0745413,35.98231,118179.99,117850.45,117520.914,118587.73,117051.734,119246.8,116454.1,120006.414,120402.98,uptrend,119246.8,116454.1,fib_golden_zone_缩量,118179.99,120006.414,0.7184087,118338.8,118167.26,117694.32,1363.323,0.79673266,快速金叉,,,
2025-07-21 03:30:00,118460.4,118585.0,118346.8,118392.6,927.212,109847704.0,21616.0,471.464,55858670.0,118245.78,117497.21,276.94952,183.37192,93.5776,71.98702,62.995003,59.2531,119197.52,117736.195,116274.87,118981.44,117595.07,116208.71,92.055504,93.4136,14904.066,364.462,350.35745,1.0402576,36.791008,118283.75,117934.4,117585.05,118716.0,117087.67,119414.7,116454.1,120219.984,120640.39,uptrend,119414.7,116454.1,fib_golden_zone_缩量,118283.75,120219.984,0.6547659,118417.664,118245.78,117696.14,1311.957,0.7067396,快速金叉,,,
2025-07-21 03:45:00,118392.6,118392.6,118210.2,118374.8,851.169,100689336.0,17203.0,326.081,38575300.0,118356.76,117535.55,283.83765,216.86049,66.97716,70.9099,62.550793,58.963505,119315.055,117823.79,116332.52,119025.85,117605.65,116185.45,86.21467,91.576004,14052.897,341.70425,342.3595,0.99808615,35.66258,118415.08,118040.65,117666.23,118878.35,117133.14,119627.2,116454.1,120490.28,120940.87,uptrend,119627.2,116454.1,fib_618_bounce_缩量,118040.65,118415.08,0.6053071,118409.266,118356.76,117692.734,1269.5848,0.670431,快速金叉,,,反转区
2025-07-21 04:00:00,118374.8,118384.6,118265.3,118339.1,661.079,78222250.0,15929.0,337.302,39909960.0,118393.38,117578.43,277.81622,237.17908,40.637157,68.51123,61.612404,58.362812,119344.14,117924.95,116505.76,119052.1,117611.83,116171.555,78.00477,85.42498,13391.818,313.90372,331.7376,0.946241,34.6752,117701.91,118087.35,118472.8,117224.99,119021.57,116454.1,119720.6,120609.086,121072.93,neutral,119720.6,116454.1,neutral,,,,118368.836,118393.38,117687.37,1235.2449,0.5351805,快速死叉,,,
2025-07-21 04:15:00,118339.0,118617.9,118232.9,118412.5,1105.453,130938710.0,23533.0,688.322,81540104.0,118395.88,117629.74,275.71207,250.02339,25.688656,70.87449,62.84654,59.25884,119318.555,118035.1,116751.64,119099.93,117623.5,116147.06,75.157196,79.79221,14497.271,322.79077,334.2739,0.9656475,35.49978,117849.11,118206.45,118563.79,117406.98,119072.55,116692.3,119720.6,120544.3,120974.31,neutral,119720.6,116692.3,neutral,,,,118375.47,118395.88,117689.76,1258.4669,0.8784125,快速死叉,,,
2025-07-21 04:30:00,118412.4,118605.8,118403.7,118534.2,583.8,69191180.0,14682.0,338.21,40084412.0,118410.64,117694.07,282.03226,260.69302,21.339241,74.56679,64.86355,60.730072,119126.29,118169.375,117212.46,119173.02,117641.49,116109.95,77.37997,76.84731,15081.071,307.7044,327.97992,0.9381807,36.22128,118579.15,118226.55,117873.95,119015.41,117371.95,119720.6,116732.5,120533.36,120957.67,uptrend,119720.6,116732.5,fib_618_bounce_缩量,118226.55,118579.15,0.6029584,118428.6,118410.64,117701.27,1227.5399,0.47558534,快速金叉,,,反转区
2025-07-21 04:45:00,118534.2,118534.2,118286.6,118306.7,587.645,69588344.0,12793.0,231.278,27387036.0,118393.46,117746.91,253.2251,258.2037,-4.9786143,58.41602,58.472977,56.710392,118866.94,118256.36,117645.78,119201.58,117649.516,116097.46,61.50638,71.34785,14493.426,300.19138,324.1523,0.92608124,34.924133,117873.95,118226.55,118579.15,117437.695,119081.15,116732.5,119720.6,120533.36,120957.67,neutral,119720.6,116732.5,neutral,,,,118417.8,118393.46,117709.125,1229.7354,0.477863,快速金叉,,,
2025-07-21 05:00:00,118306.7,118350.1,118212.0,118335.1,710.605,84049140.0,15552.0,341.53,40395930.0,118385.52,117800.2,230.57625,248.99455,-18.418306,59.687675,59.01582,57.082737,118823.51,118294.27,117765.04,119240.35,117661.06,116081.766,46.082874,61.656406,15204.031,279.92993,315.29266,0.8878416,32.630524,117873.95,118226.55,118579.15,117437.695,119081.15,116732.5,119720.6,120533.36,120957.67,neutral,119720.6,116732.5,neutral,,,,118392.0,118385.52,117717.06,1182.1685,0.601103,快速金叉,,,
2025-07-21 05:15:00,118335.1,118336.8,118144.0,118179.7,608.857,71971350.0,12445.0,248.892,29421692.0,118353.64,117864.99,191.24574,229.74495,-38.499214,49.938683,54.794933,54.39467,118792.8,118309.25,117825.7,119259.484,117667.62,116075.75,20.612623,42.73396,14595.174,269.0387,309.4597,0.8693821,29.585213,117873.95,118226.55,118579.15,117437.695,119081.15,116732.5,119720.6,120533.36,120957.67,neutral,119720.6,116732.5,neutral,,,,118273.836,118353.64,117717.8,1082.4637,0.56247336,快速死叉,,,
2025-07-21 05:30:00,118179.7,118320.0,118179.6,118285.9,416.499,49253092.0,10855.0,282.659,33425034.0,118328.32,117932.43,171.82285,210.43759,-38.614735,55.70678,57.05542,55.885338,118626.8,118348.086,118069.37,119282.51,117714.65,116146.79,22.703844,29.79978,15011.673,252.95886,301.4092,0.8392539,26.920565,117959.67,118295.9,118632.13,117543.66,119110.83,116871.2,119720.6,120495.64,120900.25,neutral,119720.6,116871.2,neutral,,,,118266.9,118328.32,117724.19,1041.5035,0.3999017,快速死叉,,,
2025-07-21 05:45:00,118285.9,118398.2,118249.9,118397.9,517.332,61214040.0,11697.0,309.433,36615588.0,118301.06,118000.01,167.3865,196.08722,-28.70072,61.20638,59.363293,57.426292,118600.22,118368.24,118136.266,119335.82,117753.58,116171.33,30.350988,24.555819,15529.005,239.87651,294.11832,0.8155783,25.697662,118201.68,118491.7,118781.72,117842.84,119194.63,117262.8,119720.6,120389.125,120738.13,neutral,119720.6,117262.8,neutral,,,,118287.836,118301.06,117735.71,1000.2445,0.51720554,快速死叉,,,
2025-07-21 06:00:00,118397.8,118397.9,118250.4,118337.3,438.78,51911776.0,12037.0,231.668,27407424.0,118307.18,118048.28,153.29604,181.82349,-28.527464,56.757805,57.560814,56.308846,118594.5,118363.016,118131.54,119383.32,117779.164,116175.01,41.79256,31.615797,15090.225,228.32944,287.13647,0.7951948,24.627623,118447.15,118690.3,118933.45,118146.305,119279.63,117660.0,119720.6,117099.516,116806.914,downtrend,119720.6,117660.0,neutral,117099.516,118447.15,0.32869068,118340.37,118307.18,117743.47,975.4465,0.4498248,快速金叉,,,
2025-07-21 06:15:00,118337.3,118916.3,118331.9,118831.2,3256.111,386662820.0,41380.0,2457.596,291845120.0,118406.4,118129.516,197.6706,187.10587,10.56473,74.42946,66.49106,62.545807,118811.08,118393.914,117976.76,119498.414,117825.586,116152.75,61.471874,44.538475,18346.336,272.83826,301.2919,0.90556127,28.411226,118489.484,118724.55,118959.62,118198.63,119294.29,117728.5,119720.6,120262.45,120545.33,neutral,119720.6,117728.5,neutral,,,,118522.13,118406.4,117767.54,1104.3225,2.9485147,快速金叉,,带量突破上轨,
2025-07-21 06:30:00,118831.3,119246.8,118831.2,118959.1,3639.868,433390430.0,73556.0,1986.677,236555100.0,118562.28,118218.49,238.88632,204.36601,34.520306,77.23959,68.348465,63.94527,119034.28,118441.125,117847.97,119620.62,117879.73,116138.83,68.25026,57.171562,21986.203,290.68347,306.73514,0.9476693,33.12719,118959.62,118724.55,118489.484,119250.46,118154.81,119720.6,117728.5,120262.45,120545.33,uptrend,119720.6,117728.5,fib_618_bounce_带量,118724.55,118959.62,0.6177401,118709.2,118562.28,117795.43,1227.8271,2.9644792,快速金叉,,,反转区
2025-07-21 06:45:00,118959.0,119192.9,118892.3,119158.6,1084.333,129087040.0,24535.0,588.514,70064584.0,118736.82,118324.95,285.31396,231.34866,53.965298,81.03283,71.044556,66.024445,119300.66,118506.445,117712.23,119756.28,117945.57,116134.85,84.965004,71.56238,23070.537,291.92303,306.443,0.9526178,37.25366,119100.234,118908.6,118716.97,119337.336,118444.13,119720.6,118096.6,120162.33,120392.94,uptrend,119720.6,118096.6,fib_golden_zone,119100.234,120162.33,0.6539409,118982.97,118736.82,117860.67,1238.9941,0.875172,快速金叉,,,
2025-07-21 07:00:00,119158.5,119414.7,119140.0,119349.9,2365.973,282261950.0,41131.0,1383.657,165061680.0,118927.22,118424.336,333.32352,265.34027,67.98324,84.01343,73.38561,67.88887,119587.79,118590.67,117593.56,119910.54,118017.33,116124.12,86.88917,80.034805,25436.51,289.77017,304.9314,0.95027983,41.62327,119118.336,118932.3,118746.26,119348.52,118481.39,119720.6,118144.0,120149.44,120373.31,uptrend,119720.6,118144.0,fib_golden_zone_带量,119118.336,120149.44,0.7648738,119155.87,118927.22,117921.24,1222.5103,1.93534,快速金叉,,,强势区
2025-07-21 07:15:00,119349.9,119627.2,119301.1,119605.7,2541.413,303679600.0,30317.0,1902.459,227347860.0,119180.9,118506.51,388.85477,306.51178,82.34299,87.160934,76.161095,70.18594,119926.54,118690.11,117453.68,120095.74,118096.984,116098.23,95.06487,88.973015,27977.924,294.3114,305.93945,0.9619923,46.016754,119118.336,118932.3,118746.26,119348.52,118481.39,119720.6,118144.0,120149.44,120373.31,uptrend,119720.6,118144.0,neutral,119118.336,120149.44,0.92712164,119371.4,119180.9,117979.414,1284.595,1.9783769,快速金叉,,,
2025-07-21 07:30:00,119605.6,119720.6,119261.8,119266.7,2236.042,267103730.0,43695.0,984.998,117697680.0,119268.0,118566.82,378.75418,330.59256,48.1616,66.82025,66.29418,63.831966,120050.69,118751.15,117451.61,120148.89,118178.57,116208.25,87.4397,89.79791,25741.88,314.87247,313.2185,1.0052805,50.082188,119118.336,118932.3,118746.26,119348.52,118481.39,119720.6,118144.0,120149.44,120373.31,uptrend,119720.6,118144.0,fib_golden_zone_带量,119118.336,120149.44,0.712102,119407.43,119268.0,118031.64,1358.5135,1.6459475,快速金叉,,,
2025-07-21 07:45:00,119266.8,119417.5,119261.8,119352.2,1040.979,124197650.0,19143.0,435.79,51990292.0,119346.62,118639.79,372.86536,344.6835,28.181856,68.95225,67.43992,64.67878,120154.68,118838.27,117521.87,120197.97,118261.32,116324.68,80.34574,87.61677,26782.86,294.97592,305.71762,0.9648639,53.639442,119118.336,118932.3,118746.26,119348.52,118481.39,119720.6,118144.0,120149.44,120373.31,uptrend,119720.6,118144.0,fib_golden_zone_缩量,119118.336,120149.44,0.7663326,119408.2,119346.62,118089.28,1355.4728,0.76798224,快速金叉,,,强势区
2025-07-21 08:00:00,119352.3,119496.2,119314.1,119362.3,1130.454,135005300.0,19929.0,552.707,66008720.0,119387.36,118697.234,361.2266,350.19785,11.028723,69.224785,67.58011,64.78105,120224.84,118923.875,117622.91,120237.99,118340.77,116443.555,67.43755,78.40766,27913.314,280.86642,299.8311,0.93674886,56.95949,119118.336,118932.3,118746.26,119348.52,118481.39,119720.6,118144.0,120149.44,120373.31,uptrend,119720.6,118144.0,fib_golden_zone,119118.336,120149.44,0.7727388,119327.07,119387.36,118151.54,1289.4904,0.87666726,快速死叉,,,强势区
2025-07-21 08:15:00,119362.2,119393.5,119169.6,119239.9,1178.08,140502670.0,21535.0,399.665,47664588.0,119365.36,118737.23,330.36154,343.58575,-13.224206,61.58206,63.98456,62.478924,120178.35,119012.23,117846.09,120279.41,118404.65,116529.89,58.383827,68.722374,26735.234,273.7456,296.2153,0.924144,56.719578,119076.7,118877.8,118678.9,119322.8,118395.72,119720.6,118035.0,120179.086,120418.44,uptrend,119720.6,118035.0,fib_golden_zone,119076.7,120179.086,0.71481967,119318.13,119365.36,118209.91,1294.0842,0.9103581,快速死叉,,,
2025-07-21 08:30:00,119240.0,119333.0,118752.3,118969.6,3251.154,386921630.0,46779.0,863.838,102865640.0,119238.14,118761.48,269.5406,318.90402,-49.363445,47.944504,56.79788,57.722496,120077.57,119069.2,118060.83,120245.72,118466.13,116686.55,41.37376,55.731712,23484.08,312.11493,309.7622,1.0075952,50.396255,118958.93,118723.65,118488.37,119250.04,118153.4,119720.6,117726.7,120262.94,120546.08,uptrend,119720.6,117726.7,fib_618_bounce_带量,118958.93,120262.94,0.6233512,119190.6,119238.14,118260.01,1410.2812,2.3053231,快速死叉,,,
2025-07-21 08:45:00,118969.6,119082.5,118801.0,118990.2,1307.993,155576060.0,26427.0,682.248,81155090.0,119182.84,118789.93,223.3192,287.04242,-63.72322,48.94969,57.192497,57.97849,119972.42,119118.555,118264.695,120186.17,118529.445,116872.73,29.658566,43.138718,24792.072,308.28806,308.41638,0.9995839,44.863346,118958.93,118723.65,118488.37,119250.04,118153.4,119720.6,117726.7,120262.94,120546.08,uptrend,119720.6,117726.7,fib_618_bounce,118958.93,120262.94,0.6336827,119066.57,119182.84,118322.04,1433.1226,0.9126875,快速死叉,,,
2025-07-21 09:00:00,118990.3,119080.8,118875.9,118906.0,852.041,101374810.0,18228.0,410.095,48800724.0,119093.6,118815.23,176.08165,250.0555,-73.973854,44.82237,54.981834,56.50997,119773.695,119165.95,118558.2,120051.625,118595.55,117139.48,20.961134,30.664486,23940.031,295.36453,303.48703,0.97323614,40.022053,118488.37,118723.65,118958.93,118197.26,119293.91,117726.7,119720.6,120262.94,120546.08,neutral,119720.6,117726.7,neutral,,,,118955.266,119093.6,118380.22,1442.6707,0.59059983,快速死叉,,,
2025-07-21 09:15:00,118906.1,118938.1,118743.3,118770.0,820.496,97478900.0,16562.0,341.499,40572080.0,118975.14,118835.75,123.183426,207.7648,-84.58138,38.677036,51.518024,54.182484,119790.4,119160.85,118531.3,119941.01,118645.79,117350.57,14.662766,21.760822,23119.535,282.79398,298.31146,0.9479823,35.97932,118488.37,118723.65,118958.93,118197.26,119293.91,117726.7,119720.6,120262.94,120546.08,neutral,119720.6,117726.7,neutral,,,,118888.734,118975.14,118431.4,1428.4227,0.574407,快速死叉,,,
2025-07-21 09:30:00,118770.1,118820.4,118511.8,118611.3,1330.218,157829010.0,25985.0,595.395,70645910.0,118849.42,118845.21,64.92833,160.15265,-95.22432,32.593376,47.738586,51.579525,119872.78,119131.87,118390.95,119907.53,118670.16,117432.79,9.842382,15.155428,21789.318,286.01974,298.8014,0.95722353,34.820892,118488.37,118723.65,118958.93,118197.26,119293.91,117726.7,119720.6,120262.94,120546.08,neutral,119720.6,117726.7,neutral,,,,118762.43,118849.42,118468.19,1465.7437,0.90753794,快速死叉,,,
2025-07-21 09:45:00,118611.3,118721.5,118537.1,118680.1,826.876,98095080.0,19056.0,460.47,54628220.0,118791.52,118852.164,30.916224,117.07384,-86.157616,37.56076,49.469276,52.615723,119904.95,119091.99,118279.02,119883.73,118692.83,117501.94,10.914031,11.806394,22616.193,273.31726,293.3537,0.9316987,33.807262,118488.37,118723.65,118958.93,118197.26,119293.91,117726.7,119720.6,120262.94,120546.08,neutral,119720.6,117726.7,neutral,,,,118687.13,118791.52,118512.62,1477.7052,0.55956763,快速死叉,,,
2025-07-21 10:00:00,118680.0,118800.4,118600.0,118770.7,926.272,109934000.0,16905.0,601.943,71443464.0,118747.62,118874.26,17.120285,83.75599,-66.635704,43.910988,51.73594,53.977524,119859.95,119043.73,118227.49,119832.32,118724.52,117616.73,20.240946,13.665787,23542.467,264.2026,288.92734,0.9144258,31.589,118488.37,118723.65,118958.93,118197.26,119293.91,117726.7,119720.6,120262.94,120546.08,neutral,119720.6,117726.7,neutral,,,,118687.37,118747.62,118560.62,1488.4885,0.6222903,快速死叉,,,
2025-07-21 10:15:00,118770.7,118770.7,118466.4,118499.5,776.01,92047620.0,18332.0,276.158,32765706.0,118666.32,118882.086,-24.60017,47.637268,-72.23744,32.402496,45.199898,49.505695,119721.19,118951.54,118181.9,119813.016,118735.98,117658.93,18.662554,16.605844,22766.455,269.21478,289.65936,0.9294185,31.115942,118488.37,118723.65,118958.93,118197.26,119293.91,117726.7,119720.6,117184.36,116901.23,downtrend,119720.6,117726.7,fib_382_reject_缩量,118488.37,118723.65,0.38758212,118650.1,118666.32,118605.66,1496.8462,0.51843,快速死叉,零轴下穿,,关键支撑区
2025-07-21 10:30:00,118499.5,118568.6,118313.6,118488.0,1372.088,162494620.0,27333.0,574.146,67997240.0,118609.92,118896.766,-54.40329,13.623749,-68.02704,31.987747,44.940624,49.323757,119681.54,118886.65,118091.76,119810.11,118738.91,117667.7,19.877184,19.593561,21394.367,267.43793,288.0089,0.92857516,32.097168,118488.37,118723.65,118958.93,118197.26,119293.91,117726.7,119720.6,117184.36,116901.23,downtrend,119720.6,117726.7,fib_382_reject,117184.36,118488.37,0.38181454,118586.07,118609.92,118640.664,1544.6256,0.8882981,快速死叉,,,关键支撑区
2025-07-21 10:45:00,118488.0,118590.1,118488.0,118553.9,982.375,116463580.0,15456.0,570.129,67589940.0,118598.44,118909.53,-66.16328,-12.971927,-53.191353,37.34902,46.82303,50.420116,119551.69,118820.125,118088.56,119808.266,118742.02,117675.78,22.194433,20.244724,22376.742,246.77069,279.15613,0.88398814,32.534374,118488.37,118723.65,118958.93,118197.26,119293.91,117726.7,119720.6,120262.94,120546.08,neutral,119720.6,117726.7,neutral,,,,118513.8,118598.44,118659.914,1567.8778,0.6265635,快速死叉,,,
2025-07-21 11:00:00,118553.9,118725.7,118541.1,118600.1,818.703,97148120.0,18344.0,520.219,61727420.0,118582.44,118919.16,-67.39594,-31.113266,-36.282677,41.14371,48.1611,51.197327,119353.77,118756.61,118159.445,119803.336,118748.94,117694.55,39.247322,27.106314,23195.445,238.99936,274.65344,0.8701852,30.39444,118488.37,118723.65,118958.93,118197.26,119293.91,117726.7,119720.6,120262.94,120546.08,neutral,119720.6,117726.7,neutral,,,,118547.336,118582.44,118677.06,1586.8739,0.5159219,快速死叉,,,
2025-07-21 11:15:00,118600.0,118775.1,118500.0,118601.0,848.08,100610690.0,19368.0,381.713,45285348.0,118548.5,118931.71,-66.57198,-42.93284,-23.639147,41.224617,48.18845,51.212967,119160.266,118703.37,118246.47,119796.98,118756.48,117715.984,51.349525,37.597095,24043.525,243.51193,274.6747,0.8865466,27.680216,118488.37,118723.65,118958.93,118197.26,119293.91,117726.7,119720.6,120262.94,120546.08,neutral,119720.6,117726.7,neutral,,,,118585.0,118548.5,118699.375,1466.4724,0.578313,快速金叉,,,
2025-07-21 11:30:00,118601.1,118628.2,118325.4,118348.2,757.026,89661250.0,17918.0,328.445,38901050.0,118518.24,118908.71,-94.0086,-59.95809,-34.050507,28.42127,41.55613,46.78957,119123.58,118651.586,118179.586,119796.4,118756.78,117717.164,40.89248,43.829777,23286.5,250.92294,276.014,0.9090949,27.482477,118402.65,118611.45,118820.25,118144.305,119117.52,117726.7,119496.2,117245.4,116994.125,downtrend,119496.2,117726.7,neutral,117245.4,118402.65,0.35122916,118516.43,118518.24,118704.87,1322.3303,0.57249385,快速死叉,,,关键支撑区
2025-07-21 11:45:00,118348.2,118403.7,118035.0,118045.0,1900.335,224663490.0,29901.0,596.041,70473390.0,118429.64,118865.19,-146.36487,-88.76035,-57.60452,19.811615,35.28373,42.199448,119148.51,118572.82,117997.125,119828.055,118744.53,117661.01,22.499144,38.24705,21386.164,265.64508,280.4276,0.94728565,29.76746,118402.65,118611.45,118820.25,118144.305,119117.52,117726.7,119496.2,117245.4,116994.125,downtrend,119496.2,117726.7,neutral,117245.4,118402.65,0.17988132,118331.4,118429.64,118694.73,1363.1304,1.3940963,快速死叉,,,
2025-07-21 12:00:00,118044.9,118190.0,117726.7,118189.4,4729.671,557859300.0,70527.0,2080.29,245396380.0,118356.74,118819.03,-162.4873,-113.336006,-49.151306,31.364168,39.93372,44.90238,119085.195,118513.1,117941.01,119845.336,118733.04,117620.75,17.53091,26.974176,26115.836,290.35193,289.13583,1.004206,33.42141,118363.414,118560.1,118756.78,118120.06,119036.805,117726.7,119393.5,117273.33,117036.65,downtrend,119393.5,117726.7,neutral,117273.33,118363.414,0.27759778,118194.2,118356.74,118686.984,1481.3153,3.192886,快速死叉,,,
2025-07-21 12:15:00,118189.5,118567.3,118147.7,118419.3,2301.927,272545900.0,50109.0,1058.616,125332056.0,118320.58,118774.72,-143.01726,-123.22976,-19.787502,45.853687,46.521976,48.897305,119018.96,118483.875,117948.79,119839.9,118736.8,117633.69,37.182552,25.737535,28417.764,306.50793,295.34842,1.0377843,31.560938,118340.305,118529.85,118719.39,118105.79,118989.25,117726.7,119333.0,119769.914,119998.01,neutral,119333.0,117726.7,neutral,,,,118217.9,118320.58,118687.74,1469.341,1.5666391,快速死叉,,,
2025-07-21 12:30:00,118419.3,118507.8,118088.0,118171.2,2246.049,265567710.0,32089.0,1013.901,119877160.0,118234.62,118706.41,-155.14003,-133.86652,-21.27352,36.22537,41.26223,45.184975,119018.2,118447.2,117876.2,119851.664,118731.33,117610.99,50.86481,35.192757,26171.715,320.66946,301.2747,1.0643758,30.381,118289.5,118463.35,118637.2,118074.4,118884.71,117726.7,119200.0,117325.96,117116.75,downtrend,119200.0,117726.7,neutral,117325.96,118289.5,0.30170366,118259.97,118234.62,118681.93,1469.8413,1.5280894,快速金叉,,,
2025-07-21 12:45:00,118171.4,118297.5,118088.3,118140.3,667.827,78924050.0,17750.0,332.596,39310600.0,118193.04,118652.77,-163.56139,-143.7648,-19.796577,35.152824,40.645863,44.740765,118981.49,118402.22,117822.945,119855.22,118730.016,117604.81,49.3037,45.783688,25503.887,306.73578,296.89017,1.0331625,29.348557,118111.02,118318.95,118526.875,117853.76,118822.914,117437.9,119200.0,116958.61,116708.39,downtrend,119200.0,117437.9,fib_382_reject_缩量,118111.02,118318.95,0.3986153,118243.6,118193.04,118676.25,1451.1837,0.46019465,快速金叉,,,关键支撑区
2025-07-21 13:00:00,118140.3,118171.2,117850.5,117937.4,1657.837,195549280.0,32972.0,585.353,69050000.0,118171.52,118585.4,-189.32684,-158.95215,-30.374695,28.65372,36.76256,41.900715,118923.68,118332.77,117741.87,119888.8,118718.4,117548.01,35.073563,45.080692,23846.05,308.4813,298.024,1.0350889,30.258287,118111.02,118318.95,118526.875,117853.76,118822.914,117437.9,119200.0,116958.61,116708.39,downtrend,119200.0,117437.9,neutral,116958.61,118111.02,0.28346857,118082.97,118171.52,118662.67,1477.5529,1.1220154,快速死叉,,,
2025-07-21 13:15:00,117937.4,118292.0,117937.3,118264.7,1340.556,158414140.0,26606.0,829.78,98050170.0,118186.58,118533.13,-164.5478,-160.81737,-3.7304323,47.070126,45.76416,47.540943,118889.67,118313.21,117736.75,119894.95,118713.96,117532.97,42.274883,42.217384,25186.605,314.25864,300.72284,1.0450109,29.387823,118111.02,118318.95,118526.875,117853.76,118822.914,117437.9,119200.0,119679.29,119929.51,neutral,119200.0,117437.9,neutral,,,,118114.13,118186.58,118654.98,1485.6768,0.90232015,快速死叉,,,
2025-07-21 13:30:00,118264.6,118663.9,118212.5,118590.1,2279.641,270097600.0,51077.0,1252.417,148383150.0,118220.74,118502.19,-105.396355,-142.34369,36.947346,59.265915,52.936855,52.36803,118921.55,118321.72,117721.89,119890.07,118722.38,117554.7,59.83318,45.72721,27466.246,331.4013,307.89795,1.076335,26.74146,118526.875,118318.95,118111.02,118784.14,117814.99,119200.0,117437.9,119679.29,119929.51,uptrend,119200.0,117437.9,fib_golden_zone_带量,118526.875,119679.29,0.65387887,118264.07,118220.74,118663.07,1437.1011,1.5862775,快速金叉,,,
2025-07-21 13:45:00,118590.1,119075.0,118590.1,118805.9,4518.13,537028600.0,71165.0,2734.408,325011650.0,118347.68,118494.4,-36.5273,-107.07156,70.544266,65.42904,56.998466,55.236263,119025.54,118342.72,117659.89,119888.71,118721.55,117554.375,78.050354,60.052807,31984.377,350.58865,316.3266,1.1083122,27.226107,118526.875,118318.95,118111.02,118784.14,117814.99,119200.0,117437.9,119679.29,119929.51,uptrend,119200.0,117437.9,fib_golden_zone_带量,118526.875,119679.29,0.7763464,118553.57,118347.68,118676.52,1597.6079,2.8280594,快速金叉,,,强势区
2025-07-21 14:00:00,118805.8,118923.0,118389.0,118622.0,2127.268,252340980.0,51517.0,777.808,92259590.0,118444.02,118476.86,-9.255217,-74.46612,65.2109,56.873795,52.815414,52.41224,119032.555,118344.54,117656.52,119872.23,118710.305,117548.38,77.718155,71.86723,29857.11,373.51508,326.69202,1.1433247,25.689795,118486.805,118266.5,118046.195,118759.39,117732.54,119200.0,117333.0,119707.82,119972.94,uptrend,119200.0,117333.0,fib_golden_zone_带量,118486.805,119707.82,0.6904124,118672.664,118444.02,118689.16,1661.3693,1.2804306,快速金叉,,,
2025-07-21 14:15:00,118622.1,119086.1,118596.5,118885.0,2508.849,298386880.0,48537.0,1255.916,149354370.0,118633.54,118475.86,40.700333,-36.0773,76.77763,64.59737,57.607037,55.805195,119147.164,118368.21,117589.25,119844.88,118701.19,117557.49,74.91783,76.89545,32365.957,388.0257,334.44952,1.160192,25.41037,118467.7,118241.5,118015.3,118747.586,117693.234,119200.0,117283.0,119721.42,119993.64,uptrend,119200.0,117283.0,neutral,118467.7,119721.42,0.8356807,118770.97,118633.54,118706.27,1745.7869,1.4370878,快速金叉,零轴上穿,,
2025-07-21 14:30:00,118885.0,119027.4,118692.3,119011.8,1146.709,136333170.0,32373.0,526.615,62614856.0,118782.96,118487.375,89.34307,5.729492,83.61359,67.837326,59.730324,57.344795,119337.766,118423.51,117509.25,119798.2,118689.914,117581.63,80.238846,77.62495,33512.668,381.40997,334.4805,1.1403055,25.165876,118467.7,118241.5,118015.3,118747.586,117693.234,119200.0,117283.0,119721.42,119993.64,uptrend,119200.0,117283.0,neutral,118467.7,119721.42,0.9018258,118839.6,118782.96,118723.82,1736.6115,0.6603141,快速金叉,,,
2025-07-21 14:45:00,119011.8,119200.0,118740.4,118794.3,1744.923,207596860.0,41517.0,857.57,102047870.0,118823.8,118496.09,95.66538,35.708122,59.957256,57.336533,54.672024,53.95923,119382.57,118485.95,117589.33,119673.72,118662.87,117652.02,81.86056,79.005745,31767.744,391.18372,340.43857,1.1490582,26.115341,118467.7,118241.5,118015.3,118747.586,117693.234,119200.0,117283.0,119721.42,119993.64,uptrend,119200.0,117283.0,neutral,118467.7,119721.42,0.7883672,118897.03,118823.8,118736.875,1782.5138,0.97891134,快速金叉,,,强势区
2025-07-21 15:00:00,118794.4,118938.3,118623.6,118738.0,1336.256,158725970.0,32189.0,583.407,69307450.0,118810.22,118498.84,91.24253,54.21959,37.022938,54.775948,53.411137,53.10705,119411.37,118531.664,117651.97,119610.81,118645.25,117679.68,71.69078,77.93006,30431.488,381.62326,339.21292,1.1250257,25.519716,118467.7,118241.5,118015.3,118747.586,117693.234,119200.0,117283.0,119721.42,119993.64,uptrend,119200.0,117283.0,fib_golden_zone_缩量,118467.7,119721.42,0.75899845,118848.03,118810.22,118734.21,1803.013,0.7411239,快速金叉,,,强势区
2025-07-21 15:15:00,118737.9,119111.8,118669.2,118675.0,1546.377,183874540.0,33498.0,841.418,100057080.0,118820.82,118494.29,78.66189,62.367023,16.294867,51.758312,51.96685,52.139553,119433.52,118552.98,117672.42,119521.21,118622.67,117724.13,52.11691,68.55608,28885.111,389.24536,344.1361,1.1310797,26.250425,118372.2,118116.5,117860.8,118688.586,117496.734,119200.0,117033.0,119789.42,120097.14,uptrend,119200.0,117033.0,fib_golden_zone,118372.2,119789.42,0.7577296,118735.766,118820.82,118726.09,1841.5314,0.8397234,快速死叉,,,强势区
2025-07-21 15:30:00,118675.1,118710.0,118284.0,118402.5,1733.699,205416900.0,45327.0,743.584,88110940.0,118724.32,118489.67,36.195553,53.6432,-17.447647,40.499363,46.153374,48.1552,119407.63,118572.25,117736.87,119414.55,118590.68,117766.81,33.80566,52.537785,27151.412,393.8397,348.0344,1.1316113,23.05835,118334.01,118066.5,117798.99,118664.984,117418.14,119200.0,116933.0,119816.625,120138.54,uptrend,119200.0,116933.0,fib_golden_zone,118334.01,119816.625,0.6482135,118605.164,118724.32,118704.49,1859.6119,0.9322908,快速死叉,,,
2025-07-21 15:45:00,118402.5,118555.0,118209.5,118304.1,1513.172,179136860.0,29113.0,675.453,79983310.0,118582.78,118480.914,-5.7124944,33.857967,-39.570465,37.099503,44.22925,46.79924,119377.63,118585.9,117794.164,119327.086,118559.484,117791.89,19.25084,35.057804,25638.24,387.7972,347.91373,1.1146362,20.900867,118334.01,118066.5,117798.99,118664.984,117418.14,119200.0,116933.0,119816.625,120138.54,uptrend,119200.0,116933.0,fib_618_bounce,118066.5,118334.01,0.6048081,118460.53,118582.78,118674.61,1886.1517,0.8022536,快速死叉,零轴下穿,,反转区
2025-07-21 16:00:00,118304.2,118381.0,117899.0,117957.0,3298.782,389455940.0,55810.0,1269.886,149927540.0,118415.32,118452.49,-75.33944,-2.5411675,-72.79827,27.57349,38.182316,42.379395,119369.59,118587.53,117805.48,119318.34,118525.734,117733.125,8.981841,20.679447,22339.457,399.57257,354.29877,1.1277843,21.322165,117593.2,117900.0,118206.8,117213.6,118643.6,116600.0,119200.0,119907.2,120276.4,neutral,119200.0,116600.0,neutral,,,,118221.2,118415.32,118627.51,2010.1556,1.641058,快速死叉,,,
2025-07-21 16:15:00,117957.0,117965.8,117437.9,117888.0,5766.381,678707000.0,93081.0,2487.157,292755940.0,118245.32,118418.58,-130.10114,-45.061153,-85.03998,26.023767,37.096542,41.56012,119471.78,118556.14,117640.5,119304.34,118488.99,117673.64,13.184075,13.805585,16573.076,415.6135,362.5655,1.1463128,24.054548,117593.2,117900.0,118206.8,117213.6,118643.6,116600.0,119200.0,119907.2,120276.4,neutral,119200.0,116600.0,neutral,,,,118049.7,118245.32,118588.12,2256.0708,2.5559397,快速死叉,,,
2025-07-21 16:30:00,117888.1,118090.6,117762.8,117823.1,1366.832,161201260.0,34386.0,670.27,79054180.0,118074.94,118381.54,-172.75748,-87.626595,-85.13088,24.512003,36.057922,40.781506,119557.29,118492.23,117427.164,119301.89,118452.9,117603.9,17.671207,13.279041,15206.245,404.6368,360.91,1.121157,25.16209,117572.74,117883.45,118194.16,117188.31,118636.516,116566.9,119200.0,119916.2,120290.1,neutral,119200.0,116566.9,neutral,,,,117889.37,118074.94,118544.42,2286.561,0.59776753,快速死叉,,,
2025-07-21 16:45:00,117823.1,117885.4,117640.5,117726.7,1071.191,126135784.0,28479.0,445.477,52460044.0,117939.78,118351.945,-209.67606,-128.30975,-81.36631,22.27011,34.51226,39.623734,119573.46,118402.29,117231.125,119321.27,118418.12,117514.96,21.93621,17.597164,14135.054,384.6697,355.3857,1.0824006,26.75453,117572.74,117883.45,118194.16,117188.31,118636.516,116566.9,119200.0,119916.2,120290.1,neutral,119200.0,116566.9,neutral,,,,117812.6,117939.78,118497.695,2245.1038,0.47712314,快速死叉,,,
2025-07-21 17:00:00,117726.3,118080.3,117700.0,117888.5,1362.456,160698530.0,29539.0,709.429,83674790.0,117856.66,118344.49,-211.53925,-156.05292,-55.486332,34.07668,39.22149,42.50056,119555.84,118341.164,117126.49,119327.06,118394.02,117460.99,25.228998,21.612139,15497.51,384.1235,356.5721,1.0772674,26.09249,117572.74,117883.45,118194.16,117188.31,118636.516,116566.9,119200.0,119916.2,120290.1,neutral,119200.0,116566.9,neutral,,,,117812.766,117856.66,118459.086,2076.7432,0.6560542,快速死叉,,,
2025-07-21 17:15:00,117888.4,117944.2,117459.8,117525.0,1770.436,208458900.0,31933.0,590.103,69519750.0,117770.26,118312.85,-250.40219,-187.50267,-62.899517,24.373304,33.40898,38.20622,119495.43,118227.836,116960.234,119367.14,118355.52,117343.91,20.15728,22.44083,13727.074,396.65805,362.65915,1.0937489,26.924969,117572.74,117883.45,118194.16,117188.31,118636.516,116566.9,119200.0,115850.695,115476.8,downtrend,119200.0,116566.9,fib_382_reject,115850.695,117572.74,0.36386767,117713.4,117770.26,118417.805,2050.1685,0.8635563,快速死叉,,,关键支撑区
2025-07-21 17:30:00,117527.2,117686.9,117333.0,117375.0,2222.363,261079710.0,41759.0,830.135,97531260.0,117667.66,118263.125,-289.13367,-221.37967,-67.75399,21.434847,31.344673,36.6037,119332.26,118091.43,116850.61,119404.14,118309.0,117213.86,15.742117,20.376131,11504.711,391.3133,362.24207,1.0802537,28.324425,117572.74,117883.45,118194.16,117188.31,118636.516,116566.9,119200.0,115850.695,115476.8,downtrend,119200.0,116566.9,neutral,115850.695,117572.74,0.30690062,117596.164,117667.66,118371.66,2048.9841,1.0846169,快速死叉,,,
2025-07-21 17:45:00,117374.9,117870.2,117283.0,117815.3,1401.278,164779120.0,33903.0,708.26,83290210.0,117666.1,118246.18,-257.8267,-233.52869,-24.298021,44.393066,42.563374,43.86108,119122.2,118009.85,116897.49,119402.414,118286.195,117169.97,25.905317,20.601572,12905.989,415.79913,372.95435,1.1148795,27.537262,117572.74,117883.45,118194.16,117188.31,118636.516,116566.9,119200.0,119916.2,120290.1,neutral,119200.0,116566.9,neutral,,,,117571.766,117666.1,118340.5,2085.6567,0.67186415,快速死叉,,,
2025-07-21 18:00:00,117815.2,117919.0,117803.3,117908.0,877.76,103455020.0,21710.0,467.306,55077788.0,117702.36,118235.12,-219.16685,-228.74141,9.5745535,48.117077,44.615353,45.246708,118882.31,117940.68,116999.055,119392.95,118266.86,117140.766,49.102924,30.25012,13783.749,378.28674,360.70413,1.0487453,26.326246,117572.74,117883.45,118194.16,117188.31,118636.516,116566.9,119200.0,119916.2,120290.1,neutral,119200.0,116566.9,neutral,,,,117699.43,117702.36,118315.87,2046.653,0.42887583,快速死叉,,,
2025-07-21 18:15:00,117908.0,118197.0,117846.1,117952.9,1548.404,182753550.0,30303.0,795.733,93929260.0,117715.24,118235.85,-181.88504,-213.12262,31.237577,50.00893,45.62858,45.92549,118610.42,117880.51,117150.59,119373.37,118246.83,117120.29,72.19812,49.068787,15332.153,374.8634,360.23727,1.0406014,23.489483,117572.74,117883.45,118194.16,117188.31,118636.516,116566.9,119200.0,119916.2,120290.1,neutral,119200.0,116566.9,neutral,,,,117892.07,117715.24,118297.055,2057.0454,0.75273204,快速金叉,,,
2025-07-21 18:30:00,117952.9,117973.5,117400.7,117432.9,1441.452,169572620.0,31683.0,515.714,60669700.0,117696.82,118196.24,-212.50449,-212.91656,0.41209158,33.50273,37.151676,39.909065,118464.06,117799.71,117135.35,119386.36,118207.92,117029.484,55.694485,58.99851,13890.701,399.60547,370.3593,1.0789671,23.340876,117572.74,117883.45,118194.16,117188.31,118636.516,116566.9,119200.0,115850.695,115476.8,downtrend,119200.0,116566.9,neutral,115850.695,117572.74,0.3288899,117764.6,117696.82,118261.42,2015.1359,0.71531254,快速金叉,,,
2025-07-21 18:45:00,117432.9,117432.9,117033.0,117116.3,2845.129,333461470.0,51215.0,1028.369,120528350.0,117645.08,118126.06,-265.87112,-230.56808,-35.303032,27.139761,33.117542,36.824993,118407.21,117700.73,116994.24,119432.35,118158.43,116884.51,32.283337,53.39198,11045.572,399.6423,371.766,1.0749835,25.065931,117539.055,117839.35,118139.65,117167.5,118567.19,116566.9,119111.8,115874.69,115513.31,downtrend,119111.8,116566.9,neutral,115874.69,117539.055,0.21588275,117500.7,117645.08,118214.16,1931.4858,1.473026,快速死叉,,,
2025-07-21 19:00:00,117116.4,117400.0,116933.0,117391.2,1872.312,219412220.0,44948.0,980.275,114907620.0,117560.26,118058.695,-264.63806,-241.92474,-22.71331,38.89581,39.282555,40.982983,118361.55,117653.58,116945.61,119449.31,118126.53,116803.75,19.935598,35.971138,12917.884,408.062,376.30096,1.0844033,27.015673,117539.055,117839.35,118139.65,117167.5,118567.19,116566.9,119111.8,115874.69,115513.31,downtrend,119111.8,116566.9,neutral,115874.69,117539.055,0.3239027,117313.47,117560.26,118182.49,1918.738,0.97580385,快速死叉,,,
2025-07-21 19:15:00,117391.2,117485.7,116947.4,117043.5,1000.649,117310950.0,28047.0,409.693,48042908.0,117387.36,117983.53,-298.25626,-260.7019,-37.554344,31.41589,34.90059,37.688644,118394.27,117583.2,116772.13,119516.19,118093.15,116670.11,17.382814,23.200584,11917.235,424.34177,384.0152,1.1050129,27.806847,117385.56,117638.45,117891.336,117072.67,118251.375,116566.9,118710.0,115983.98,115679.66,downtrend,118710.0,116566.9,neutral,115983.98,117385.56,0.22238813,117183.664,117387.36,118141.22,1843.328,0.5428491,快速死叉,,,
2025-07-21 19:30:00,117044.0,117044.0,116600.0,116800.0,3844.075,449061600.0,57478.0,1458.861,170481230.0,117156.78,117884.24,-343.15414,-288.186,-54.968163,27.15004,32.19227,35.585266,118468.78,117497.945,116527.1,119600.375,118046.836,116493.29,19.171856,18.83009,8073.16,426.79904,386.8716,1.1032059,30.117401,117326.35,117560.95,117795.55,117036.09,118129.55,116566.9,118555.0,116026.14,115743.83,downtrend,118555.0,116566.9,neutral,116026.14,117326.35,0.117247626,117078.234,117156.78,118091.11,1978.1963,1.9432222,快速死叉,,,
2025-07-21 19:45:00,116800.1,116859.3,116614.3,116724.7,1915.087,223548880.0,40470.0,1040.713,121486510.0,117015.14,117775.336,-375.17892,-317.18362,-57.99528,25.882101,31.381271,34.951885,118520.39,117414.445,116308.49,119658.07,117990.34,116322.625,9.69132,15.415331,6158.073,404.07416,380.1158,1.063029,32.139133,117259.88,117473.95,117688.016,116995.03,117992.78,116566.9,118381.0,116073.46,115815.86,downtrend,118381.0,116566.9,neutral,116073.46,117259.88,0.08698528,116856.07,117015.14,118037.52,1986.7046,0.9639516,快速死叉,,,
2025-07-21 20:00:00,116724.7,116942.2,116566.9,116881.4,1655.866,193309800.0,37860.0,936.089,109292670.0,116968.16,117684.24,-370.36154,-334.9096,-35.451942,33.43002,35.048317,37.38701,118429.55,117330.516,116231.484,119696.27,117947.35,116198.44,14.23025,14.364476,7813.939,400.4774,379.8865,1.0542028,32.86434,117189.6,117381.95,117574.305,116951.6,117848.16,116566.9,118197.0,116123.516,115892.04,downtrend,118197.0,116566.9,neutral,116123.516,117189.6,0.19293295,116802.03,116968.16,117988.39,2002.685,0.826823,快速死叉,,,
2025-07-21 20:15:00,116881.3,117079.3,116855.7,117029.1,1116.43,130601350.0,26633.0,697.107,81549670.0,116895.74,117602.87,-341.07083,-336.96335,-4.107485,40.13414,38.390404,39.623936,118397.18,117289.195,116181.2,119711.58,117910.31,116109.05,26.824005,16.915192,8930.369,378.3677,372.44427,1.0159042,31.819803,117189.6,117381.95,117574.305,116951.6,117848.16,116566.9,118197.0,116123.516,115892.04,downtrend,118197.0,116566.9,neutral,116123.516,117189.6,0.28354087,116878.4,116895.74,117950.7,1981.1877,0.5635155,快速死叉,,,
2025-07-21 20:30:00,117029.0,117168.7,116876.4,117109.5,1142.119,133694824.0,24144.0,773.657,90566790.0,116908.94,117528.32,-303.30545,-325.74405,22.438591,43.7328,40.194378,40.832134,118380.266,117267.07,116153.87,119725.18,117882.72,116040.26,43.906303,28.320187,10072.488,367.60925,368.6279,0.99723667,29.852789,117189.6,117381.95,117574.305,116951.6,117848.16,116566.9,118197.0,116123.516,115892.04,downtrend,118197.0,116566.9,neutral,116123.516,117189.6,0.332863,117006.664,116908.94,117923.98,1951.6086,0.58521926,快速金叉,,,
2025-07-21 20:45:00,117109.5,117227.1,116860.8,116889.7,960.342,112406230.0,20046.0,416.973,48813170.0,116926.88,117456.28,-295.63702,-315.70837,20.071346,36.697037,37.004375,38.614044,118238.625,117189.93,116141.24,119729.9,117836.88,115943.87,48.164272,39.631527,9112.146,367.4456,368.51703,0.99709255,27.433924,117189.6,117381.95,117574.305,116951.6,117848.16,116566.9,118197.0,116123.516,115892.04,downtrend,118197.0,116566.9,neutral,116123.516,117189.6,0.19802466,117009.43,116926.88,117886.84,1923.9672,0.49914676,快速金叉,,,
2025-07-21 21:00:00,116889.6,117172.0,116824.4,116906.9,679.383,79485070.0,17996.0,353.056,41311930.0,116963.32,117389.75,-281.37335,-304.26337,22.890024,37.61335,37.422905,38.886818,117992.2,117106.51,116220.82,119686.78,117780.77,115874.766,48.56254,46.877705,9791.529,364.9649,367.521,0.99304503,25.687912,117189.6,117381.95,117574.305,116951.6,117848.16,116566.9,118197.0,116123.516,115892.04,downtrend,118197.0,116566.9,neutral,116123.516,117189.6,0.20857616,116968.7,116963.32,117843.625,1792.9972,0.3789091,快速金叉,,,
2025-07-21 21:15:00,116906.9,117200.0,116906.8,117185.8,472.045,55278532.0,13775.0,287.195,33631660.0,117024.2,117353.02,-232.24544,-280.2574,48.011955,51.024467,43.928177,43.185192,117611.16,117042.586,116474.01,119582.11,117726.77,115871.44,60.12555,52.28412,10263.574,355.9943,363.9819,0.97805494,23.7589,117189.6,117381.95,117574.305,116951.6,117848.16,116566.9,118197.0,116123.516,115892.04,downtrend,118197.0,116566.9,fib_382_reject_缩量,116123.516,117189.6,0.37966996,116994.13,117024.2,117815.48,1528.2804,0.3088733,快速死叉,,,关键支撑区
2025-07-21 21:30:00,117185.8,117338.7,117069.0,117333.4,538.366,63106196.0,15096.0,315.928,37036904.0,117085.06,117326.62,-175.3612,-245.29199,69.930786,56.76315,47.06449,45.322205,117564.95,117034.29,116503.625,119492.59,117683.82,115875.05,81.51905,63.40238,10801.94,345.2075,359.49228,0.960264,21.40966,117189.6,117381.95,117574.305,116951.6,117848.16,116566.9,118197.0,118640.39,118871.86,neutral,118197.0,116566.9,neutral,,,,117142.03,117085.06,117792.42,1486.8572,0.3620832,快速金叉,,,
2025-07-21 21:45:00,117333.4,117333.4,117109.6,117171.7,496.407,58186344.0,12428.0,177.569,20813824.0,117097.5,117295.59,-150.58537,-213.72311,63.13775,49.369453,44.150936,43.442566,117576.34,117038.91,116501.48,119347.47,117626.71,115905.95,86.8621,76.1689,10305.533,330.03156,353.03073,0.9348522,19.354076,116755.82,117031.0,117306.18,116415.35,117697.95,115865.0,118197.0,118831.305,119162.445,neutral,118197.0,115865.0,neutral,,,,117230.3,117097.5,117770.54,1458.1179,0.34044364,快速金叉,,,
2025-07-21 22:00:00,117171.8,117285.5,117061.0,117279.9,788.62,92431660.0,16276.0,397.458,46583084.0,117175.54,117274.32,-117.166275,-181.5375,64.37123,54.042652,46.535965,45.043915,117527.73,117029.63,116531.55,119150.04,117568.98,115987.92,85.13632,84.50582,11094.153,316.84012,346.91022,0.9133202,17.093893,117306.18,117031.0,116755.82,117646.65,116364.05,118197.0,115865.0,118831.305,119162.445,uptrend,118197.0,115865.0,fib_618_bounce_缩量,117031.0,117306.18,0.6067324,117261.664,117175.54,117742.41,1429.4261,0.55170393,快速金叉,,,反转区
2025-07-21 22:15:00,117279.8,117373.6,117155.8,117365.9,598.111,70138630.0,12875.0,362.996,42568028.0,117267.34,117249.43,-81.1105,-148.06183,66.95134,57.66599,48.421364,46.31253,117614.54,117056.5,116498.46,118980.27,117521.37,116062.46,84.89787,85.632095,11692.264,304.4601,340.76212,0.89346814,16.18574,117168.055,116919.25,116670.445,117475.89,116316.22,117973.5,115865.0,118547.016,118846.42,uptrend,117973.5,115865.0,fib_golden_zone_缩量,117168.055,118547.016,0.71183306,117272.5,117267.34,117707.43,1370.8099,0.43631944,快速金叉,,,
2025-07-21 22:30:00,117365.9,117596.6,117365.8,117575.1,943.838,110921410.0,16861.0,658.721,77411000.0,117345.2,117251.82,-29.65389,-108.59252,78.93863,65.40634,52.78335,49.301758,117757.02,117121.09,116485.164,118808.68,117482.6,116156.53,94.793564,88.27592,12636.102,295.2526,335.52582,0.8799698,18.104795,117151.734,116906.05,116660.36,117455.73,116310.57,117947.1,115865.0,118513.43,118809.086,uptrend,117947.1,115865.0,neutral,117151.734,118513.43,0.82133424,117406.97,117345.2,117672.266,1306.8837,0.72220504,快速金叉,,,
2025-07-21 22:45:00,117575.1,117582.6,117307.6,117307.6,666.747,78305980.0,13524.0,212.533,24960752.0,117340.04,117248.61,-24.4378,-80.54095,56.103146,51.38939,47.277596,45.872574,117729.03,117169.664,116610.305,118622.46,117437.02,116251.586,84.63917,88.1102,11969.355,292.721,332.64365,0.8799838,18.68234,117151.734,116906.05,116660.36,117455.73,116310.57,117947.1,115865.0,118513.43,118809.086,uptrend,117947.1,115865.0,fib_golden_zone_缩量,117151.734,118513.43,0.69285816,117416.2,117340.04,117634.71,1270.1571,0.5249327,快速金叉,,,
2025-07-21 23:00:00,117307.7,117333.6,117127.1,117237.1,533.122,62499810.0,15600.0,291.416,34162390.0,117353.12,117221.08,-28.481857,-63.187916,34.70606,48.21248,45.918175,45.006298,117707.99,117199.305,116690.625,118483.29,117398.18,116313.06,62.732853,80.72186,11436.233,281.9434,326.6368,0.8631709,16.450327,117151.734,116906.05,116660.36,117455.73,116310.57,117947.1,115865.0,118513.43,118809.086,uptrend,117947.1,115865.0,fib_golden_zone_缩量,117151.734,118513.43,0.65899813,117373.266,117353.12,117587.625,1252.9252,0.42550185,快速金叉,,,
2025-07-21 23:15:00,117237.0,117315.9,117062.6,117314.0,800.026,93742710.0,17896.0,420.728,49300980.0,117359.94,117192.79,-21.63575,-49.337193,27.701445,51.98952,47.68521,46.17056,117718.07,117223.05,116728.03,118350.984,117365.17,116379.37,46.073185,64.481735,12236.259,278.36298,323.1446,0.86141926,15.398255,117151.734,116906.05,116660.36,117455.73,116310.57,117947.1,115865.0,118513.43,118809.086,uptrend,117947.1,115865.0,fib_golden_zone_缩量,117151.734,118513.43,0.695932,117286.234,117359.94,117539.12,1215.5063,0.65818334,快速死叉,,,
2025-07-21 23:30:00,117314.0,117471.0,117259.4,117280.5,644.943,75717440.0,15395.0,346.882,40724210.0,117342.86,117160.77,-20.283527,-39.652637,19.36911,50.131283,46.965305,45.72774,117724.88,117237.3,116749.72,118283.23,117342.625,116402.016,40.365944,49.723995,11591.316,270.0176,317.83295,0.84955823,14.7173815,117151.734,116906.05,116660.36,117455.73,116310.57,117947.1,115865.0,118513.43,118809.086,uptrend,117947.1,115865.0,fib_golden_zone_缩量,117151.734,118513.43,0.6798425,117277.2,117342.86,117495.87,1175.6809,0.5485698,快速死叉,,,
2025-07-21 23:45:00,117280.6,117427.8,117239.8,117330.2,316.306,37121144.0,10784.0,171.269,20099934.0,117293.88,117155.88,-13.055174,-30.786818,17.731644,53.03666,48.214405,46.52665,117673.7,117274.01,116874.32,118224.016,117324.03,116424.04,46.110394,44.183174,11907.622,259.76538,311.65042,0.83351535,13.79893,117151.734,116906.05,116660.36,117455.73,116310.57,117947.1,115865.0,118513.43,118809.086,uptrend,117947.1,115865.0,fib_golden_zone_缩量,117151.734,118513.43,0.7037126,117308.234,117293.88,117455.64,1049.2397,0.30146208,快速金叉,,,
2025-07-22 00:00:00,117330.2,117361.6,117209.9,117287.9,452.441,53060156.0,12877.0,191.497,22457918.0,117289.94,117164.055,-12.666901,-24.746845,12.079945,50.136265,47.195564,45.922535,117571.555,117305.76,117039.96,118170.74,117306.19,116441.63,44.428482,43.63494,11455.181,246.25722,304.03372,0.8099668,12.467515,117151.734,116906.05,116660.36,117455.73,116310.57,117947.1,115865.0,118513.43,118809.086,uptrend,117947.1,115865.0,fib_golden_zone_缩量,117151.734,118513.43,0.6833966,117299.53,117289.94,117416.01,978.24615,0.4625022,快速金叉,,,
2025-07-22 00:15:00,117287.9,117474.7,117287.9,117474.7,560.985,65870590.0,14209.0,297.104,34882440.0,117337.46,117168.03,9.747557,-13.248712,22.996267,61.09715,52.01762,48.993454,117603.734,117329.836,117055.93,118140.92,117297.79,116454.66,57.184456,49.24111,12016.166,238.82507,298.45117,0.8002149,13.061556,117151.734,116906.05,116660.36,117455.73,116310.57,117947.1,115865.0,118513.43,118809.086,uptrend,117947.1,115865.0,fib_golden_zone_缩量,117151.734,118513.43,0.77311367,117364.266,117337.46,117389.5,956.26294,0.58664304,快速金叉,零轴上穿,,强势区
2025-07-22 00:30:00,117474.6,117475.1,116968.2,117026.4,1637.421,191756860.0,27972.0,494.596,57922520.0,117279.94,117167.21,-27.31484,-17.93742,-9.377419,37.820297,42.084965,42.860245,117659.46,117304.25,116949.04,118067.77,117269.055,116470.336,44.30752,48.640152,10378.745,272.33444,308.3773,0.8831209,13.956983,116660.36,116906.05,117151.734,116356.375,117501.53,115865.0,117947.1,118513.43,118809.086,neutral,117947.1,115865.0,neutral,,,,117263.0,117279.94,117353.0,845.93024,1.9356455,快速死叉,零轴下穿,,
2025-07-22 00:45:00,117026.5,117279.4,117026.5,117073.1,566.401,66352870.0,18526.0,300.282,35176336.0,117238.46,117180.22,-47.005867,-27.626904,-19.378965,40.571926,43.29957,43.63207,117680.05,117296.03,116912.016,118047.53,117253.99,116460.445,37.14199,46.211323,10945.146,269.91763,305.7403,0.88283306,14.740481,116660.36,116906.05,117151.734,116356.375,117501.53,115865.0,117947.1,118513.43,118809.086,neutral,117947.1,115865.0,neutral,,,,117191.4,117238.46,117327.74,778.496,0.7275581,快速死叉,,,
2025-07-22 01:00:00,117073.2,117091.3,116800.1,116810.2,1408.276,164655420.0,33256.0,531.163,62110136.0,117134.46,117184.29,-90.35797,-48.53726,-41.82071,31.435406,38.41524,40.40589,117785.6,117256.89,116728.18,118054.57,117235.164,116415.76,11.22409,30.891201,9536.87,272.5779,305.04788,0.8935578,17.700401,116660.36,116906.05,117151.734,116356.375,117501.53,115865.0,117947.1,118513.43,118809.086,neutral,117947.1,115865.0,neutral,,,,116969.9,117134.46,117296.945,766.11646,1.8382009,快速死叉,,,
2025-07-22 01:15:00,116810.3,117199.9,115865.0,117199.8,8651.643,1007913100.0,142942.0,3499.643,408089700.0,117116.84,117199.45,-72.846085,-56.6402,-16.205883,50.649563,47.810658,46.55494,117765.445,117243.05,116720.66,117980.73,117214.65,116448.56,35.0308,27.79896,18188.514,405.3682,354.08847,1.1448218,24.281067,117151.734,116906.05,116660.36,117455.73,116310.57,117947.1,115865.0,118513.43,118809.086,uptrend,117947.1,115865.0,fib_golden_zone_带量,117151.734,118513.43,0.64108354,117027.7,117116.84,117279.14,1142.8771,7.5700555,快速死叉,,,
2025-07-22 01:30:00,117199.8,117818.2,117075.2,117615.7,4781.213,562069060.0,69371.0,2014.721,236691470.0,117145.04,117227.38,-10.312175,-41.197525,30.885351,63.4173,55.59816,52.09535,117785.13,117246.43,116707.734,117917.96,117204.91,116491.84,58.010124,34.755005,22969.727,447.57217,372.60806,1.2011875,24.04527,117151.734,116906.05,116660.36,117455.73,116310.57,117947.1,115865.0,118513.43,118809.086,uptrend,117947.1,115865.0,neutral,117151.734,118513.43,0.8408338,117208.57,117145.04,117275.97,1324.8318,3.6089208,快速金叉,,,
2025-07-22 01:45:00,117615.7,117947.1,117571.3,117700.0,2279.069,268356020.0,43982.0,1345.167,158390500.0,117279.76,117255.51,43.306446,-13.029535,56.33598,65.52639,56.998783,53.129448,117915.61,117279.13,116642.66,117853.39,117196.48,116539.555,86.88875,59.97656,25248.795,438.60065,372.76007,1.1766299,22.877354,117151.734,116906.05,116660.36,117455.73,116310.57,117947.1,115865.0,118513.43,118809.086,uptrend,117947.1,115865.0,neutral,117151.734,118513.43,0.8813217,117505.164,117279.76,117270.586,1390.7682,1.6387124,快速金叉,零轴上穿,,
2025-07-22 02:00:00,117700.1,117777.9,117380.5,117463.0,1557.136,183075470.0,32085.0,655.344,77057990.0,117357.74,117282.805,51.887672,8.609534,43.278137,55.10596,52.029697,49.946705,117947.56,117297.96,116648.35,117857.19,117197.48,116537.766,84.838005,76.57896,23691.658,433.45056,373.93338,1.1591651,22.880142,117151.734,116906.05,116660.36,117455.73,116310.57,117947.1,115865.0,118513.43,118809.086,uptrend,117947.1,115865.0,fib_golden_zone,117151.734,118513.43,0.7674944,117592.9,117357.74,117268.81,1434.6558,1.0853726,快速金叉,,,强势区
2025-07-22 02:15:00,117463.1,117679.7,117364.1,117507.4,789.091,92717704.0,21714.0,444.249,52198636.0,117497.18,117311.4,61.83864,26.35257,35.48607,56.61396,52.85884,50.52966,117982.34,117314.08,116645.805,117885.58,117210.516,116535.445,81.2545,84.32709,24480.75,418.71924,371.1556,1.1281501,22.97272,117151.734,116906.05,116660.36,117455.73,116310.57,117947.1,115865.0,118513.43,118809.086,uptrend,117947.1,115865.0,neutral,117151.734,118513.43,0.78881896,117556.8,117497.18,117272.59,1450.508,0.54401004,快速金叉,,,强势区
2025-07-22 02:30:00,117507.4,117639.0,117233.5,117239.1,1010.294,118626650.0,21442.0,350.032,41112584.0,117505.04,117313.94,35.936947,29.547361,6.389585,45.774246,47.514366,47.052593,117980.87,117310.625,116640.38,117874.62,117205.445,116536.27,73.87573,79.98941,23470.455,417.06683,372.79105,1.1187683,23.802635,117151.734,116906.05,116660.36,117455.73,116310.57,117947.1,115865.0,118513.43,118809.086,uptrend,117947.1,115865.0,fib_golden_zone_缩量,117151.734,118513.43,0.6599587,117403.164,117505.04,117256.13,1474.1045,0.6853612,快速死叉,,,
2025-07-22 02:45:00,117239.1,117284.9,116914.4,116980.0,1595.608,186779680.0,33101.0,626.114,73293030.0,117377.9,117297.11,-13.232931,15.287264,-28.520195,37.652008,42.9935,43.98362,117995.016,117281.445,116567.87,117876.93,117203.33,116529.73,66.14316,73.7578,21874.848,411.24597,372.68198,1.103477,26.10974,116660.36,116906.05,117151.734,116356.375,117501.53,115865.0,117947.1,118513.43,118809.086,neutral,117947.1,115865.0,neutral,,,,117242.164,117377.9,117229.62,1529.0646,1.043519,快速死叉,零轴下穿,,
2025-07-22 03:00:00,116980.0,117208.4,116911.3,116977.4,949.459,111142296.0,24289.0,389.81,45632724.0,117233.38,117287.86,-47.445118,-5.62353,-41.821587,37.57395,42.949337,43.953415,118004.195,117255.57,116506.94,117862.2,117209.24,116556.28,41.97637,60.66509,20925.389,396.97772,369.08282,1.075579,28.142826,116660.36,116906.05,117151.734,116356.375,117501.53,115865.0,117947.1,118513.43,118809.086,neutral,117947.1,115865.0,neutral,,,,117065.5,117233.38,117201.74,1537.1064,0.6176924,快速死叉,,,
2025-07-22 03:15:00,116977.4,117116.8,116643.0,117090.1,2089.968,244246340.0,39523.0,1044.986,122157150.0,117158.8,117278.82,-56.962482,-22.736515,-34.22597,43.497368,45.559677,45.65216,117958.65,117223.516,116488.38,117831.07,117221.42,116611.77,31.405807,46.508446,23015.357,406.5805,374.06937,1.0869122,31.106922,116660.36,116906.05,117151.734,116356.375,117501.53,115865.0,117947.1,118513.43,118809.086,neutral,117947.1,115865.0,neutral,,,,117015.836,117158.8,117191.95,1611.6993,1.296748,快速死叉,,,
2025-07-22 03:30:00,117090.0,117250.3,116745.5,116873.0,1835.067,214746140.0,35856.0,940.401,110070310.0,117031.92,117255.34,-87.645035,-44.37269,-43.27235,35.85194,41.610058,43.015068,117979.016,117210.734,116442.45,117831.94,117221.14,116610.336,20.310608,31.230928,21180.29,418.85794,380.29462,1.1014038,32.076466,116776.07,117057.5,117338.93,116427.86,117739.61,115865.0,118250.0,118898.72,119237.39,neutral,118250.0,115865.0,neutral,,,,116980.164,117031.92,117185.0,1656.2607,1.1079577,快速死叉,,,
2025-07-22 03:45:00,116873.0,117181.6,116797.1,117177.0,947.074,110844810.0,22423.0,527.679,61769476.0,117019.5,117236.39,-71.391495,-53.378956,-18.012535,50.16247,48.360813,47.475994,117980.24,117219.39,116458.54,117829.734,117226.07,116622.41,35.353294,29.023237,22127.363,414.5632,380.49487,1.0895369,32.92482,116892.54,117209.95,117527.36,116499.81,117979.26,115865.0,118554.9,119286.555,119668.516,neutral,118554.9,115865.0,neutral,,,,117046.7,117019.5,117178.88,1670.2771,0.56701607,快速金叉,,,
2025-07-22 04:00:00,117176.9,117240.0,117030.5,117082.5,568.341,66574052.0,19124.0,297.604,34863444.0,117040.0,117225.67,-69.4632,-58.74037,-10.722829,46.407833,46.558796,46.293144,117938.37,117242.086,116545.805,117830.24,117225.17,116620.09,38.634068,31.432657,21559.023,388.9303,372.35226,1.0445225,32.858143,116892.54,117209.95,117527.36,116499.81,117979.26,115865.0,118554.9,119286.555,119668.516,neutral,118554.9,115865.0,neutral,,,,117044.164,117040.0,117179.99,1672.0381,0.3399091,快速金叉,,,
2025-07-22 04:15:00,117082.5,117130.1,116804.1,116941.6,942.978,110282410.0,26003.0,415.305,48575090.0,117032.84,117211.6,-82.97595,-66.8189,-16.157053,41.061558,43.930378,44.555252,117952.14,117220.57,116488.99,117825.47,117226.9,116628.33,47.38475,40.45737,20616.045,381.06403,370.14502,1.0294993,34.246193,116892.54,117209.95,117527.36,116499.81,117979.26,115865.0,118554.9,119286.555,119668.516,neutral,118554.9,115865.0,neutral,,,,117067.03,117032.84,117184.04,1679.1857,0.5615686,快速金叉,,,
2025-07-22 04:30:00,116941.6,117325.0,116800.0,116820.1,1151.499,134845950.0,30088.0,535.623,62728470.0,116978.84,117188.08,-104.64913,-79.42898,-25.220156,36.796913,41.74203,43.090572,117865.414,117154.266,116443.12,117835.195,117224.01,116612.82,38.8708,41.62987,19464.547,399.05603,377.51907,1.0570487,32.867302,116892.54,117209.95,117527.36,116499.81,117979.26,115865.0,118554.9,115133.34,114751.38,downtrend,118554.9,115865.0,neutral,115133.34,116892.54,0.35506895,116948.07,116978.84,117186.766,1704.5135,0.67555875,快速死叉,,,关键支撑区
2025-07-22 04:45:00,116820.2,116900.0,116487.0,116500.0,2100.652,245100050.0,45404.0,835.375,97479340.0,116904.24,117150.914,-154.7223,-104.52675,-50.19555,27.892715,36.573036,39.49867,117769.77,117054.266,116338.76,117905.96,117201.15,116496.33,24.679068,36.978207,17363.895,400.799,379.20862,1.0569354,33.6685,116892.54,117209.95,117527.36,116499.81,117979.26,115865.0,118554.9,115133.34,114751.38,downtrend,118554.9,115865.0,neutral,115133.34,116892.54,0.23606825,116753.9,116904.24,117175.87,1793.7308,1.1711078,快速死叉,,,
2025-07-22 05:00:00,116500.1,117206.0,116484.2,117168.9,2418.657,282563230.0,41748.0,1428.132,166889090.0,116902.62,117143.234,-107.715385,-105.58963,-2.1257572,54.647713,50.39621,48.85327,117673.24,117029.76,116386.28,117897.484,117195.664,116493.84,36.317802,33.289223,19782.55,440.92413,395.5225,1.114789,31.071459,116892.54,117209.95,117527.36,116499.81,117979.26,115865.0,118554.9,119286.555,119668.516,neutral,118554.9,115865.0,neutral,,,,116829.664,116902.62,117179.86,1892.0416,1.2783319,快速死叉,,,
2025-07-22 05:15:00,117168.9,117318.0,117069.8,117123.0,1146.756,134379420.0,24923.0,438.752,51418628.0,116910.72,117135.38,-77.85174,-96.343666,18.491928,53.07125,49.597424,48.31502,117520.48,116997.73,116474.97,117896.66,117194.04,116491.42,52.986973,37.994614,18635.795,416.83362,388.50714,1.072911,27.762915,117275.21,117519.55,117763.89,116972.88,118111.77,116484.2,118554.9,115920.97,115626.93,downtrend,118554.9,116484.2,neutral,115920.97,117275.21,0.30849472,116930.63,116910.72,117180.25,1921.3302,0.5968553,快速金叉,,,
2025-07-22 05:30:00,117122.9,117297.0,117011.9,117050.0,842.102,98650136.0,21523.0,441.933,51774210.0,116932.4,117115.16,-63.786346,-85.49123,21.704878,50.374863,48.286575,47.442142,117469.54,116981.97,116494.39,117891.0,117186.375,116481.75,74.90089,54.73522,17793.693,400.3669,383.583,1.0437557,25.363728,117275.21,117519.55,117763.89,116972.88,118111.77,116484.2,118554.9,115920.97,115626.93,downtrend,118554.9,116484.2,neutral,115920.97,117275.21,0.27324092,117113.97,116932.4,117184.83,1881.5642,0.44755423,快速金叉,,,
2025-07-22 05:45:00,117050.0,117294.8,116886.1,117289.3,1041.052,121906810.0,23039.0,622.333,72873780.0,117026.24,117127.68,-24.51777,-65.16674,40.648968,58.44861,52.699844,50.519077,117546.5,117007.74,116468.984,117884.67,117183.82,116482.98,79.67412,69.187325,18834.744,401.40854,384.77905,1.0432184,24.333931,117275.21,117519.55,117763.89,116972.88,118111.77,116484.2,118554.9,115920.97,115626.93,downtrend,118554.9,116484.2,fib_382_reject_缩量,117275.21,117519.55,0.38880572,117154.1,117026.24,117195.76,1905.2968,0.5463989,快速金叉,,,关键支撑区
2025-07-22 06:00:00,117289.5,117548.6,117222.6,117516.2,1531.884,179881310.0,37051.0,919.882,108018550.0,117229.48,117148.77,29.921011,-33.470825,63.391834,64.78621,56.491333,53.244267,117709.96,117052.64,116395.33,117875.26,117181.86,116488.46,86.66771,80.41424,20366.629,391.98248,381.98004,1.0261858,21.749828,117275.21,117519.55,117763.89,116972.88,118111.77,116484.2,118554.9,119118.13,119412.17,neutral,118554.9,116484.2,neutral,,,,117285.164,117229.48,117205.195,1911.4772,0.8014137,快速金叉,零轴上穿,,
2025-07-22 06:15:00,117516.2,117697.6,117387.2,117680.4,1223.09,143783580.0,26120.0,624.144,73393000.0,117331.78,117190.21,86.31008,6.4561443,79.853935,68.803474,59.049503,55.12236,117909.9,117101.836,116293.766,117926.56,117194.29,116462.01,97.09753,87.81312,21589.719,381.78467,378.57147,1.0084877,20.770094,117306.95,117561.1,117815.25,116992.5,118177.086,116484.2,118638.0,119223.836,119529.67,neutral,118638.0,116484.2,neutral,,,,117495.3,117331.78,117215.11,1540.0496,0.79418874,快速金叉,,,
2025-07-22 06:30:00,117680.3,117727.0,117503.8,117508.4,1039.467,122266360.0,23179.0,427.644,50304160.0,117408.86,117204.91,103.41569,38.775993,64.639694,60.38473,55.376514,52.79009,117992.125,117154.78,116317.44,117951.1,117203.33,116455.555,92.649734,92.13832,20550.252,361.96158,371.17282,0.9751834,20.16498,117306.95,117561.1,117815.25,116992.5,118177.086,116484.2,118638.0,119223.836,119529.67,neutral,118638.0,116484.2,neutral,,,,117568.336,117408.86,117224.73,1352.9622,0.76828974,快速金叉,,,
2025-07-22 06:45:00,117508.5,117799.9,117445.0,117799.7,999.022,117516980.0,24859.0,522.227,61432290.0,117558.8,117213.67,146.97069,74.84089,72.1298,68.09765,59.92318,56.09363,118173.05,117206.67,116240.3,118019.96,117219.52,116419.08,93.6571,94.46812,21549.273,361.0789,370.39792,0.97484046,20.28987,117306.95,117561.1,117815.25,116992.5,118177.086,116484.2,118638.0,119223.836,119529.67,neutral,118638.0,116484.2,neutral,,,,117662.836,117558.8,117239.58,1288.9598,0.7750606,快速金叉,,,
2025-07-22 07:00:00,117799.7,118250.0,117720.8,118244.2,3099.738,365834140.0,70987.0,1870.494,220747550.0,117749.78,117239.586,225.83128,125.17102,100.66026,76.30904,65.67104,60.519974,118532.36,117303.484,116074.6,118193.67,117251.64,116309.61,93.98785,93.431564,24649.012,382.09402,377.95993,1.0109379,23.40728,117306.95,117561.1,117815.25,116992.5,118177.086,116484.2,118638.0,119223.836,119529.67,neutral,118638.0,116484.2,neutral,,,,117850.766,117749.78,117264.67,1366.09,2.2690585,快速金叉,,,
2025-07-22 07:15:00,118244.2,118554.9,118177.6,118530.0,3382.274,400292830.0,51064.0,1918.765,227081600.0,117952.54,117290.4,308.85516,186.39908,122.4561,80.142975,68.77223,63.035786,118924.73,117435.85,115946.98,118419.19,117291.63,116164.086,99.35359,95.666176,28031.285,381.49478,377.9285,1.0094364,27.443687,117306.95,117561.1,117815.25,116992.5,118177.086,116484.2,118638.0,119223.836,119529.67,neutral,118638.0,116484.2,neutral,,,,118191.3,117952.54,117291.96,1495.7491,2.2612576,快速金叉,,,
2025-07-22 07:30:00,118529.9,118548.9,118070.6,118149.9,2385.787,282102850.0,41265.0,700.799,82859010.0,118046.44,117320.99,314.9512,229.24979,85.70143,64.05806,60.89345,57.8848,119032.14,117546.664,116061.195,118522.18,117320.37,116118.56,89.228035,94.18983,25645.498,393.59543,382.7081,1.0284481,29.589731,117306.95,117561.1,117815.25,116992.5,118177.086,116484.2,118638.0,119223.836,119529.67,neutral,118638.0,116484.2,neutral,,,,118308.03,118046.44,117316.02,1564.5238,1.5249286,快速金叉,,,
2025-07-22 07:45:00,118149.9,118184.4,117779.4,117959.5,1760.16,207698050.0,35444.0,846.422,99889200.0,118136.66,117355.3,289.5572,249.35226,40.204945,57.33331,57.34918,55.49946,118907.98,117668.29,116428.61,118575.85,117336.53,116097.21,72.373405,86.98501,23885.34,395.021,383.76962,1.0293181,28.190023,117306.95,117561.1,117815.25,116992.5,118177.086,116484.2,118638.0,119223.836,119529.67,neutral,118638.0,116484.2,neutral,,,,118213.13,118136.66,117336.664,1572.7513,1.1191597,快速金叉,,,
2025-07-22 08:00:00,117959.5,117959.5,117501.6,117657.5,2529.015,297595940.0,52538.0,1239.447,145838060.0,118108.22,117387.555,229.79044,242.83165,-13.041212,48.007286,52.16304,51.93514,118880.88,117709.01,116537.13,118596.26,117357.57,116118.875,45.919395,69.173615,21356.324,402.8809,387.29965,1.0402304,24.809864,117306.95,117561.1,117815.25,116992.5,118177.086,116484.2,118638.0,119223.836,119529.67,neutral,118638.0,116484.2,neutral,,,,117922.3,118108.22,117346.48,1651.7291,1.5311317,快速死叉,,,
2025-07-22 08:15:00,117657.5,117955.0,117441.5,117684.6,1871.293,220223000.0,45466.0,968.344,113969050.0,117996.3,117421.234,185.99274,223.88535,-37.89261,48.877865,52.57747,52.22424,118827.75,117755.805,116683.87,118617.97,117377.95,116137.93,29.996922,49.42991,23227.617,416.70825,393.30917,1.0594928,22.336704,117306.95,117561.1,117815.25,116992.5,118177.086,116484.2,118638.0,119223.836,119529.67,neutral,118638.0,116484.2,neutral,,,,117767.2,117996.3,117358.02,1640.7954,1.1404792,快速死叉,,,
2025-07-22 08:30:00,117684.5,118183.6,117659.1,118068.5,1417.256,167230930.0,31576.0,807.688,95295170.0,117904.0,117467.82,196.06352,214.6114,-18.547888,59.958626,58.113434,56.147537,118764.43,117840.68,116916.94,118669.84,117419.89,116169.945,32.431293,36.11587,24644.873,430.18222,399.55637,1.0766497,20.82828,117306.95,117561.1,117815.25,116992.5,118177.086,116484.2,118638.0,119223.836,119529.67,neutral,118638.0,116484.2,neutral,,,,117803.53,117904.0,117379.12,1619.9049,0.87490076,快速死叉,,,
2025-07-22 08:45:00,118068.4,118330.6,117991.8,118257.9,1202.718,142147200.0,23324.0,642.504,75942240.0,117925.6,117533.77,220.6376,216.62013,4.0174646,64.40002,60.559654,57.936893,118773.97,117921.4,117068.836,118763.664,117455.164,116146.66,50.49099,37.639736,25847.592,418.75946,396.6632,1.0557053,20.592726,117306.95,117561.1,117815.25,116992.5,118177.086,116484.2,118638.0,119223.836,119529.67,neutral,118638.0,116484.2,neutral,,,,118003.664,117925.6,117406.83,1632.687,0.73664945,快速金叉,,,
2025-07-22 09:00:00,118257.9,118258.0,117983.0,118000.0,1101.45,130068730.0,22077.0,432.823,51108916.0,117933.7,117572.96,202.41402,211.88477,-9.470752,54.752186,55.78244,54.7432,118748.5,117961.72,117174.93,118800.96,117467.98,116134.984,60.02413,47.648804,24746.14,400.78952,390.86972,1.0253788,20.288923,117306.95,117561.1,117815.25,116992.5,118177.086,116484.2,118638.0,119223.836,119529.67,neutral,118638.0,116484.2,neutral,,,,118108.8,117933.7,117421.84,1659.3425,0.663787,快速金叉,,,
2025-07-22 09:15:00,118000.0,118222.0,117837.7,118166.6,1151.404,135881120.0,27070.0,574.302,67788400.0,118035.52,117624.586,204.48265,209.41739,-4.9347453,59.342617,58.082783,56.374344,118766.75,118002.234,117237.72,118854.88,117483.52,116112.17,68.43759,59.650906,25897.545,398.72833,390.5569,1.0209225,18.393795,117306.95,117561.1,117815.25,116992.5,118177.086,116484.2,118638.0,119223.836,119529.67,neutral,118638.0,116484.2,neutral,,,,118141.5,118035.52,117454.414,1669.7638,0.689561,快速金叉,,,
2025-07-22 09:30:00,118166.7,118546.0,118166.6,118495.6,1623.063,192160590.0,32794.0,998.622,118233350.0,118197.72,117698.586,239.61853,219.48444,20.134094,67.04529,62.25842,59.40796,118815.85,118084.5,117353.15,118974.234,117517.945,116061.66,75.80823,68.08998,27520.607,396.3123,390.0256,1.0161186,19.33778,117306.95,117561.1,117815.25,116992.5,118177.086,116484.2,118638.0,119223.836,119529.67,neutral,118638.0,116484.2,neutral,,,,118220.734,118197.72,117495.06,1693.342,0.95849687,快速金叉,,,
2025-07-22 09:45:00,118495.6,118638.0,118352.6,118356.3,1779.732,210856430.0,40315.0,933.862,110653740.0,118255.28,117771.734,242.17232,227.04706,15.125251,61.307827,59.553364,57.62646,118848.375,118130.88,117413.4,119058.1,117546.24,116034.39,84.48252,76.24278,25740.877,382.44824,385.04343,0.9932601,20.779112,117306.95,117561.1,117815.25,116992.5,118177.086,116484.2,118638.0,119223.836,119529.67,neutral,118638.0,116484.2,neutral,,,,118339.5,118255.28,117539.234,1677.296,1.0610721,快速金叉,,,
2025-07-22 10:00:00,118356.3,118493.8,118251.5,118405.6,1004.472,118902190.0,22523.0,320.04,37890252.0,118284.82,117862.484,244.05074,232.71495,11.335784,62.628323,60.212246,58.093452,118886.98,118144.336,117401.69,119144.36,117585.125,116025.89,82.717415,81.00272,26745.348,364.92972,378.24612,0.96479434,20.779802,117306.95,117561.1,117815.25,116992.5,118177.086,116484.2,118638.0,119223.836,119529.67,neutral,118638.0,116484.2,neutral,,,,118419.164,118284.82,117573.69,1606.5868,0.62522113,快速金叉,,,
2025-07-22 10:15:00,118405.7,118510.0,118325.9,118504.9,992.548,117558264.0,20346.0,450.282,53334036.0,118385.8,117926.1,251.2632,238.8977,12.365492,65.40293,61.570187,59.04796,118877.164,118142.24,117407.32,119226.23,117635.95,116045.68,78.69471,81.96488,27737.896,342.32602,369.00107,0.92771006,20.918184,117306.95,117561.1,117815.25,116992.5,118177.086,116484.2,118638.0,119223.836,119529.67,neutral,118638.0,116484.2,neutral,,,,118422.266,118385.8,117599.09,1598.8763,0.62077844,快速金叉,,,
2025-07-22 10:30:00,118505.0,118724.9,118504.9,118690.2,2280.271,270535800.0,30280.0,1449.05,171909540.0,118490.52,118000.73,272.0774,249.9576,22.119799,70.21689,64.036804,60.797512,119028.516,118187.266,117346.016,119327.03,117693.05,116059.07,85.23888,82.217,30018.168,327.03525,361.90576,0.90364754,22.740183,117306.95,117561.1,117815.25,116992.5,118177.086,116484.2,118638.0,119223.836,119529.67,neutral,118638.0,116484.2,neutral,,,,118533.57,118490.52,117627.38,1670.7848,1.3647903,快速金叉,,,
2025-07-22 10:45:00,118690.3,118945.8,118667.7,118945.6,2846.766,338259680.0,38480.0,2014.534,239383490.0,118580.52,118090.99,310.0691,269.99478,40.074333,75.662346,67.16504,63.080193,119257.52,118269.445,117281.36,119468.055,117754.9,116041.74,93.1465,85.69336,32864.934,320.91833,357.91504,0.8966328,25.704206,117306.95,117561.1,117815.25,116992.5,118177.086,116484.2,118638.0,119223.836,119529.67,neutral,118638.0,116484.2,neutral,,,,118713.57,118580.52,117669.74,1761.0706,1.6164975,快速金叉,,,
2025-07-22 11:00:00,118945.6,119097.4,118766.0,118902.0,2810.451,334296580.0,47748.0,1426.432,169679630.0,118689.66,118167.79,324.15527,288.04828,36.107006,73.00393,66.107864,62.428608,119328.914,118373.15,117417.38,119563.89,117822.53,116081.18,91.69269,90.026024,30054.482,322.22855,356.6524,0.90348065,29.084707,117306.95,117561.1,117815.25,116992.5,118177.086,116484.2,118638.0,119223.836,119529.67,neutral,118638.0,116484.2,neutral,,,,118845.93,118689.66,117709.586,1824.9989,1.5399741,快速金叉,,,
2025-07-22 11:15:00,118902.0,119050.0,118902.0,119049.4,1124.779,133807256.0,23221.0,452.27,53804268.0,118818.42,118240.8,343.6151,306.57056,37.044567,76.2897,67.94481,63.75752,119386.33,118486.88,117587.445,119692.82,117884.945,116077.07,91.10494,91.98138,31179.262,300.44998,346.71658,0.8665579,32.042645,117306.95,117561.1,117815.25,116992.5,118177.086,116484.2,118638.0,119223.836,119529.67,neutral,118638.0,116484.2,neutral,,,,118965.664,118818.42,117761.31,1820.0833,0.61798215,快速金叉,,,
2025-07-22 11:30:00,119049.4,119068.2,118861.4,119051.7,1641.052,195234060.0,29471.0,657.368,78220536.0,118927.78,118306.1,349.38858,320.84323,28.545351,76.342125,67.973976,63.77851,119489.42,118568.82,117648.21,119797.57,117950.586,116103.61,89.31011,90.70258,32820.312,288.74374,340.0539,0.84911174,33.876606,117306.95,117561.1,117815.25,116992.5,118177.086,116484.2,118638.0,119223.836,119529.67,neutral,118638.0,116484.2,neutral,,,,119001.03,118927.78,117820.5,1850.1626,0.8869772,快速金叉,,,
2025-07-22 11:45:00,119051.6,119199.9,119040.8,119142.2,1522.515,181380030.0,30024.0,843.297,100467144.0,119018.18,118383.9,355.81833,332.5016,23.316734,78.52192,69.16301,64.624985,119616.64,118642.51,117668.375,119886.67,118023.94,116161.21,94.10707,91.50738,34342.83,272.53827,331.43704,0.82229275,36.332146,117306.95,117561.1,117815.25,116992.5,118177.086,116484.2,118638.0,119223.836,119529.67,neutral,118638.0,116484.2,neutral,,,,119081.1,119018.18,117882.35,1876.3372,0.8114293,快速金叉,,,
2025-07-22 12:00:00,119142.2,119331.1,119071.0,119250.9,2254.884,268789340.0,43101.0,1310.295,156196060.0,119079.24,118453.01,364.68304,343.22876,21.454302,80.977905,70.57606,65.637726,119665.33,118746.75,117828.17,119958.49,118104.97,116251.44,92.76285,92.06001,36597.71,270.9835,328.04004,0.82606834,39.218407,117306.95,117561.1,117815.25,116992.5,118177.086,116484.2,118638.0,119223.836,119529.67,neutral,118638.0,116484.2,neutral,,,,119148.266,119079.24,117944.09,1834.0945,1.2294263,快速金叉,,,
2025-07-22 12:15:00,119251.0,119256.2,119160.9,119215.1,942.115,112324010.0,19399.0,327.543,39051990.0,119141.86,118499.234,358.13434,348.19727,9.937056,77.56972,69.44736,64.99427,119680.836,118834.125,117987.414,119941.72,118195.47,116449.23,88.73513,91.86835,35655.598,249.02306,316.95718,0.78566784,41.743885,117306.95,117561.1,117815.25,116992.5,118177.086,116484.2,118638.0,119223.836,119529.67,neutral,118638.0,116484.2,neutral,,,,119202.734,119141.86,118011.01,1712.0865,0.550273,快速金叉,,,
2025-07-22 12:30:00,119215.2,119400.4,119019.2,119358.7,2048.705,244290050.0,36277.0,905.016,107943450.0,119203.72,118538.7,361.99493,352.7965,9.198448,81.260605,71.42166,66.382286,119787.39,118906.05,118024.71,120024.38,118268.46,116512.55,88.7447,90.080894,37704.3,265.54517,320.01636,0.82978624,44.735645,117306.95,117561.1,117815.25,116992.5,118177.086,116484.2,118638.0,119223.836,119529.67,neutral,118638.0,116484.2,neutral,,,,119274.9,119203.72,118073.34,1695.2324,1.2085098,快速金叉,,,
2025-07-22 12:45:00,119358.6,119422.6,119227.4,119280.6,1556.817,185734670.0,28085.0,756.813,90292710.0,119249.5,118592.54,347.07935,350.89078,-3.8114305,73.57834,68.81705,64.912445,119780.03,118983.08,118186.12,120065.39,118340.38,116615.375,83.54609,87.00864,36147.484,256.752,314.07272,0.8174923,47.466736,117306.95,117561.1,117815.25,116992.5,118177.086,116484.2,118638.0,119223.836,119529.67,neutral,118638.0,116484.2,neutral,,,,119284.8,119249.5,118136.15,1685.0653,0.9238912,快速金叉,,,
2025-07-22 13:00:00,119280.6,119475.2,119194.6,119340.0,2869.594,342446270.0,39584.0,1563.134,186542350.0,119289.06,118658.28,335.52805,345.76987,-10.241823,75.62322,69.721466,65.5221,119743.39,119060.945,118378.49,120081.46,118416.72,116751.98,82.03241,84.7744,39017.08,259.73303,312.4788,0.8312021,50.135204,117306.95,117561.1,117815.25,116992.5,118177.086,116484.2,118638.0,119223.836,119529.67,neutral,118638.0,116484.2,neutral,,,,119326.43,119289.06,118204.67,1702.0942,1.6859195,快速金叉,,,
2025-07-22 13:15:00,119339.9,119339.9,119076.8,119190.8,1690.803,201539660.0,29315.0,575.951,68641280.0,119277.04,118731.3,302.19052,331.2434,-29.052902,61.64283,64.64943,62.651115,119632.24,119118.1,118603.96,120085.97,118480.1,116874.234,63.43398,76.337494,37326.277,260.16638,310.13217,0.83888876,49.39148,117306.95,117561.1,117815.25,116992.5,118177.086,116484.2,118638.0,119223.836,119529.67,neutral,118638.0,116484.2,neutral,,,,119270.47,119277.04,118272.41,1693.0697,0.99866116,快速死叉,,,
2025-07-22 13:30:00,119190.8,119582.3,118799.4,119455.8,5911.434,704457900.0,84296.0,3085.158,367793340.0,119325.18,118815.64,302.91608,321.80096,-18.88489,72.26682,68.96754,65.47257,119620.89,119181.9,118742.91,120142.84,118544.75,116946.66,66.48233,70.649574,43237.71,325.5081,332.64493,0.9785452,43.659306,117306.95,117561.1,117815.25,116992.5,118177.086,116484.2,118638.0,119223.836,119529.67,neutral,118638.0,116484.2,neutral,,,,119328.87,119325.18,118356.86,1917.7787,3.0824382,快速金叉,,,
2025-07-22 13:45:00,119455.7,119455.8,117996.1,118135.1,9528.016,1128891900.0,134566.0,3918.418,464229470.0,119080.46,118818.81,141.86742,261.82312,-119.9557,27.683704,41.657063,46.92314,120003.87,119114.36,118224.84,120112.8,118559.91,117007.02,43.412262,57.77619,33709.695,467.28207,386.3142,1.2095907,44.006985,117306.95,117561.1,117815.25,116992.5,118177.086,116484.2,118638.0,119223.836,119529.67,neutral,118638.0,116484.2,neutral,,,,118927.234,119080.46,118384.46,2334.0435,4.082193,快速死叉,,带量突破下轨,
2025-07-22 14:00:00,118135.1,118249.8,117522.0,118195.0,7716.096,909619400.0,103335.0,4336.623,511313950.0,118863.34,118815.81,33.47993,185.70872,-152.22879,29.969759,42.764095,47.629734,120174.37,119055.445,117936.516,120056.336,118582.8,117109.26,41.756783,50.550457,41425.79,499.84683,402.57544,1.2416227,45.955544,117306.95,117561.1,117815.25,116992.5,118177.086,116484.2,118638.0,119223.836,119529.67,neutral,118638.0,116484.2,neutral,,,,118595.3,118863.34,118415.09,2664.776,2.895589,快速死叉,,,
