open_time,开盘价,最高价,最低价,收盘价,成交量,MA20,MA50,MACD,MACD_Signal,MACD_Hist,RSI,RSI_Long,BB_Upper,BB_Middle,BB_Lower,BB_Long_Upper,BB_Long_Middle,BB_Long_Lower,ATR,ATR_Long,ADX,OBV,MA3,Volume_MA20,Volume_Ratio,MA_Fast_Signal,MACD_Zero_Cross,BB_Breakout_Strength,Fib_Key_Zone,Fib_Ret_0.382,Fib_Ret_0.500,Fib_Ret_0.618,Fib_Ext_1.272,Fib_Trend,Fib_Signal,Fib_Support_Level,Fib_Resistance_Level
2025-07-20 12:15:00,117883.4,118025.8,117788.2,117810.1,1165.307,,,,,,,,,,,,,,,,,1165.307,,,,中性,,,,,,,,neutral,neutral,,
2025-07-20 12:30:00,117810.0,117892.3,117769.3,117840.8,927.034,,,,,,,,,,,,,,,,,2092.341,,,,中性,,,,,,,,neutral,neutral,,
2025-07-20 12:45:00,117840.8,118157.8,117800.0,118055.4,972.733,,,,,,,,,,,,,,,,,3065.074,117902.1,,,中性,,,,,,,,neutral,neutral,,
2025-07-20 13:00:00,118055.5,118180.8,118055.4,118098.4,785.187,,,,,,,,,,,,,,,,,3850.261,117998.2,,,中性,,,,,,,,neutral,neutral,,
2025-07-20 13:15:00,118098.4,118140.0,118053.2,118093.2,502.702,117979.58,,,,,,,,,,,,,,,,3347.559,118082.336,,,快速金叉,,,,,,,,neutral,neutral,,
2025-07-20 13:30:00,118093.2,118133.0,118055.1,118098.9,461.484,118037.34,,,,,,,,,,,,,,,,3809.043,118096.836,,,快速金叉,,,,,,,,neutral,neutral,,
2025-07-20 13:45:00,118098.8,118383.0,118085.6,118378.7,972.139,118144.92,,,,,,,,,,,,,,,,4781.182,118190.266,,,快速金叉,,,,,,,,neutral,neutral,,
2025-07-20 14:00:00,118378.7,118750.0,118251.2,118530.4,4148.907,118239.92,,,,,99.28835,,,,,,,,,,,8930.089,118336.0,,,快速金叉,,,,,,,,neutral,neutral,,
2025-07-20 14:15:00,118530.4,118794.0,118430.7,118627.4,1625.784,118345.72,,,,,99.38379,,,,,,,,241.3,,,10555.873,118512.164,,,快速金叉,,,,,,,,neutral,neutral,,
2025-07-20 14:30:00,118627.3,118780.6,118502.9,118563.9,789.655,118439.86,,,,,90.1504,,,,,,,,245.85,,,9766.218,118573.9,,,快速金叉,,,,,,,,neutral,neutral,,
2025-07-20 14:45:00,118564.0,118591.4,118355.0,118433.0,781.435,118506.68,,,,,73.68608,,,,,,,,244.66875,,,8984.783,118541.43,,,快速金叉,,,,,,,,neutral,neutral,,
2025-07-20 15:00:00,118433.0,118640.0,118329.9,118640.0,718.925,118558.94,,,,,80.31781,,119039.13,118264.18,117489.234,,,,252.84766,,,9703.708,118545.63,,,快速死叉,,,,,,,,neutral,neutral,,
2025-07-20 15:15:00,118640.0,118696.4,118500.0,118696.4,516.948,118592.14,,,,,81.77764,,119078.99,118338.04,117597.09,,,,245.7917,,,10220.656,118589.8,,,快速死叉,,,,,,,,neutral,neutral,,
2025-07-20 15:30:00,118696.4,118758.6,118547.0,118574.5,742.813,118581.56,,,,,68.89294,,119035.984,118399.18,117762.38,,,,241.51773,,,9477.843,118636.97,,,快速金叉,,,,,,,,neutral,neutral,,
2025-07-20 15:45:00,118574.5,118764.2,118553.6,118669.3,946.805,118602.64,,,,,72.78359,,119049.48,118450.34,117851.2,,,,237.65302,,,10424.648,118646.734,,,快速金叉,,,,,,,,neutral,neutral,,
2025-07-20 16:00:00,118669.4,118856.6,118522.3,118601.2,1660.407,118636.28,,,,,65.87817,,119025.85,118492.24,117958.625,,,,249.73389,,73.59178,8764.241,118615.0,,,快速死叉,,,,,,,,neutral,neutral,,
2025-07-20 16:15:00,118601.1,118651.6,118450.0,118645.2,917.547,118637.32,,,,,68.15559,,118970.44,118538.24,118106.04,,,,243.71716,,71.01848,9681.788,118638.57,,,快速金叉,,,,,,,,neutral,neutral,,
2025-07-20 16:30:00,118645.1,118818.0,118596.0,118724.3,753.69,118642.9,,,,,72.065926,,118856.375,118590.36,118324.34,,,,241.00252,,70.150536,10435.478,118656.9,,,快速金叉,,,,,,,,neutral,neutral,,
2025-07-20 16:45:00,118724.3,118730.3,118491.4,118543.8,515.2,118636.76,,,,,54.31106,,118812.65,118604.12,118395.586,,,,240.7397,,66.42278,9920.278,118637.766,,,快速金叉,,,,,,,,neutral,neutral,,
2025-07-20 17:00:00,118543.7,118543.8,118156.7,118320.4,2361.164,118566.98,,,,,40.059906,,118881.33,118586.62,118291.91,,,,259.03473,,59.149673,7559.114,118529.5,1113.2933,2.1208823,快速死叉,,,,,,,,neutral,neutral,,
2025-07-20 17:15:00,118320.5,118430.0,118222.9,118320.3,522.344,118510.8,118393.6,,,,40.054417,,118913.38,118561.02,118208.67,,,,252.5429,,52.7857,7036.77,118394.836,1081.1451,0.48313957,快速死叉,,,,,,,,neutral,neutral,,
2025-07-20 17:30:00,118320.4,118431.6,118030.5,118209.7,775.015,118423.7,118412.625,57.50966,145.34567,-87.83601,34.036896,59.048912,118970.58,118531.51,118092.44,,,,271.11252,255.49048,49.583027,6261.755,118283.47,1073.5442,0.72192186,快速死叉,,,,,,,,neutral,neutral,,
2025-07-20 17:45:00,118209.6,118209.7,117912.8,118003.4,1399.412,118279.52,118420.375,1.5761523,97.4225,-95.84635,25.65081,53.773487,119084.76,118495.71,117906.664,,,,274.33597,257.46237,47.9281,4862.343,118177.8,1094.8782,1.278144,快速死叉,,,,,,,,neutral,neutral,,
2025-07-20 18:00:00,118003.4,118208.9,118003.4,118178.4,807.47,118206.44,118426.23,-16.917368,59.30921,-76.22658,40.22581,57.1808,119077.484,118457.24,117836.99,,,,265.73148,254.98796,46.480038,5669.813,118130.5,1095.9923,0.73674786,快速死叉,零轴下穿,,,,,,,neutral,neutral,,
2025-07-20 18:15:00,118178.3,118205.0,118056.7,118181.0,495.534,118178.56,118430.164,-29.087307,29.843706,-58.93101,40.428234,57.22998,119033.055,118414.29,117795.53,,,,251.05254,249.90758,45.212982,6165.347,118120.93,1095.6339,0.45228064,快速死叉,,,,,,,,neutral,neutral,,
2025-07-20 18:30:00,118180.9,118235.1,118068.7,118210.0,696.644,118156.5,118435.73,-33.484226,8.734395,-42.21862,42.942577,57.797653,119005.125,118383.914,117762.7,,,,240.47096,245.93103,43.322018,6861.991,118189.8,1107.3918,0.6290853,快速金叉,,,,,,,,neutral,neutral,,
2025-07-20 18:45:00,118210.0,118421.0,118209.9,118329.1,996.849,118180.38,118446.69,-21.83099,-1.4540669,-20.376925,52.540333,60.082336,118932.1,118355.57,117779.03,,,,236.79959,244.27242,38.125195,7858.84,118240.03,1108.6274,0.89917403,快速金叉,,,,,,,,neutral,neutral,,
2025-07-20 19:00:00,118329.2,118538.4,118329.1,118494.0,643.46,118278.5,118452.18,6.0757875,1.0558846,5.0199027,62.680573,62.994736,118900.53,118346.63,117792.734,,,,233.36215,242.60706,35.421486,8502.3,118344.37,933.35504,0.6894054,快速金叉,零轴上穿,,,,,,,neutral,neutral,,
2025-07-20 19:15:00,118494.1,118549.4,118405.7,118526.8,402.137,118348.18,118452.01,29.190428,10.434066,18.756361,64.44353,63.55016,118857.98,118336.766,117815.56,,,,222.15437,237.8972,33.22086,8904.437,118449.97,872.1727,0.46107498,快速金叉,,,,,,,,neutral,neutral,,
2025-07-20 19:30:00,118526.7,118526.8,118328.8,118328.8,348.521,118377.74,118437.79,21.435343,14.101158,7.3341846,48.355827,58.02951,118719.19,118303.805,117888.43,119045.49,118357.56,117669.63,219.13509,235.99733,29.642834,8555.916,118449.87,850.116,0.40996876,快速金叉,,,,,,,,neutral,neutral,,
2025-07-20 19:45:00,118328.8,118363.0,118130.9,118131.2,346.131,118361.98,118417.18,-7.5739937,6.876107,-14.450101,37.466007,53.187824,118652.875,118269.42,117885.98,119010.164,118368.266,117726.37,220.75569,235.81174,28.607069,8209.785,118328.93,828.3508,0.41785556,快速死叉,零轴下穿,,,117906.76,117613.35,117319.945,119532.93,uptrend,fib_golden_zone_缩量,117906.76,119532.93
2025-07-20 20:00:00,118131.2,118157.9,117822.4,118031.8,2155.023,118302.52,118398.08,-39.21034,-8.486041,-30.724298,33.092342,50.942806,118664.35,118245.375,117826.4,118984.25,118374.63,117765.01,235.09874,240.5588,30.714243,6054.762,118163.93,900.1557,2.3940558,快速死叉,,,,117882.9,117594.05,117305.195,119483.83,uptrend,fib_golden_zone_带量,117882.9,119483.83
2025-07-20 20:15:00,118031.8,118198.3,117968.2,118057.5,541.597,118215.22,118370.336,-57.303226,-24.758436,-32.54479,35.368214,51.49858,118659.45,118223.48,117787.5,118984.055,118374.7,117765.34,234.47389,240.06076,31.760397,6596.359,118073.5,901.3881,0.6008477,快速死叉,,,,117882.9,117594.05,117305.195,119483.83,uptrend,fib_golden_zone_缩量,117882.9,119483.83
2025-07-20 20:30:00,118057.5,118153.8,118040.0,118153.8,295.461,118140.62,118344.5,-57.2906,-35.60249,-21.688108,43.73486,53.56821,118657.85,118218.82,117779.78,118980.37,118376.55,117772.73,219.38966,234.04834,32.67578,6891.82,118081.03,879.02057,0.33612525,快速死叉,,,强势区,117828.7,117550.2,117271.695,119372.27,uptrend,fib_golden_zone_缩量,117828.7,119372.27
2025-07-20 20:45:00,118153.8,118245.3,118057.7,118062.4,310.531,118087.34,118320.12,-66.63174,-45.94557,-20.686165,38.25179,51.383125,118647.11,118223.734,117800.36,118983.02,118375.52,117768.016,215.41595,231.83652,31.479856,6581.289,118091.234,847.20685,0.36653504,快速金叉,,,强势区,117716.91,117459.75,117202.59,119142.17,uptrend,fib_golden_zone_缩量,117716.91,119142.17
2025-07-20 21:00:00,118062.4,118062.5,117800.0,117994.4,1253.766,118059.98,118287.98,-79.52688,-57.13934,-22.387535,34.497772,49.796368,118664.73,118208.4,117752.07,118993.06,118372.04,117751.01,221.30145,233.29669,33.027695,5327.523,118070.2,826.8748,1.5162706,快速金叉,,,,117716.91,117459.75,117202.59,119142.17,uptrend,fib_golden_zone_带量,117716.91,119142.17
2025-07-20 21:15:00,117994.4,118097.7,117801.8,118065.9,816.607,118066.8,118262.484,-78.27784,-64.18551,-14.09233,41.5362,51.451572,118667.26,118198.805,117730.36,119000.08,118361.61,117723.14,230.62627,236.2778,33.654976,6144.13,118040.9,821.8278,0.99364734,快速死叉,,,强势区,117716.91,117459.75,117202.59,119142.17,uptrend,fib_golden_zone,117716.91,119142.17
2025-07-20 21:30:00,118065.9,118139.2,117888.1,117988.8,514.114,118053.06,118231.23,-84.5951,-70.98871,-13.606399,36.589943,49.60002,118674.02,118180.375,117686.73,119000.914,118343.555,117686.195,233.18549,236.98361,33.31236,5630.016,118016.37,809.849,0.63482696,快速死叉,,,,117716.91,117459.75,117202.59,119142.17,uptrend,fib_golden_zone_缩量,117716.91,119142.17
2025-07-20 21:45:00,117988.8,118036.3,117982.8,117982.9,167.563,118018.88,118195.92,-87.70256,-76.55999,-11.142568,36.205032,49.457016,118649.39,118151.52,117653.66,118985.99,118322.07,117658.16,210.72481,228.2463,33.012566,5462.453,118012.53,792.46716,0.21144472,快速死叉,,,,117716.91,117459.75,117202.59,119142.17,uptrend,fib_golden_zone_缩量,117716.91,119142.17
2025-07-20 22:00:00,117982.8,118029.9,116800.0,116875.1,7397.326,117781.42,118116.46,-217.38078,-123.50025,-93.88053,10.956619,31.533022,119033.336,118016.62,116999.9,119220.9,118265.78,117310.664,338.1217,275.9441,38.43181,-1934.873,117615.6,1044.2753,7.0836935,快速死叉,,带量突破下轨,,117202.59,117459.75,117716.91,115777.33,downtrend,neutral,115777.33,117202.59
2025-07-20 22:15:00,116875.0,117265.5,116370.1,117230.0,8280.137,117628.54,118064.54,-261.031,-169.34383,-91.68716,29.367048,38.972866,118988.53,117908.55,116828.57,119300.125,118225.68,117151.234,407.7815,305.442,43.8077,6345.264,117362.664,1432.1649,5.781553,快速死叉,,,关键支撑区,117202.59,117459.75,117716.91,115777.33,downtrend,fib_382_reject_带量,117202.59,117459.75
2025-07-20 22:30:00,117229.9,117592.7,117069.8,117569.7,1954.532,117529.3,118028.8,-245.57047,-194.75272,-50.81776,42.616196,44.98143,118893.93,117845.29,116796.66,119289.09,118190.0,117090.91,422.1713,315.79715,44.943565,8299.796,117224.93,1491.1407,1.3107629,快速死叉,,,,117202.59,117459.75,117716.91,119142.17,neutral,neutral,,
2025-07-20 22:45:00,117569.6,117631.3,117370.2,117438.6,1698.613,117419.26,117992.08,-244.40039,-211.30194,-33.098454,39.297276,43.255646,118848.79,117787.58,116726.36,119275.055,118148.08,117021.1,402.03738,313.1925,45.54049,6601.183,117412.766,1506.1008,1.1278216,快速死叉,,,,117202.59,117459.75,117716.91,119142.17,neutral,neutral,,
2025-07-20 23:00:00,117438.5,117529.9,117188.1,117334.9,1347.878,117289.66,117960.24,-249.9978,-224.20056,-25.797247,36.662365,41.919853,118820.3,117729.5,116638.7,119278.99,118106.76,116934.52,394.50772,314.55478,46.69575,5253.305,117447.734,1533.1212,0.8791725,快速金叉,,,,117202.59,117459.75,117716.91,119142.17,neutral,neutral,,
2025-07-20 23:15:00,117334.9,117376.0,117142.1,117183.3,641.012,117351.3,117912.86,-265.77618,-238.0591,-27.717081,32.89996,40.02266,118782.27,117656.65,116531.02,119276.47,118057.23,116837.98,374.43176,310.71408,47.86629,4612.293,117318.93,1540.3951,0.4161348,快速死叉,,,关键支撑区,117193.96,117448.45,117702.94,115783.48,downtrend,fib_382_reject_缩量,115783.48,117193.96
2025-07-20 23:30:00,117183.3,117350.0,116907.3,117197.1,1202.34,117344.72,117866.01,-268.92545,-248.34789,-20.577553,33.623375,40.280987,118671.84,117576.92,116482.01,119266.79,118010.42,116754.05,382.96527,316.9991,49.66765,5814.633,117238.43,1565.6799,0.76793474,快速死叉,,,关键支撑区,117180.48,117430.8,117681.125,115793.08,downtrend,fib_382_reject_缩量,117180.48,117430.8
2025-07-20 23:45:00,117197.0,117287.9,117094.0,117216.0,543.737,117273.98,117818.67,-262.61584,-253.10387,-9.5119705,34.74744,40.648598,118554.5,117506.39,116458.28,119234.54,117962.78,116691.02,359.33212,311.13727,51.243835,6358.37,117198.8,1543.0243,0.35238394,快速死叉,,,关键支撑区,117194.414,117449.05,117703.68,115783.15,downtrend,fib_382_reject_缩量,117194.414,117449.05
2025-07-21 00:00:00,117216.1,117255.7,116807.7,116819.1,1661.943,117150.08,117746.766,-298.50293,-268.23688,-30.266048,24.558247,35.79063,118490.53,117408.45,116326.375,119227.766,117899.27,116570.78,370.41562,317.65454,53.490147,4696.427,117077.4,1593.9485,1.042658,快速死叉,,,,117216.195,117477.55,117738.91,115767.65,downtrend,neutral,115767.65,117216.195
2025-07-21 00:15:00,116819.0,116960.0,116454.1,116869.6,2602.951,117057.02,117669.414,-310.58804,-282.35394,-28.234104,27.705137,36.799713,118314.87,117308.76,116302.65,119221.46,117843.47,116465.47,387.35117,326.6186,56.24871,7299.378,116968.234,1703.9891,1.5275631,快速死叉,,,,117216.195,117477.55,117738.91,115767.65,downtrend,neutral,115767.65,117216.195
2025-07-21 00:30:00,116869.5,117166.6,116692.3,116978.8,1235.703,117016.12,117595.7,-298.961,-287.88962,-11.071375,34.588516,38.977135,118088.195,117224.59,116360.99,119216.74,117798.75,116380.76,398.21976,333.65103,56.00793,8535.081,116889.164,1748.3483,0.7067831,快速死叉,,,,117216.195,117477.55,117738.91,115767.65,downtrend,neutral,115767.65,117216.195
2025-07-21 00:45:00,116978.7,117333.1,116837.7,117323.6,1342.512,117041.42,117547.836,-243.54895,-273.1094,29.560455,51.573605,45.23286,117786.44,117169.65,116552.87,119176.695,117765.52,116354.35,410.36728,341.35336,53.86352,9877.593,117057.336,1798.1674,0.74660015,快速金叉,,,,117228.76,117494.0,117759.24,119229.305,neutral,neutral,,
2025-07-21 01:00:00,117323.6,117410.9,117111.0,117125.2,934.741,117023.26,117499.93,-222.49496,-256.2379,33.742958,43.91803,42.59468,117761.234,117190.49,116619.74,119155.41,117729.375,116303.336,396.55887,339.3794,51.105244,8942.852,117142.53,1737.1532,0.53808784,快速金叉,,,,117228.76,117494.0,117759.24,115758.695,downtrend,neutral,115758.695,117228.76
2025-07-21 01:15:00,117125.1,117223.0,117000.0,117090.7,678.591,117077.58,117455.12,-206.67389,-239.71658,33.042686,42.634125,42.145863,117753.23,117178.88,116604.54,119150.74,117698.95,116247.16,374.864,333.83752,49.344048,8264.261,117179.836,1744.0029,0.3890997,快速金叉,,,,117228.76,117494.0,117759.24,115758.695,downtrend,neutral,115758.695,117228.76
2025-07-21 01:30:00,117090.6,117195.7,116732.5,116922.9,1169.774,117088.24,117401.086,-210.45515,-229.96277,19.507614,36.568016,39.993725,117630.664,117124.984,116619.305,119135.42,117657.1,116178.78,385.906,339.99765,49.17331,7094.487,117046.266,1787.7185,0.654339,快速死叉,,,,117228.76,117494.0,117759.24,115758.695,downtrend,neutral,115758.695,117228.76
2025-07-21 01:45:00,116922.9,117287.7,116871.2,117262.9,860.994,117145.06,117358.664,-168.39755,-209.44102,41.043476,52.53327,45.873997,117564.164,117110.34,116656.52,119092.67,117626.5,116160.32,389.73026,343.64062,47.839508,7955.481,117092.164,1815.2417,0.4743137,快速死叉,,,关键支撑区,117228.76,117494.0,117759.24,115758.695,downtrend,fib_382_reject_缩量,117228.76,117494.0
2025-07-21 02:00:00,117262.8,117989.1,117262.8,117880.1,2695.651,117256.36,117349.984,-63.00314,-160.6284,97.62526,69.03755,54.39267,117877.05,117155.77,116434.51,119058.3,117615.5,116172.7,431.80148,361.8625,43.246696,10651.132,117355.3,1887.3359,1.4282836,快速金叉,,,,117759.24,117494.0,117228.76,119229.305,uptrend,fib_golden_zone_带量,117759.24,119229.305
2025-07-21 02:15:00,117880.1,118063.0,117660.0,118000.0,1299.717,117431.32,117350.25,25.83866,-98.47272,124.31137,71.29928,55.811268,118182.47,117223.836,116265.2,119016.26,117604.53,116192.8,428.2013,363.8214,39.687378,11950.849,117714.336,1911.4915,0.67994916,快速金叉,零轴上穿,,,117791.33,117536.0,117280.67,119206.45,uptrend,fib_golden_zone_缩量,117791.33,119206.45
2025-07-21 02:30:00,118000.0,118011.1,117784.7,117819.9,757.671,117577.16,117338.53,65.9955,-43.649975,109.64548,63.207985,53.201324,118331.55,117275.734,116219.914,118926.8,117582.06,116237.32,402.97614,357.27756,36.57297,11193.178,117900.0,1923.6693,0.39386758,快速金叉,,,,117791.33,117536.0,117280.67,119206.45,uptrend,fib_618_bounce_缩量,117791.33,119206.45
2025-07-21 02:45:00,117819.9,118175.4,117728.5,118156.0,1101.795,117823.78,117346.49,131.70709,14.802379,116.90471,70.49743,57.129677,118594.46,117354.07,116113.67,118862.125,117569.7,116277.27,408.4666,361.5453,34.989674,12294.973,117991.97,1970.3809,0.5591787,快速金叉,,,,117975.74,117685.2,117394.664,119586.016,uptrend,fib_golden_zone_缩量,117975.74,119586.016
2025-07-21 03:00:00,118156.0,118491.5,118096.6,118400.0,2450.101,118051.2,117366.36,202.89336,77.49937,125.39398,74.73676,59.70783,118865.23,117485.805,116106.39,118875.08,117572.07,116269.07,406.77078,363.1336,35.418293,14745.074,118125.3,1723.0197,1.4219809,快速金叉,,,,118179.99,117850.45,117520.914,120006.414,uptrend,fib_golden_zone_带量,118179.99,120006.414
2025-07-21 03:15:00,118399.9,118528.0,118315.4,118460.4,1086.204,118167.26,117441.84,254.75061,136.58311,118.167496,75.74338,60.32794,119074.75,117618.375,116162.0,118929.42,117583.05,116236.664,382.49945,355.96533,35.98231,15831.278,118338.8,1363.323,0.79673266,快速金叉,,,,118179.99,117850.45,117520.914,120006.414,uptrend,fib_golden_zone_缩量,118179.99,120006.414
2025-07-21 03:30:00,118460.4,118585.0,118346.8,118392.6,927.212,118245.78,117497.21,276.94952,183.37192,93.5776,71.98702,59.2531,119197.52,117736.195,116274.87,118981.44,117595.07,116208.71,364.462,350.35745,36.791008,14904.066,118417.664,1311.957,0.7067396,快速金叉,,,,118283.75,117934.4,117585.05,120219.984,uptrend,fib_golden_zone_缩量,118283.75,120219.984
2025-07-21 03:45:00,118392.6,118392.6,118210.2,118374.8,851.169,118356.76,117535.55,283.83765,216.86049,66.97716,70.9099,58.963505,119315.055,117823.79,116332.52,119025.85,117605.65,116185.45,341.70425,342.3595,35.66258,14052.897,118409.266,1269.5848,0.670431,快速金叉,,,反转区,118415.08,118040.65,117666.23,120490.28,uptrend,fib_618_bounce_缩量,118040.65,118415.08
2025-07-21 04:00:00,118374.8,118384.6,118265.3,118339.1,661.079,118393.38,117578.43,277.81622,237.17908,40.637157,68.51123,58.362812,119344.14,117924.95,116505.76,119052.1,117611.83,116171.555,313.90372,331.7376,34.6752,13391.818,118368.836,1235.2449,0.5351805,快速死叉,,,,117701.91,118087.35,118472.8,120609.086,neutral,neutral,,
2025-07-21 04:15:00,118339.0,118617.9,118232.9,118412.5,1105.453,118395.88,117629.74,275.71207,250.02339,25.688656,70.87449,59.25884,119318.555,118035.1,116751.64,119099.93,117623.5,116147.06,322.79077,334.2739,35.49978,14497.271,118375.47,1258.4669,0.8784125,快速死叉,,,,117849.11,118206.45,118563.79,120544.3,neutral,neutral,,
2025-07-21 04:30:00,118412.4,118605.8,118403.7,118534.2,583.8,118410.64,117694.07,282.03226,260.69302,21.339241,74.56679,60.730072,119126.29,118169.375,117212.46,119173.02,117641.49,116109.95,307.7044,327.97992,36.22128,15081.071,118428.6,1227.5399,0.47558534,快速金叉,,,反转区,118579.15,118226.55,117873.95,120533.36,uptrend,fib_618_bounce_缩量,118226.55,118579.15
2025-07-21 04:45:00,118534.2,118534.2,118286.6,118306.7,587.645,118393.46,117746.91,253.2251,258.2037,-4.9786143,58.41602,56.710392,118866.94,118256.36,117645.78,119201.58,117649.516,116097.46,300.19138,324.1523,34.924133,14493.426,118417.8,1229.7354,0.477863,快速金叉,,,,117873.95,118226.55,118579.15,120533.36,neutral,neutral,,
2025-07-21 05:00:00,118306.7,118350.1,118212.0,118335.1,710.605,118385.52,117800.2,230.57625,248.99455,-18.418306,59.687675,57.082737,118823.51,118294.27,117765.04,119240.35,117661.06,116081.766,279.92993,315.29266,32.630524,15204.031,118392.0,1182.1685,0.601103,快速金叉,,,,117873.95,118226.55,118579.15,120533.36,neutral,neutral,,
2025-07-21 05:15:00,118335.1,118336.8,118144.0,118179.7,608.857,118353.64,117864.99,191.24574,229.74495,-38.499214,49.938683,54.39467,118792.8,118309.25,117825.7,119259.484,117667.62,116075.75,269.0387,309.4597,29.585213,14595.174,118273.836,1082.4637,0.56247336,快速死叉,,,,117873.95,118226.55,118579.15,120533.36,neutral,neutral,,
2025-07-21 05:30:00,118179.7,118320.0,118179.6,118285.9,416.499,118328.32,117932.43,171.82285,210.43759,-38.614735,55.70678,55.885338,118626.8,118348.086,118069.37,119282.51,117714.65,116146.79,252.95886,301.4092,26.920565,15011.673,118266.9,1041.5035,0.3999017,快速死叉,,,,117959.67,118295.9,118632.13,120495.64,neutral,neutral,,
2025-07-21 05:45:00,118285.9,118398.2,118249.9,118397.9,517.332,118301.06,118000.01,167.3865,196.08722,-28.70072,61.20638,57.426292,118600.22,118368.24,118136.266,119335.82,117753.58,116171.33,239.87651,294.11832,25.697662,15529.005,118287.836,1000.2445,0.51720554,快速死叉,,,,118201.68,118491.7,118781.72,120389.125,neutral,neutral,,
2025-07-21 06:00:00,118397.8,118397.9,118250.4,118337.3,438.78,118307.18,118048.28,153.29604,181.82349,-28.527464,56.757805,56.308846,118594.5,118363.016,118131.54,119383.32,117779.164,116175.01,228.32944,287.13647,24.627623,15090.225,118340.37,975.4465,0.4498248,快速金叉,,,,118447.15,118690.3,118933.45,117099.516,downtrend,neutral,117099.516,118447.15
2025-07-21 06:15:00,118337.3,118916.3,118331.9,118831.2,3256.111,118406.4,118129.516,197.6706,187.10587,10.56473,74.42946,62.545807,118811.08,118393.914,117976.76,119498.414,117825.586,116152.75,272.83826,301.2919,28.411226,18346.336,118522.13,1104.3225,2.9485147,快速金叉,,带量突破上轨,,118489.484,118724.55,118959.62,120262.45,neutral,neutral,,
2025-07-21 06:30:00,118831.3,119246.8,118831.2,118959.1,3639.868,118562.28,118218.49,238.88632,204.36601,34.520306,77.23959,63.94527,119034.28,118441.125,117847.97,119620.62,117879.73,116138.83,290.68347,306.73514,33.12719,21986.203,118709.2,1227.8271,2.9644792,快速金叉,,,反转区,118959.62,118724.55,118489.484,120262.45,uptrend,fib_618_bounce_带量,118724.55,118959.62
2025-07-21 06:45:00,118959.0,119192.9,118892.3,119158.6,1084.333,118736.82,118324.95,285.31396,231.34866,53.965298,81.03283,66.024445,119300.66,118506.445,117712.23,119756.28,117945.57,116134.85,291.92303,306.443,37.25366,23070.537,118982.97,1238.9941,0.875172,快速金叉,,,,119100.234,118908.6,118716.97,120162.33,uptrend,fib_golden_zone,119100.234,120162.33
2025-07-21 07:00:00,119158.5,119414.7,119140.0,119349.9,2365.973,118927.22,118424.336,333.32352,265.34027,67.98324,84.01343,67.88887,119587.79,118590.67,117593.56,119910.54,118017.33,116124.12,289.77017,304.9314,41.62327,25436.51,119155.87,1222.5103,1.93534,快速金叉,,,强势区,119118.336,118932.3,118746.26,120149.44,uptrend,fib_golden_zone_带量,119118.336,120149.44
2025-07-21 07:15:00,119349.9,119627.2,119301.1,119605.7,2541.413,119180.9,118506.51,388.85477,306.51178,82.34299,87.160934,70.18594,119926.54,118690.11,117453.68,120095.74,118096.984,116098.23,294.3114,305.93945,46.016754,27977.924,119371.4,1284.595,1.9783769,快速金叉,,,,119118.336,118932.3,118746.26,120149.44,uptrend,neutral,119118.336,120149.44
2025-07-21 07:30:00,119605.6,119720.6,119261.8,119266.7,2236.042,119268.0,118566.82,378.75418,330.59256,48.1616,66.82025,63.831966,120050.69,118751.15,117451.61,120148.89,118178.57,116208.25,314.87247,313.2185,50.082188,25741.88,119407.43,1358.5135,1.6459475,快速金叉,,,,119118.336,118932.3,118746.26,120149.44,uptrend,fib_golden_zone_带量,119118.336,120149.44
2025-07-21 07:45:00,119266.8,119417.5,119261.8,119352.2,1040.979,119346.62,118639.79,372.86536,344.6835,28.181856,68.95225,64.67878,120154.68,118838.27,117521.87,120197.97,118261.32,116324.68,294.97592,305.71762,53.639442,26782.86,119408.2,1355.4728,0.76798224,快速金叉,,,强势区,119118.336,118932.3,118746.26,120149.44,uptrend,fib_golden_zone_缩量,119118.336,120149.44
2025-07-21 08:00:00,119352.3,119496.2,119314.1,119362.3,1130.454,119387.36,118697.234,361.2266,350.19785,11.028723,69.224785,64.78105,120224.84,118923.875,117622.91,120237.99,118340.77,116443.555,280.86642,299.8311,56.95949,27913.314,119327.07,1289.4904,0.87666726,快速死叉,,,强势区,119118.336,118932.3,118746.26,120149.44,uptrend,fib_golden_zone,119118.336,120149.44
2025-07-21 08:15:00,119362.2,119393.5,119169.6,119239.9,1178.08,119365.36,118737.23,330.36154,343.58575,-13.224206,61.58206,62.478924,120178.35,119012.23,117846.09,120279.41,118404.65,116529.89,273.7456,296.2153,56.719578,26735.234,119318.13,1294.0842,0.9103581,快速死叉,,,,119076.7,118877.8,118678.9,120179.086,uptrend,fib_golden_zone,119076.7,120179.086
2025-07-21 08:30:00,119240.0,119333.0,118752.3,118969.6,3251.154,119238.14,118761.48,269.5406,318.90402,-49.363445,47.944504,57.722496,120077.57,119069.2,118060.83,120245.72,118466.13,116686.55,312.11493,309.7622,50.396255,23484.08,119190.6,1410.2812,2.3053231,快速死叉,,,,118958.93,118723.65,118488.37,120262.94,uptrend,fib_618_bounce_带量,118958.93,120262.94
2025-07-21 08:45:00,118969.6,119082.5,118801.0,118990.2,1307.993,119182.84,118789.93,223.3192,287.04242,-63.72322,48.94969,57.97849,119972.42,119118.555,118264.695,120186.17,118529.445,116872.73,308.28806,308.41638,44.863346,24792.072,119066.57,1433.1226,0.9126875,快速死叉,,,,118958.93,118723.65,118488.37,120262.94,uptrend,fib_618_bounce,118958.93,120262.94
2025-07-21 09:00:00,118990.3,119080.8,118875.9,118906.0,852.041,119093.6,118815.23,176.08165,250.0555,-73.973854,44.82237,56.50997,119773.695,119165.95,118558.2,120051.625,118595.55,117139.48,295.36453,303.48703,40.022053,23940.031,118955.266,1442.6707,0.59059983,快速死叉,,,,118488.37,118723.65,118958.93,120262.94,neutral,neutral,,
2025-07-21 09:15:00,118906.1,118938.1,118743.3,118770.0,820.496,118975.14,118835.75,123.183426,207.7648,-84.58138,38.677036,54.182484,119790.4,119160.85,118531.3,119941.01,118645.79,117350.57,282.79398,298.31146,35.97932,23119.535,118888.734,1428.4227,0.574407,快速死叉,,,,118488.37,118723.65,118958.93,120262.94,neutral,neutral,,
2025-07-21 09:30:00,118770.1,118820.4,118511.8,118611.3,1330.218,118849.42,118845.21,64.92833,160.15265,-95.22432,32.593376,51.579525,119872.78,119131.87,118390.95,119907.53,118670.16,117432.79,286.01974,298.8014,34.820892,21789.318,118762.43,1465.7437,0.90753794,快速死叉,,,,118488.37,118723.65,118958.93,120262.94,neutral,neutral,,
2025-07-21 09:45:00,118611.3,118721.5,118537.1,118680.1,826.876,118791.52,118852.164,30.916224,117.07384,-86.157616,37.56076,52.615723,119904.95,119091.99,118279.02,119883.73,118692.83,117501.94,273.31726,293.3537,33.807262,22616.193,118687.13,1477.7052,0.55956763,快速死叉,,,,118488.37,118723.65,118958.93,120262.94,neutral,neutral,,
2025-07-21 10:00:00,118680.0,118800.4,118600.0,118770.7,926.272,118747.62,118874.26,17.120285,83.75599,-66.635704,43.910988,53.977524,119859.95,119043.73,118227.49,119832.32,118724.52,117616.73,264.2026,288.92734,31.589,23542.467,118687.37,1488.4885,0.6222903,快速死叉,,,,118488.37,118723.65,118958.93,120262.94,neutral,neutral,,
2025-07-21 10:15:00,118770.7,118770.7,118466.4,118499.5,776.01,118666.32,118882.086,-24.60017,47.637268,-72.23744,32.402496,49.505695,119721.19,118951.54,118181.9,119813.016,118735.98,117658.93,269.21478,289.65936,31.115942,22766.455,118650.1,1496.8462,0.51843,快速死叉,零轴下穿,,关键支撑区,118488.37,118723.65,118958.93,117184.36,downtrend,fib_382_reject_缩量,118488.37,118723.65
2025-07-21 10:30:00,118499.5,118568.6,118313.6,118488.0,1372.088,118609.92,118896.766,-54.40329,13.623749,-68.02704,31.987747,49.323757,119681.54,118886.65,118091.76,119810.11,118738.91,117667.7,267.43793,288.0089,32.097168,21394.367,118586.07,1544.6256,0.8882981,快速死叉,,,关键支撑区,118488.37,118723.65,118958.93,117184.36,downtrend,fib_382_reject,117184.36,118488.37
2025-07-21 10:45:00,118488.0,118590.1,118488.0,118553.9,982.375,118598.44,118909.53,-66.16328,-12.971927,-53.191353,37.34902,50.420116,119551.69,118820.125,118088.56,119808.266,118742.02,117675.78,246.77069,279.15613,32.534374,22376.742,118513.8,1567.8778,0.6265635,快速死叉,,,,118488.37,118723.65,118958.93,120262.94,neutral,neutral,,
2025-07-21 11:00:00,118553.9,118725.7,118541.1,118600.1,818.703,118582.44,118919.16,-67.39594,-31.113266,-36.282677,41.14371,51.197327,119353.77,118756.61,118159.445,119803.336,118748.94,117694.55,238.99936,274.65344,30.39444,23195.445,118547.336,1586.8739,0.5159219,快速死叉,,,,118488.37,118723.65,118958.93,120262.94,neutral,neutral,,
2025-07-21 11:15:00,118600.0,118775.1,118500.0,118601.0,848.08,118548.5,118931.71,-66.57198,-42.93284,-23.639147,41.224617,51.212967,119160.266,118703.37,118246.47,119796.98,118756.48,117715.984,243.51193,274.6747,27.680216,24043.525,118585.0,1466.4724,0.578313,快速金叉,,,,118488.37,118723.65,118958.93,120262.94,neutral,neutral,,
2025-07-21 11:30:00,118601.1,118628.2,118325.4,118348.2,757.026,118518.24,118908.71,-94.0086,-59.95809,-34.050507,28.42127,46.78957,119123.58,118651.586,118179.586,119796.4,118756.78,117717.164,250.92294,276.014,27.482477,23286.5,118516.43,1322.3303,0.57249385,快速死叉,,,关键支撑区,118402.65,118611.45,118820.25,117245.4,downtrend,neutral,117245.4,118402.65
2025-07-21 11:45:00,118348.2,118403.7,118035.0,118045.0,1900.335,118429.64,118865.19,-146.36487,-88.76035,-57.60452,19.811615,42.199448,119148.51,118572.82,117997.125,119828.055,118744.53,117661.01,265.64508,280.4276,29.76746,21386.164,118331.4,1363.1304,1.3940963,快速死叉,,,,118402.65,118611.45,118820.25,117245.4,downtrend,neutral,117245.4,118402.65
2025-07-21 12:00:00,118044.9,118190.0,117726.7,118189.4,4729.671,118356.74,118819.03,-162.4873,-113.336006,-49.151306,31.364168,44.90238,119085.195,118513.1,117941.01,119845.336,118733.04,117620.75,290.35193,289.13583,33.42141,26115.836,118194.2,1481.3153,3.192886,快速死叉,,,,118363.414,118560.1,118756.78,117273.33,downtrend,neutral,117273.33,118363.414
2025-07-21 12:15:00,118189.5,118567.3,118147.7,118419.3,2301.927,118320.58,118774.72,-143.01726,-123.22976,-19.787502,45.853687,48.897305,119018.96,118483.875,117948.79,119839.9,118736.8,117633.69,306.50793,295.34842,31.560938,28417.764,118217.9,1469.341,1.5666391,快速死叉,,,,118340.305,118529.85,118719.39,119769.914,neutral,neutral,,
2025-07-21 12:30:00,118419.3,118507.8,118088.0,118171.2,2246.049,118234.62,118706.41,-155.14003,-133.86652,-21.27352,36.22537,45.184975,119018.2,118447.2,117876.2,119851.664,118731.33,117610.99,320.66946,301.2747,30.381,26171.715,118259.97,1469.8413,1.5280894,快速金叉,,,,118289.5,118463.35,118637.2,117325.96,downtrend,neutral,117325.96,118289.5
2025-07-21 12:45:00,118171.4,118297.5,118088.3,118140.3,667.827,118193.04,118652.77,-163.56139,-143.7648,-19.796577,35.152824,44.740765,118981.49,118402.22,117822.945,119855.22,118730.016,117604.81,306.73578,296.89017,29.348557,25503.887,118243.6,1451.1837,0.46019465,快速金叉,,,关键支撑区,118111.02,118318.95,118526.875,116958.61,downtrend,fib_382_reject_缩量,118111.02,118318.95
2025-07-21 13:00:00,118140.3,118171.2,117850.5,117937.4,1657.837,118171.52,118585.4,-189.32684,-158.95215,-30.374695,28.65372,41.900715,118923.68,118332.77,117741.87,119888.8,118718.4,117548.01,308.4813,298.024,30.258287,23846.05,118082.97,1477.5529,1.1220154,快速死叉,,,,118111.02,118318.95,118526.875,116958.61,downtrend,neutral,116958.61,118111.02
2025-07-21 13:15:00,117937.4,118292.0,117937.3,118264.7,1340.556,118186.58,118533.13,-164.5478,-160.81737,-3.7304323,47.070126,47.540943,118889.67,118313.21,117736.75,119894.95,118713.96,117532.97,314.25864,300.72284,29.387823,25186.605,118114.13,1485.6768,0.90232015,快速死叉,,,,118111.02,118318.95,118526.875,119679.29,neutral,neutral,,
2025-07-21 13:30:00,118264.6,118663.9,118212.5,118590.1,2279.641,118220.74,118502.19,-105.396355,-142.34369,36.947346,59.265915,52.36803,118921.55,118321.72,117721.89,119890.07,118722.38,117554.7,331.4013,307.89795,26.74146,27466.246,118264.07,1437.1011,1.5862775,快速金叉,,,,118526.875,118318.95,118111.02,119679.29,uptrend,fib_golden_zone_带量,118526.875,119679.29
2025-07-21 13:45:00,118590.1,119075.0,118590.1,118805.9,4518.13,118347.68,118494.4,-36.5273,-107.07156,70.544266,65.42904,55.236263,119025.54,118342.72,117659.89,119888.71,118721.55,117554.375,350.58865,316.3266,27.226107,31984.377,118553.57,1597.6079,2.8280594,快速金叉,,,强势区,118526.875,118318.95,118111.02,119679.29,uptrend,fib_golden_zone_带量,118526.875,119679.29
2025-07-21 14:00:00,118805.8,118923.0,118389.0,118622.0,2127.268,118444.02,118476.86,-9.255217,-74.46612,65.2109,56.873795,52.41224,119032.555,118344.54,117656.52,119872.23,118710.305,117548.38,373.51508,326.69202,25.689795,29857.11,118672.664,1661.3693,1.2804306,快速金叉,,,,118486.805,118266.5,118046.195,119707.82,uptrend,fib_golden_zone_带量,118486.805,119707.82
2025-07-21 14:15:00,118622.1,119086.1,118596.5,118885.0,2508.849,118633.54,118475.86,40.700333,-36.0773,76.77763,64.59737,55.805195,119147.164,118368.21,117589.25,119844.88,118701.19,117557.49,388.0257,334.44952,25.41037,32365.957,118770.97,1745.7869,1.4370878,快速金叉,零轴上穿,,,118467.7,118241.5,118015.3,119721.42,uptrend,neutral,118467.7,119721.42
2025-07-21 14:30:00,118885.0,119027.4,118692.3,119011.8,1146.709,118782.96,118487.375,89.34307,5.729492,83.61359,67.837326,57.344795,119337.766,118423.51,117509.25,119798.2,118689.914,117581.63,381.40997,334.4805,25.165876,33512.668,118839.6,1736.6115,0.6603141,快速金叉,,,,118467.7,118241.5,118015.3,119721.42,uptrend,neutral,118467.7,119721.42
2025-07-21 14:45:00,119011.8,119200.0,118740.4,118794.3,1744.923,118823.8,118496.09,95.66538,35.708122,59.957256,57.336533,53.95923,119382.57,118485.95,117589.33,119673.72,118662.87,117652.02,391.18372,340.43857,26.115341,31767.744,118897.03,1782.5138,0.97891134,快速金叉,,,强势区,118467.7,118241.5,118015.3,119721.42,uptrend,neutral,118467.7,119721.42
2025-07-21 15:00:00,118794.4,118938.3,118623.6,118738.0,1336.256,118810.22,118498.84,91.24253,54.21959,37.022938,54.775948,53.10705,119411.37,118531.664,117651.97,119610.81,118645.25,117679.68,381.62326,339.21292,25.519716,30431.488,118848.03,1803.013,0.7411239,快速金叉,,,强势区,118467.7,118241.5,118015.3,119721.42,uptrend,fib_golden_zone_缩量,118467.7,119721.42
2025-07-21 15:15:00,118737.9,119111.8,118669.2,118675.0,1546.377,118820.82,118494.29,78.66189,62.367023,16.294867,51.758312,52.139553,119433.52,118552.98,117672.42,119521.21,118622.67,117724.13,389.24536,344.1361,26.250425,28885.111,118735.766,1841.5314,0.8397234,快速死叉,,,强势区,118372.2,118116.5,117860.8,119789.42,uptrend,fib_golden_zone,118372.2,119789.42
2025-07-21 15:30:00,118675.1,118710.0,118284.0,118402.5,1733.699,118724.32,118489.67,36.195553,53.6432,-17.447647,40.499363,48.1552,119407.63,118572.25,117736.87,119414.55,118590.68,117766.81,393.8397,348.0344,23.05835,27151.412,118605.164,1859.6119,0.9322908,快速死叉,,,,118334.01,118066.5,117798.99,119816.625,uptrend,fib_golden_zone,118334.01,119816.625
2025-07-21 15:45:00,118402.5,118555.0,118209.5,118304.1,1513.172,118582.78,118480.914,-5.7124944,33.857967,-39.570465,37.099503,46.79924,119377.63,118585.9,117794.164,119327.086,118559.484,117791.89,387.7972,347.91373,20.900867,25638.24,118460.53,1886.1517,0.8022536,快速死叉,零轴下穿,,反转区,118334.01,118066.5,117798.99,119816.625,uptrend,fib_618_bounce,118066.5,118334.01
2025-07-21 16:00:00,118304.2,118381.0,117899.0,117957.0,3298.782,118415.32,118452.49,-75.33944,-2.5411675,-72.79827,27.57349,42.379395,119369.59,118587.53,117805.48,119318.34,118525.734,117733.125,399.57257,354.29877,21.322165,22339.457,118221.2,2010.1556,1.641058,快速死叉,,,,117593.2,117900.0,118206.8,119907.2,neutral,neutral,,
2025-07-21 16:15:00,117957.0,117965.8,117437.9,117888.0,5766.381,118245.32,118418.58,-130.10114,-45.061153,-85.03998,26.023767,41.56012,119471.78,118556.14,117640.5,119304.34,118488.99,117673.64,415.6135,362.5655,24.054548,16573.076,118049.7,2256.0708,2.5559397,快速死叉,,,,117593.2,117900.0,118206.8,119907.2,neutral,neutral,,
2025-07-21 16:30:00,117888.1,118090.6,117762.8,117823.1,1366.832,118074.94,118381.54,-172.75748,-87.626595,-85.13088,24.512003,40.781506,119557.29,118492.23,117427.164,119301.89,118452.9,117603.9,404.6368,360.91,25.16209,15206.245,117889.37,2286.561,0.59776753,快速死叉,,,,117572.74,117883.45,118194.16,119916.2,neutral,neutral,,
2025-07-21 16:45:00,117823.1,117885.4,117640.5,117726.7,1071.191,117939.78,118351.945,-209.67606,-128.30975,-81.36631,22.27011,39.623734,119573.46,118402.29,117231.125,119321.27,118418.12,117514.96,384.6697,355.3857,26.75453,14135.054,117812.6,2245.1038,0.47712314,快速死叉,,,,117572.74,117883.45,118194.16,119916.2,neutral,neutral,,
2025-07-21 17:00:00,117726.3,118080.3,117700.0,117888.5,1362.456,117856.66,118344.49,-211.53925,-156.05292,-55.486332,34.07668,42.50056,119555.84,118341.164,117126.49,119327.06,118394.02,117460.99,384.1235,356.5721,26.09249,15497.51,117812.766,2076.7432,0.6560542,快速死叉,,,,117572.74,117883.45,118194.16,119916.2,neutral,neutral,,
2025-07-21 17:15:00,117888.4,117944.2,117459.8,117525.0,1770.436,117770.26,118312.85,-250.40219,-187.50267,-62.899517,24.373304,38.20622,119495.43,118227.836,116960.234,119367.14,118355.52,117343.91,396.65805,362.65915,26.924969,13727.074,117713.4,2050.1685,0.8635563,快速死叉,,,关键支撑区,117572.74,117883.45,118194.16,115850.695,downtrend,fib_382_reject,115850.695,117572.74
2025-07-21 17:30:00,117527.2,117686.9,117333.0,117375.0,2222.363,117667.66,118263.125,-289.13367,-221.37967,-67.75399,21.434847,36.6037,119332.26,118091.43,116850.61,119404.14,118309.0,117213.86,391.3133,362.24207,28.324425,11504.711,117596.164,2048.9841,1.0846169,快速死叉,,,,117572.74,117883.45,118194.16,115850.695,downtrend,neutral,115850.695,117572.74
2025-07-21 17:45:00,117374.9,117870.2,117283.0,117815.3,1401.278,117666.1,118246.18,-257.8267,-233.52869,-24.298021,44.393066,43.86108,119122.2,118009.85,116897.49,119402.414,118286.195,117169.97,415.79913,372.95435,27.537262,12905.989,117571.766,2085.6567,0.67186415,快速死叉,,,,117572.74,117883.45,118194.16,119916.2,neutral,neutral,,
2025-07-21 18:00:00,117815.2,117919.0,117803.3,117908.0,877.76,117702.36,118235.12,-219.16685,-228.74141,9.5745535,48.117077,45.246708,118882.31,117940.68,116999.055,119392.95,118266.86,117140.766,378.28674,360.70413,26.326246,13783.749,117699.43,2046.653,0.42887583,快速死叉,,,,117572.74,117883.45,118194.16,119916.2,neutral,neutral,,
2025-07-21 18:15:00,117908.0,118197.0,117846.1,117952.9,1548.404,117715.24,118235.85,-181.88504,-213.12262,31.237577,50.00893,45.92549,118610.42,117880.51,117150.59,119373.37,118246.83,117120.29,374.8634,360.23727,23.489483,15332.153,117892.07,2057.0454,0.75273204,快速金叉,,,,117572.74,117883.45,118194.16,119916.2,neutral,neutral,,
2025-07-21 18:30:00,117952.9,117973.5,117400.7,117432.9,1441.452,117696.82,118196.24,-212.50449,-212.91656,0.41209158,33.50273,39.909065,118464.06,117799.71,117135.35,119386.36,118207.92,117029.484,399.60547,370.3593,23.340876,13890.701,117764.6,2015.1359,0.71531254,快速金叉,,,,117572.74,117883.45,118194.16,115850.695,downtrend,neutral,115850.695,117572.74
2025-07-21 18:45:00,117432.9,117432.9,117033.0,117116.3,2845.129,117645.08,118126.06,-265.87112,-230.56808,-35.303032,27.139761,36.824993,118407.21,117700.73,116994.24,119432.35,118158.43,116884.51,399.6423,371.766,25.065931,11045.572,117500.7,1931.4858,1.473026,快速死叉,,,,117539.055,117839.35,118139.65,115874.69,downtrend,neutral,115874.69,117539.055
2025-07-21 19:00:00,117116.4,117400.0,116933.0,117391.2,1872.312,117560.26,118058.695,-264.63806,-241.92474,-22.71331,38.89581,40.982983,118361.55,117653.58,116945.61,119449.31,118126.53,116803.75,408.062,376.30096,27.015673,12917.884,117313.47,1918.738,0.97580385,快速死叉,,,,117539.055,117839.35,118139.65,115874.69,downtrend,neutral,115874.69,117539.055
2025-07-21 19:15:00,117391.2,117485.7,116947.4,117043.5,1000.649,117387.36,117983.53,-298.25626,-260.7019,-37.554344,31.41589,37.688644,118394.27,117583.2,116772.13,119516.19,118093.15,116670.11,424.34177,384.0152,27.806847,11917.235,117183.664,1843.328,0.5428491,快速死叉,,,,117385.56,117638.45,117891.336,115983.98,downtrend,neutral,115983.98,117385.56
2025-07-21 19:30:00,117044.0,117044.0,116600.0,116800.0,3844.075,117156.78,117884.24,-343.15414,-288.186,-54.968163,27.15004,35.585266,118468.78,117497.945,116527.1,119600.375,118046.836,116493.29,426.79904,386.8716,30.117401,8073.16,117078.234,1978.1963,1.9432222,快速死叉,,,,117326.35,117560.95,117795.55,116026.14,downtrend,neutral,116026.14,117326.35
2025-07-21 19:45:00,116800.1,116859.3,116614.3,116724.7,1915.087,117015.14,117775.336,-375.17892,-317.18362,-57.99528,25.882101,34.951885,118520.39,117414.445,116308.49,119658.07,117990.34,116322.625,404.07416,380.1158,32.139133,6158.073,116856.07,1986.7046,0.9639516,快速死叉,,,,117259.88,117473.95,117688.016,116073.46,downtrend,neutral,116073.46,117259.88
2025-07-21 20:00:00,116724.7,116942.2,116566.9,116881.4,1655.866,116968.16,117684.24,-370.36154,-334.9096,-35.451942,33.43002,37.38701,118429.55,117330.516,116231.484,119696.27,117947.35,116198.44,400.4774,379.8865,32.86434,7813.939,116802.03,2002.685,0.826823,快速死叉,,,,117189.6,117381.95,117574.305,116123.516,downtrend,neutral,116123.516,117189.6
2025-07-21 20:15:00,116881.3,117079.3,116855.7,117029.1,1116.43,116895.74,117602.87,-341.07083,-336.96335,-4.107485,40.13414,39.623936,118397.18,117289.195,116181.2,119711.58,117910.31,116109.05,378.3677,372.44427,31.819803,8930.369,116878.4,1981.1877,0.5635155,快速死叉,,,,117189.6,117381.95,117574.305,116123.516,downtrend,neutral,116123.516,117189.6
2025-07-21 20:30:00,117029.0,117168.7,116876.4,117109.5,1142.119,116908.94,117528.32,-303.30545,-325.74405,22.438591,43.7328,40.832134,118380.266,117267.07,116153.87,119725.18,117882.72,116040.26,367.60925,368.6279,29.852789,10072.488,117006.664,1951.6086,0.58521926,快速金叉,,,,117189.6,117381.95,117574.305,116123.516,downtrend,neutral,116123.516,117189.6
2025-07-21 20:45:00,117109.5,117227.1,116860.8,116889.7,960.342,116926.88,117456.28,-295.63702,-315.70837,20.071346,36.697037,38.614044,118238.625,117189.93,116141.24,119729.9,117836.88,115943.87,367.4456,368.51703,27.433924,9112.146,117009.43,1923.9672,0.49914676,快速金叉,,,,117189.6,117381.95,117574.305,116123.516,downtrend,neutral,116123.516,117189.6
2025-07-21 21:00:00,116889.6,117172.0,116824.4,116906.9,679.383,116963.32,117389.75,-281.37335,-304.26337,22.890024,37.61335,38.886818,117992.2,117106.51,116220.82,119686.78,117780.77,115874.766,364.9649,367.521,25.687912,9791.529,116968.7,1792.9972,0.3789091,快速金叉,,,,117189.6,117381.95,117574.305,116123.516,downtrend,neutral,116123.516,117189.6
2025-07-21 21:15:00,116906.9,117200.0,116906.8,117185.8,472.045,117024.2,117353.02,-232.24544,-280.2574,48.011955,51.024467,43.185192,117611.16,117042.586,116474.01,119582.11,117726.77,115871.44,355.9943,363.9819,23.7589,10263.574,116994.13,1528.2804,0.3088733,快速死叉,,,关键支撑区,117189.6,117381.95,117574.305,116123.516,downtrend,fib_382_reject_缩量,116123.516,117189.6
2025-07-21 21:30:00,117185.8,117338.7,117069.0,117333.4,538.366,117085.06,117326.62,-175.3612,-245.29199,69.930786,56.76315,45.322205,117564.95,117034.29,116503.625,119492.59,117683.82,115875.05,345.2075,359.49228,21.40966,10801.94,117142.03,1486.8572,0.3620832,快速金叉,,,,117189.6,117381.95,117574.305,118640.39,neutral,neutral,,
2025-07-21 21:45:00,117333.4,117333.4,117109.6,117171.7,496.407,117097.5,117295.59,-150.58537,-213.72311,63.13775,49.369453,43.442566,117576.34,117038.91,116501.48,119347.47,117626.71,115905.95,330.03156,353.03073,19.354076,10305.533,117230.3,1458.1179,0.34044364,快速金叉,,,,116755.82,117031.0,117306.18,118831.305,neutral,neutral,,
2025-07-21 22:00:00,117171.8,117285.5,117061.0,117279.9,788.62,117175.54,117274.32,-117.166275,-181.5375,64.37123,54.042652,45.043915,117527.73,117029.63,116531.55,119150.04,117568.98,115987.92,316.84012,346.91022,17.093893,11094.153,117261.664,1429.4261,0.55170393,快速金叉,,,反转区,117306.18,117031.0,116755.82,118831.305,uptrend,fib_618_bounce_缩量,117031.0,117306.18
2025-07-21 22:15:00,117279.8,117373.6,117155.8,117365.9,598.111,117267.34,117249.43,-81.1105,-148.06183,66.95134,57.66599,46.31253,117614.54,117056.5,116498.46,118980.27,117521.37,116062.46,304.4601,340.76212,16.18574,11692.264,117272.5,1370.8099,0.43631944,快速金叉,,,,117168.055,116919.25,116670.445,118547.016,uptrend,fib_golden_zone_缩量,117168.055,118547.016
2025-07-21 22:30:00,117365.9,117596.6,117365.8,117575.1,943.838,117345.2,117251.82,-29.65389,-108.59252,78.93863,65.40634,49.301758,117757.02,117121.09,116485.164,118808.68,117482.6,116156.53,295.2526,335.52582,18.104795,12636.102,117406.97,1306.8837,0.72220504,快速金叉,,,,117151.734,116906.05,116660.36,118513.43,uptrend,neutral,117151.734,118513.43
2025-07-21 22:45:00,117575.1,117582.6,117307.6,117307.6,666.747,117340.04,117248.61,-24.4378,-80.54095,56.103146,51.38939,45.872574,117729.03,117169.664,116610.305,118622.46,117437.02,116251.586,292.721,332.64365,18.68234,11969.355,117416.2,1270.1571,0.5249327,快速金叉,,,,117151.734,116906.05,116660.36,118513.43,uptrend,fib_golden_zone_缩量,117151.734,118513.43
2025-07-21 23:00:00,117307.7,117333.6,117127.1,117237.1,533.122,117353.12,117221.08,-28.481857,-63.187916,34.70606,48.21248,45.006298,117707.99,117199.305,116690.625,118483.29,117398.18,116313.06,281.9434,326.6368,16.450327,11436.233,117373.266,1252.9252,0.42550185,快速金叉,,,,117151.734,116906.05,116660.36,118513.43,uptrend,fib_golden_zone_缩量,117151.734,118513.43
2025-07-21 23:15:00,117237.0,117315.9,117062.6,117314.0,800.026,117359.94,117192.79,-21.63575,-49.337193,27.701445,51.98952,46.17056,117718.07,117223.05,116728.03,118350.984,117365.17,116379.37,278.36298,323.1446,15.398255,12236.259,117286.234,1215.5063,0.65818334,快速死叉,,,,117151.734,116906.05,116660.36,118513.43,uptrend,fib_golden_zone_缩量,117151.734,118513.43
2025-07-21 23:30:00,117314.0,117471.0,117259.4,117280.5,644.943,117342.86,117160.77,-20.283527,-39.652637,19.36911,50.131283,45.72774,117724.88,117237.3,116749.72,118283.23,117342.625,116402.016,270.0176,317.83295,14.7173815,11591.316,117277.2,1175.6809,0.5485698,快速死叉,,,,117151.734,116906.05,116660.36,118513.43,uptrend,fib_golden_zone_缩量,117151.734,118513.43
2025-07-21 23:45:00,117280.6,117427.8,117239.8,117330.2,316.306,117293.88,117155.88,-13.055174,-30.786818,17.731644,53.03666,46.52665,117673.7,117274.01,116874.32,118224.016,117324.03,116424.04,259.76538,311.65042,13.79893,11907.622,117308.234,1049.2397,0.30146208,快速金叉,,,,117151.734,116906.05,116660.36,118513.43,uptrend,fib_golden_zone_缩量,117151.734,118513.43
2025-07-22 00:00:00,117330.2,117361.6,117209.9,117287.9,452.441,117289.94,117164.055,-12.666901,-24.746845,12.079945,50.136265,45.922535,117571.555,117305.76,117039.96,118170.74,117306.19,116441.63,246.25722,304.03372,12.467515,11455.181,117299.53,978.24615,0.4625022,快速金叉,,,,117151.734,116906.05,116660.36,118513.43,uptrend,fib_golden_zone_缩量,117151.734,118513.43
2025-07-22 00:15:00,117287.9,117474.7,117287.9,117474.7,560.985,117337.46,117168.03,9.747557,-13.248712,22.996267,61.09715,48.993454,117603.734,117329.836,117055.93,118140.92,117297.79,116454.66,238.82507,298.45117,13.061556,12016.166,117364.266,956.26294,0.58664304,快速金叉,零轴上穿,,强势区,117151.734,116906.05,116660.36,118513.43,uptrend,fib_golden_zone_缩量,117151.734,118513.43
2025-07-22 00:30:00,117474.6,117475.1,116968.2,117026.4,1637.421,117279.94,117167.21,-27.31484,-17.93742,-9.377419,37.820297,42.860245,117659.46,117304.25,116949.04,118067.77,117269.055,116470.336,272.33444,308.3773,13.956983,10378.745,117263.0,845.93024,1.9356455,快速死叉,零轴下穿,,,116660.36,116906.05,117151.734,118513.43,neutral,neutral,,
2025-07-22 00:45:00,117026.5,117279.4,117026.5,117073.1,566.401,117238.46,117180.22,-47.005867,-27.626904,-19.378965,40.571926,43.63207,117680.05,117296.03,116912.016,118047.53,117253.99,116460.445,269.91763,305.7403,14.740481,10945.146,117191.4,778.496,0.7275581,快速死叉,,,,116660.36,116906.05,117151.734,118513.43,neutral,neutral,,
2025-07-22 01:00:00,117073.2,117091.3,116800.1,116810.2,1408.276,117134.46,117184.29,-90.35797,-48.53726,-41.82071,31.435406,40.40589,117785.6,117256.89,116728.18,118054.57,117235.164,116415.76,272.5779,305.04788,17.700401,9536.87,116969.9,766.11646,1.8382009,快速死叉,,,,116660.36,116906.05,117151.734,118513.43,neutral,neutral,,
2025-07-22 01:15:00,116810.3,117199.9,115865.0,117199.8,8651.643,117116.84,117199.45,-72.846085,-56.6402,-16.205883,50.649563,46.55494,117765.445,117243.05,116720.66,117980.73,117214.65,116448.56,405.3682,354.08847,24.281067,18188.514,117027.7,1142.8771,7.5700555,快速死叉,,,,117151.734,116906.05,116660.36,118513.43,uptrend,fib_golden_zone_带量,117151.734,118513.43
2025-07-22 01:30:00,117199.8,117818.2,117075.2,117615.7,4781.213,117145.04,117227.38,-10.312175,-41.197525,30.885351,63.4173,52.09535,117785.13,117246.43,116707.734,117917.96,117204.91,116491.84,447.57217,372.60806,24.04527,22969.727,117208.57,1324.8318,3.6089208,快速金叉,,,,117151.734,116906.05,116660.36,118513.43,uptrend,neutral,117151.734,118513.43
2025-07-22 01:45:00,117615.7,117947.1,117571.3,117700.0,2279.069,117279.76,117255.51,43.306446,-13.029535,56.33598,65.52639,53.129448,117915.61,117279.13,116642.66,117853.39,117196.48,116539.555,438.60065,372.76007,22.877354,25248.795,117505.164,1390.7682,1.6387124,快速金叉,零轴上穿,,,117151.734,116906.05,116660.36,118513.43,uptrend,neutral,117151.734,118513.43
2025-07-22 02:00:00,117700.1,117777.9,117380.5,117463.0,1557.136,117357.74,117282.805,51.887672,8.609534,43.278137,55.10596,49.946705,117947.56,117297.96,116648.35,117857.19,117197.48,116537.766,433.45056,373.93338,22.880142,23691.658,117592.9,1434.6558,1.0853726,快速金叉,,,强势区,117151.734,116906.05,116660.36,118513.43,uptrend,fib_golden_zone,117151.734,118513.43
2025-07-22 02:15:00,117463.1,117679.7,117364.1,117507.4,789.091,117497.18,117311.4,61.83864,26.35257,35.48607,56.61396,50.52966,117982.34,117314.08,116645.805,117885.58,117210.516,116535.445,418.71924,371.1556,22.97272,24480.75,117556.8,1450.508,0.54401004,快速金叉,,,强势区,117151.734,116906.05,116660.36,118513.43,uptrend,neutral,117151.734,118513.43
2025-07-22 02:30:00,117507.4,117639.0,117233.5,117239.1,1010.294,117505.04,117313.94,35.936947,29.547361,6.389585,45.774246,47.052593,117980.87,117310.625,116640.38,117874.62,117205.445,116536.27,417.06683,372.79105,23.802635,23470.455,117403.164,1474.1045,0.6853612,快速死叉,,,,117151.734,116906.05,116660.36,118513.43,uptrend,fib_golden_zone_缩量,117151.734,118513.43
2025-07-22 02:45:00,117239.1,117284.9,116914.4,116980.0,1595.608,117377.9,117297.11,-13.232931,15.287264,-28.520195,37.652008,43.98362,117995.016,117281.445,116567.87,117876.93,117203.33,116529.73,411.24597,372.68198,26.10974,21874.848,117242.164,1529.0646,1.043519,快速死叉,零轴下穿,,,116660.36,116906.05,117151.734,118513.43,neutral,neutral,,
2025-07-22 03:00:00,116980.0,117208.4,116911.3,116977.4,949.459,117233.38,117287.86,-47.445118,-5.62353,-41.821587,37.57395,43.953415,118004.195,117255.57,116506.94,117862.2,117209.24,116556.28,396.97772,369.08282,28.142826,20925.389,117065.5,1537.1064,0.6176924,快速死叉,,,,116660.36,116906.05,117151.734,118513.43,neutral,neutral,,
2025-07-22 03:15:00,116977.4,117116.8,116643.0,117090.1,2089.968,117158.8,117278.82,-56.962482,-22.736515,-34.22597,43.497368,45.65216,117958.65,117223.516,116488.38,117831.07,117221.42,116611.77,406.5805,374.06937,31.106922,23015.357,117015.836,1611.6993,1.296748,快速死叉,,,,116660.36,116906.05,117151.734,118513.43,neutral,neutral,,
2025-07-22 03:30:00,117090.0,117250.3,116745.5,116873.0,1835.067,117031.92,117255.34,-87.645035,-44.37269,-43.27235,35.85194,43.015068,117979.016,117210.734,116442.45,117831.94,117221.14,116610.336,418.85794,380.29462,32.076466,21180.29,116980.164,1656.2607,1.1079577,快速死叉,,,,116776.07,117057.5,117338.93,118898.72,neutral,neutral,,
2025-07-22 03:45:00,116873.0,117181.6,116797.1,117177.0,947.074,117019.5,117236.39,-71.391495,-53.378956,-18.012535,50.16247,47.475994,117980.24,117219.39,116458.54,117829.734,117226.07,116622.41,414.5632,380.49487,32.92482,22127.363,117046.7,1670.2771,0.56701607,快速金叉,,,,116892.54,117209.95,117527.36,119286.555,neutral,neutral,,
2025-07-22 04:00:00,117176.9,117240.0,117030.5,117082.5,568.341,117040.0,117225.67,-69.4632,-58.74037,-10.722829,46.407833,46.293144,117938.37,117242.086,116545.805,117830.24,117225.17,116620.09,388.9303,372.35226,32.858143,21559.023,117044.164,1672.0381,0.3399091,快速金叉,,,,116892.54,117209.95,117527.36,119286.555,neutral,neutral,,
2025-07-22 04:15:00,117082.5,117130.1,116804.1,116941.6,942.978,117032.84,117211.6,-82.97595,-66.8189,-16.157053,41.061558,44.555252,117952.14,117220.57,116488.99,117825.47,117226.9,116628.33,381.06403,370.14502,34.246193,20616.045,117067.03,1679.1857,0.5615686,快速金叉,,,,116892.54,117209.95,117527.36,119286.555,neutral,neutral,,
2025-07-22 04:30:00,116941.6,117325.0,116800.0,116820.1,1151.499,116978.84,117188.08,-104.64913,-79.42898,-25.220156,36.796913,43.090572,117865.414,117154.266,116443.12,117835.195,117224.01,116612.82,399.05603,377.51907,32.867302,19464.547,116948.07,1704.5135,0.67555875,快速死叉,,,关键支撑区,116892.54,117209.95,117527.36,115133.34,downtrend,neutral,115133.34,116892.54
2025-07-22 04:45:00,116820.2,116900.0,116487.0,116500.0,2100.652,116904.24,117150.914,-154.7223,-104.52675,-50.19555,27.892715,39.49867,117769.77,117054.266,116338.76,117905.96,117201.15,116496.33,400.799,379.20862,33.6685,17363.895,116753.9,1793.7308,1.1711078,快速死叉,,,,116892.54,117209.95,117527.36,115133.34,downtrend,neutral,115133.34,116892.54
2025-07-22 05:00:00,116500.1,117206.0,116484.2,117168.9,2418.657,116902.62,117143.234,-107.715385,-105.58963,-2.1257572,54.647713,48.85327,117673.24,117029.76,116386.28,117897.484,117195.664,116493.84,440.92413,395.5225,31.071459,19782.55,116829.664,1892.0416,1.2783319,快速死叉,,,,116892.54,117209.95,117527.36,119286.555,neutral,neutral,,
2025-07-22 05:15:00,117168.9,117318.0,117069.8,117123.0,1146.756,116910.72,117135.38,-77.85174,-96.343666,18.491928,53.07125,48.31502,117520.48,116997.73,116474.97,117896.66,117194.04,116491.42,416.83362,388.50714,27.762915,18635.795,116930.63,1921.3302,0.5968553,快速金叉,,,,117275.21,117519.55,117763.89,115920.97,downtrend,neutral,115920.97,117275.21
2025-07-22 05:30:00,117122.9,117297.0,117011.9,117050.0,842.102,116932.4,117115.16,-63.786346,-85.49123,21.704878,50.374863,47.442142,117469.54,116981.97,116494.39,117891.0,117186.375,116481.75,400.3669,383.583,25.363728,17793.693,117113.97,1881.5642,0.44755423,快速金叉,,,,117275.21,117519.55,117763.89,115920.97,downtrend,neutral,115920.97,117275.21
2025-07-22 05:45:00,117050.0,117294.8,116886.1,117289.3,1041.052,117026.24,117127.68,-24.51777,-65.16674,40.648968,58.44861,50.519077,117546.5,117007.74,116468.984,117884.67,117183.82,116482.98,401.40854,384.77905,24.333931,18834.744,117154.1,1905.2968,0.5463989,快速金叉,,,关键支撑区,117275.21,117519.55,117763.89,115920.97,downtrend,fib_382_reject_缩量,117275.21,117519.55
2025-07-22 06:00:00,117289.5,117548.6,117222.6,117516.2,1531.884,117229.48,117148.77,29.921011,-33.470825,63.391834,64.78621,53.244267,117709.96,117052.64,116395.33,117875.26,117181.86,116488.46,391.98248,381.98004,21.749828,20366.629,117285.164,1911.4772,0.8014137,快速金叉,零轴上穿,,,117275.21,117519.55,117763.89,119118.13,neutral,neutral,,
2025-07-22 06:15:00,117516.2,117697.6,117387.2,117680.4,1223.09,117331.78,117190.21,86.31008,6.4561443,79.853935,68.803474,55.12236,117909.9,117101.836,116293.766,117926.56,117194.29,116462.01,381.78467,378.57147,20.770094,21589.719,117495.3,1540.0496,0.79418874,快速金叉,,,,117306.95,117561.1,117815.25,119223.836,neutral,neutral,,
2025-07-22 06:30:00,117680.3,117727.0,117503.8,117508.4,1039.467,117408.86,117204.91,103.41569,38.775993,64.639694,60.38473,52.79009,117992.125,117154.78,116317.44,117951.1,117203.33,116455.555,361.96158,371.17282,20.16498,20550.252,117568.336,1352.9622,0.76828974,快速金叉,,,,117306.95,117561.1,117815.25,119223.836,neutral,neutral,,
2025-07-22 06:45:00,117508.5,117799.9,117445.0,117799.7,999.022,117558.8,117213.67,146.97069,74.84089,72.1298,68.09765,56.09363,118173.05,117206.67,116240.3,118019.96,117219.52,116419.08,361.0789,370.39792,20.28987,21549.273,117662.836,1288.9598,0.7750606,快速金叉,,,,117306.95,117561.1,117815.25,119223.836,neutral,neutral,,
2025-07-22 07:00:00,117799.7,118250.0,117720.8,118244.2,3099.738,117749.78,117239.586,225.83128,125.17102,100.66026,76.30904,60.519974,118532.36,117303.484,116074.6,118193.67,117251.64,116309.61,382.09402,377.95993,23.40728,24649.012,117850.766,1366.09,2.2690585,快速金叉,,,,117306.95,117561.1,117815.25,119223.836,neutral,neutral,,
2025-07-22 07:15:00,118244.2,118554.9,118177.6,118530.0,3382.274,117952.54,117290.4,308.85516,186.39908,122.4561,80.142975,63.035786,118924.73,117435.85,115946.98,118419.19,117291.63,116164.086,381.49478,377.9285,27.443687,28031.285,118191.3,1495.7491,2.2612576,快速金叉,,,,117306.95,117561.1,117815.25,119223.836,neutral,neutral,,
2025-07-22 07:30:00,118529.9,118548.9,118070.6,118149.9,2385.787,118046.44,117320.99,314.9512,229.24979,85.70143,64.05806,57.8848,119032.14,117546.664,116061.195,118522.18,117320.37,116118.56,393.59543,382.7081,29.589731,25645.498,118308.03,1564.5238,1.5249286,快速金叉,,,,117306.95,117561.1,117815.25,119223.836,neutral,neutral,,
2025-07-22 07:45:00,118149.9,118184.4,117779.4,117959.5,1760.16,118136.66,117355.3,289.5572,249.35226,40.204945,57.33331,55.49946,118907.98,117668.29,116428.61,118575.85,117336.53,116097.21,395.021,383.76962,28.190023,23885.34,118213.13,1572.7513,1.1191597,快速金叉,,,,117306.95,117561.1,117815.25,119223.836,neutral,neutral,,
2025-07-22 08:00:00,117959.5,117959.5,117501.6,117657.5,2529.015,118108.22,117387.555,229.79044,242.83165,-13.041212,48.007286,51.93514,118880.88,117709.01,116537.13,118596.26,117357.57,116118.875,402.8809,387.29965,24.809864,21356.324,117922.3,1651.7291,1.5311317,快速死叉,,,,117306.95,117561.1,117815.25,119223.836,neutral,neutral,,
2025-07-22 08:15:00,117657.5,117955.0,117441.5,117684.6,1871.293,117996.3,117421.234,185.99274,223.88535,-37.89261,48.877865,52.22424,118827.75,117755.805,116683.87,118617.97,117377.95,116137.93,416.70825,393.30917,22.336704,23227.617,117767.2,1640.7954,1.1404792,快速死叉,,,,117306.95,117561.1,117815.25,119223.836,neutral,neutral,,
2025-07-22 08:30:00,117684.5,118183.6,117659.1,118068.5,1417.256,117904.0,117467.82,196.06352,214.6114,-18.547888,59.958626,56.147537,118764.43,117840.68,116916.94,118669.84,117419.89,116169.945,430.18222,399.55637,20.82828,24644.873,117803.53,1619.9049,0.87490076,快速死叉,,,,117306.95,117561.1,117815.25,119223.836,neutral,neutral,,
2025-07-22 08:45:00,118068.4,118330.6,117991.8,118257.9,1202.718,117925.6,117533.77,220.6376,216.62013,4.0174646,64.40002,57.936893,118773.97,117921.4,117068.836,118763.664,117455.164,116146.66,418.75946,396.6632,20.592726,25847.592,118003.664,1632.687,0.73664945,快速金叉,,,,117306.95,117561.1,117815.25,119223.836,neutral,neutral,,
2025-07-22 09:00:00,118257.9,118258.0,117983.0,118000.0,1101.45,117933.7,117572.96,202.41402,211.88477,-9.470752,54.752186,54.7432,118748.5,117961.72,117174.93,118800.96,117467.98,116134.984,400.78952,390.86972,20.288923,24746.14,118108.8,1659.3425,0.663787,快速金叉,,,,117306.95,117561.1,117815.25,119223.836,neutral,neutral,,
2025-07-22 09:15:00,118000.0,118222.0,117837.7,118166.6,1151.404,118035.52,117624.586,204.48265,209.41739,-4.9347453,59.342617,56.374344,118766.75,118002.234,117237.72,118854.88,117483.52,116112.17,398.72833,390.5569,18.393795,25897.545,118141.5,1669.7638,0.689561,快速金叉,,,,117306.95,117561.1,117815.25,119223.836,neutral,neutral,,
2025-07-22 09:30:00,118166.7,118546.0,118166.6,118495.6,1623.063,118197.72,117698.586,239.61853,219.48444,20.134094,67.04529,59.40796,118815.85,118084.5,117353.15,118974.234,117517.945,116061.66,396.3123,390.0256,19.33778,27520.607,118220.734,1693.342,0.95849687,快速金叉,,,,117306.95,117561.1,117815.25,119223.836,neutral,neutral,,
2025-07-22 09:45:00,118495.6,118638.0,118352.6,118356.3,1779.732,118255.28,117771.734,242.17232,227.04706,15.125251,61.307827,57.62646,118848.375,118130.88,117413.4,119058.1,117546.24,116034.39,382.44824,385.04343,20.779112,25740.877,118339.5,1677.296,1.0610721,快速金叉,,,,117306.95,117561.1,117815.25,119223.836,neutral,neutral,,
2025-07-22 10:00:00,118356.3,118493.8,118251.5,118405.6,1004.472,118284.82,117862.484,244.05074,232.71495,11.335784,62.628323,58.093452,118886.98,118144.336,117401.69,119144.36,117585.125,116025.89,364.92972,378.24612,20.779802,26745.348,118419.164,1606.5868,0.62522113,快速金叉,,,,117306.95,117561.1,117815.25,119223.836,neutral,neutral,,
2025-07-22 10:15:00,118405.7,118510.0,118325.9,118504.9,992.548,118385.8,117926.1,251.2632,238.8977,12.365492,65.40293,59.04796,118877.164,118142.24,117407.32,119226.23,117635.95,116045.68,342.32602,369.00107,20.918184,27737.896,118422.266,1598.8763,0.62077844,快速金叉,,,,117306.95,117561.1,117815.25,119223.836,neutral,neutral,,
2025-07-22 10:30:00,118505.0,118724.9,118504.9,118690.2,2280.271,118490.52,118000.73,272.0774,249.9576,22.119799,70.21689,60.797512,119028.516,118187.266,117346.016,119327.03,117693.05,116059.07,327.03525,361.90576,22.740183,30018.168,118533.57,1670.7848,1.3647903,快速金叉,,,,117306.95,117561.1,117815.25,119223.836,neutral,neutral,,
2025-07-22 10:45:00,118690.3,118945.8,118667.7,118945.6,2846.766,118580.52,118090.99,310.0691,269.99478,40.074333,75.662346,63.080193,119257.52,118269.445,117281.36,119468.055,117754.9,116041.74,320.91833,357.91504,25.704206,32864.934,118713.57,1761.0706,1.6164975,快速金叉,,,,117306.95,117561.1,117815.25,119223.836,neutral,neutral,,
2025-07-22 11:00:00,118945.6,119097.4,118766.0,118902.0,2810.451,118689.66,118167.79,324.15527,288.04828,36.107006,73.00393,62.428608,119328.914,118373.15,117417.38,119563.89,117822.53,116081.18,322.22855,356.6524,29.084707,30054.482,118845.93,1824.9989,1.5399741,快速金叉,,,,117306.95,117561.1,117815.25,119223.836,neutral,neutral,,
2025-07-22 11:15:00,118902.0,119050.0,118902.0,119049.4,1124.779,118818.42,118240.8,343.6151,306.57056,37.044567,76.2897,63.75752,119386.33,118486.88,117587.445,119692.82,117884.945,116077.07,300.44998,346.71658,32.042645,31179.262,118965.664,1820.0833,0.61798215,快速金叉,,,,117306.95,117561.1,117815.25,119223.836,neutral,neutral,,
2025-07-22 11:30:00,119049.4,119068.2,118861.4,119051.7,1641.052,118927.78,118306.1,349.38858,320.84323,28.545351,76.342125,63.77851,119489.42,118568.82,117648.21,119797.57,117950.586,116103.61,288.74374,340.0539,33.876606,32820.312,119001.03,1850.1626,0.8869772,快速金叉,,,,117306.95,117561.1,117815.25,119223.836,neutral,neutral,,
2025-07-22 11:45:00,119051.6,119199.9,119040.8,119142.2,1522.515,119018.18,118383.9,355.81833,332.5016,23.316734,78.52192,64.624985,119616.64,118642.51,117668.375,119886.67,118023.94,116161.21,272.53827,331.43704,36.332146,34342.83,119081.1,1876.3372,0.8114293,快速金叉,,,,117306.95,117561.1,117815.25,119223.836,neutral,neutral,,
2025-07-22 12:00:00,119142.2,119331.1,119071.0,119250.9,2254.884,119079.24,118453.01,364.68304,343.22876,21.454302,80.977905,65.637726,119665.33,118746.75,117828.17,119958.49,118104.97,116251.44,270.9835,328.04004,39.218407,36597.71,119148.266,1834.0945,1.2294263,快速金叉,,,,117306.95,117561.1,117815.25,119223.836,neutral,neutral,,
2025-07-22 12:15:00,119251.0,119256.2,119160.9,119215.1,942.115,119141.86,118499.234,358.13434,348.19727,9.937056,77.56972,64.99427,119680.836,118834.125,117987.414,119941.72,118195.47,116449.23,249.02306,316.95718,41.743885,35655.598,119202.734,1712.0865,0.550273,快速金叉,,,,117306.95,117561.1,117815.25,119223.836,neutral,neutral,,
2025-07-22 12:30:00,119215.2,119400.4,119019.2,119358.7,2048.705,119203.72,118538.7,361.99493,352.7965,9.198448,81.260605,66.382286,119787.39,118906.05,118024.71,120024.38,118268.46,116512.55,265.54517,320.01636,44.735645,37704.3,119274.9,1695.2324,1.2085098,快速金叉,,,,117306.95,117561.1,117815.25,119223.836,neutral,neutral,,
2025-07-22 12:45:00,119358.6,119422.6,119227.4,119280.6,1556.817,119249.5,118592.54,347.07935,350.89078,-3.8114305,73.57834,64.912445,119780.03,118983.08,118186.12,120065.39,118340.38,116615.375,256.752,314.07272,47.466736,36147.484,119284.8,1685.0653,0.9238912,快速金叉,,,,117306.95,117561.1,117815.25,119223.836,neutral,neutral,,
2025-07-22 13:00:00,119280.6,119475.2,119194.6,119340.0,2869.594,119289.06,118658.28,335.52805,345.76987,-10.241823,75.62322,65.5221,119743.39,119060.945,118378.49,120081.46,118416.72,116751.98,259.73303,312.4788,50.135204,39017.08,119326.43,1702.0942,1.6859195,快速金叉,,,,117306.95,117561.1,117815.25,119223.836,neutral,neutral,,
2025-07-22 13:15:00,119339.9,119339.9,119076.8,119190.8,1690.803,119277.04,118731.3,302.19052,331.2434,-29.052902,61.64283,62.651115,119632.24,119118.1,118603.96,120085.97,118480.1,116874.234,260.16638,310.13217,49.39148,37326.277,119270.47,1693.0697,0.99866116,快速死叉,,,,117306.95,117561.1,117815.25,119223.836,neutral,neutral,,
2025-07-22 13:30:00,119190.8,119582.3,118799.4,119455.8,5911.434,119325.18,118815.64,302.91608,321.80096,-18.88489,72.26682,65.47257,119620.89,119181.9,118742.91,120142.84,118544.75,116946.66,325.5081,332.64493,43.659306,43237.71,119328.87,1917.7787,3.0824382,快速金叉,,,,117306.95,117561.1,117815.25,119223.836,neutral,neutral,,
2025-07-22 13:45:00,119455.7,119455.8,117996.1,118135.1,9528.016,119080.46,118818.81,141.86742,261.82312,-119.9557,27.683704,46.92314,120003.87,119114.36,118224.84,120112.8,118559.91,117007.02,467.28207,386.3142,44.006985,33709.695,118927.234,2334.0435,4.082193,快速死叉,,带量突破下轨,,117306.95,117561.1,117815.25,119223.836,neutral,neutral,,
2025-07-22 14:00:00,118135.1,118249.8,117522.0,118195.0,7716.096,118863.34,118815.81,33.47993,185.70872,-152.22879,29.969759,47.629734,120174.37,119055.445,117936.516,120056.336,118582.8,117109.26,499.84683,402.57544,45.955544,41425.79,118595.3,2664.776,2.895589,快速死叉,,,,117306.95,117561.1,117815.25,119223.836,neutral,neutral,,
