open_time,开盘价,最高价,最低价,收盘价,成交量,成交额,成交笔数,主动买入量,主动买入额,MA20,MA50,MA_LONG,MACD,MACD_Signal,MACD_Hist,RSI,RSI_Secondary,RSI_Long,BB_Upper,BB_Middle,BB_Lower,BB_Long_Upper,BB_Long_Middle,BB_Long_Lower,Stoch_SlowK,Stoch_SlowD,OBV,ATR,ATR_Long,ATR_Ratio,ADX,Fib_Ret_0.382,Fib_Ret_0.500,Fib_Ret_0.618,Fib_Ret_0.236,Fib_Ret_0.786,Fib_Ret_0.000,Fib_Ret_1.000,Fib_Ext_1.272,Fib_Ext_1.414,Fib_Trend,Fib_High,Fib_Low,Fib_Signal,Fib_Support_Level,Fib_Resistance_Level,Fib_Price_Position,MA3,MA5,MA56,MACD_Long,MACD_Long_Signal,Volume_MA20,Volume_Ratio,MA_Fast_Signal,MACD_Zero_Cross,BB_Breakout_Strength,Fib_Key_Zone
2025-07-14 07:00:00,122124.1,123300.0,122087.7,122731.0,12504.352,1534604700.0,224881.0,6836.741,839097300.0,,,,,,,,,,,,,,,,,,12504.352,,,,,,,,,,,,,,neutral,,,neutral,,,,,,,,,,,中性,,,
2025-07-14 08:00:00,122731.0,122772.7,122275.6,122560.1,6006.935,735895800.0,128927.0,3007.874,368482700.0,,,,,,,,,,,,,,,,,,6497.417,,,,,,,,,,,,,,neutral,,,neutral,,,,,,,,,,,中性,,,
2025-07-14 09:00:00,122560.0,122566.0,121840.0,121979.9,8211.608,1002723000.0,139268.0,3720.299,454271940.0,,,,,,,,,,,,,,,,,,-1714.191,,,,,,,,,,,,,,neutral,,,neutral,,,,122423.664,,,,,,,中性,,,
2025-07-14 10:00:00,121980.0,122149.8,121620.7,121911.8,6309.709,769182600.0,114258.0,3115.677,379833280.0,,,,,,,,,,,,,,,,,,-8023.9,,,,,,,,,,,,,,neutral,,,neutral,,,,122150.6,,,,,,,中性,,,
2025-07-14 11:00:00,121911.8,121911.8,121357.0,121474.5,5860.765,712470200.0,124257.0,2831.156,344162430.0,122131.46,,,,,,,,,,,,,,,,,-13884.665,,,,,,,,,,,,,,neutral,,,neutral,,,,121788.734,122131.46,,,,,,快速死叉,,,
2025-07-14 12:00:00,121474.5,121917.8,121410.0,121894.2,5256.304,640008200.0,111084.0,2824.848,343963330.0,121964.1,,,,,,,,,,,,,,,,,-8628.361,,,,,,,,,,,,,,neutral,,,neutral,,,,121760.164,121964.1,,,,,,快速死叉,,,
2025-07-14 13:00:00,121894.2,122113.9,121150.0,121679.2,11558.576,1406207100.0,210377.0,5621.363,683882560.0,121787.92,,,,,,,,,,,,,,,,,-20186.938,,,,,,,,,,,,,,neutral,,,neutral,,,,121682.63,121787.92,,,,,,快速死叉,,,
2025-07-14 14:00:00,121679.3,121970.9,120612.4,121160.0,15446.152,1871298600.0,294009.0,7424.048,899478400.0,121623.94,,,,,,17.412048,,,,,,,,,,,-35633.09,,,,,,,,,,,,,,neutral,,,neutral,,,,121577.8,121623.94,,,,,,快速死叉,,,
2025-07-14 15:00:00,121160.0,121173.2,119590.9,119863.1,18375.395,2207702300.0,315584.0,8319.908,999552640.0,121214.2,,,,,,10.697218,,,,,,,,,,,-54008.484,,,,,,,,,,,,,,neutral,,,neutral,,,,120900.766,121214.2,,,,,,快速死叉,,,
2025-07-14 16:00:00,119863.1,120299.0,119200.0,120260.9,16207.432,1940611800.0,274534.0,8518.617,1020059650.0,120971.48,,,,,,21.526798,,,,,,,,,,,-37801.05,,,,,,,,,,,,,,neutral,,,neutral,,,,120428.0,120971.48,,,,,,快速死叉,,,
2025-07-14 17:00:00,120261.0,120510.9,119750.0,119885.2,7329.028,880759940.0,150877.0,3118.39,374845020.0,120569.68,,,,,,18.989439,,,,,,,,,,,-45130.08,857.94,,,,,,,,,,,,,neutral,,,neutral,,,,120003.07,120569.68,,,,,,快速死叉,,,
2025-07-14 18:00:00,119885.2,120166.0,119595.0,119605.6,3920.842,469987970.0,103238.0,1927.643,231099600.0,120154.96,,,,,,17.22648,,,,,,,,,,,-49050.92,829.246,,,,,,,,,,,,,neutral,,,neutral,,,,119917.234,120154.96,,,,,,快速死叉,,,
2025-07-14 19:00:00,119605.4,120076.9,119564.2,119920.0,4490.327,538089150.0,97839.0,2611.854,312989060.0,119906.96,,,,,,26.213188,,,,,,,,,19.605247,20.000755,-44560.594,797.5914,,,,,,,,,,,,,neutral,,,neutral,,,,119803.6,119906.96,,,,,,快速死叉,,,
2025-07-14 20:00:00,119920.3,120430.0,119505.0,120130.1,6220.405,746831400.0,98428.0,3775.635,453348830.0,119960.36,,,,,,31.971443,,,124084.14,121075.4,118066.66,,,,23.459553,21.443958,-38340.188,810.3323,,,,,,,,,,,,,neutral,,,neutral,,,,119885.234,119960.36,,,,,,快速死叉,,,
2025-07-14 21:00:00,120130.0,120230.6,119798.4,120000.1,2647.591,317746050.0,60573.0,1192.976,143169900.0,119908.2,,,,,,30.266394,24.783468,,123677.484,120880.336,118083.19,,,,28.028873,23.697891,-40987.78,772.51904,,,,,,,,,,,,,neutral,,,neutral,,,,120016.734,119908.2,,,,,,快速金叉,,,
2025-07-14 22:00:00,120000.1,120292.6,119889.2,120014.6,2319.658,278603800.0,58168.0,1307.731,157074640.0,119934.08,,,,,,30.746994,24.999752,,123219.09,120698.516,118177.94,,,,29.591953,27.026793,-38668.12,735.6071,,,,,,,,,,,,,neutral,,,neutral,,,,120048.266,119934.08,,,,,,快速金叉,,,
2025-07-14 23:00:00,120014.6,120028.1,119735.6,119816.5,2155.509,258317360.0,48570.0,1012.472,121328870.0,119976.26,,,,,,27.703703,23.985016,,122922.66,120543.984,118165.31,,,,29.366701,28.995842,-40823.633,691.29645,,,,,,,,,,,,,neutral,,,neutral,,,,119943.734,119976.26,,,,,,快速死叉,,,
2025-07-15 00:00:00,119816.5,119919.4,119000.0,119458.4,6038.482,721391040.0,108897.0,2547.208,304386300.0,119883.94,,,,,,22.919472,22.228577,,122606.35,120368.74,118131.13,,,,30.327196,29.76195,-46862.113,714.10675,,,,,,,,,,,,,neutral,,,neutral,,,,119763.164,119883.94,,,,,,快速死叉,,,
2025-07-15 01:00:00,119458.4,119497.8,118376.5,118491.3,12335.751,1467937900.0,234346.0,5426.734,645880600.0,119556.18,,,,,,14.8431425,18.325546,,122599.78,120155.66,117711.54,,,,22.320585,27.338161,-59197.863,754.8261,,,,,,,,,,,,,neutral,,,neutral,,,,119255.4,119556.18,,,,,,快速死叉,,,
2025-07-15 02:00:00,118491.4,118873.2,117833.0,118251.9,15348.778,1814598000.0,298054.0,7801.043,922327550.0,119206.54,,,,,,13.472118,17.506105,,122298.22,119895.49,117492.77,,,,17.282747,23.310177,-74546.64,783.36346,,,73.20243,,,,,,,,,,neutral,,,neutral,,,,118733.87,119206.54,,,,8427.18,1.8213421,快速死叉,,,
2025-07-15 03:00:00,118251.8,118251.8,116870.0,117209.2,24369.172,2861141800.0,392483.0,11697.726,1373433500.0,118645.46,120395.125,,,,,9.168733,14.470971,,122275.43,119576.21,116876.984,,,,10.3456,16.649645,-98915.81,843.21716,,,74.45103,,,,,,,,,,neutral,,,neutral,,,,117984.13,118645.46,,,,9020.421,2.701556,快速死叉,,,
2025-07-15 04:00:00,117209.2,117530.7,116227.0,117481.8,17818.56,2084763300.0,274564.0,8844.668,1035474560.0,118178.52,120145.164,,-1209.9768,-1077.0254,-132.95146,17.232662,18.45163,,122108.98,119313.48,116517.984,,,,18.504368,15.377572,-81097.25,889.26544,,,75.79488,,,,,,,,,,neutral,,,neutral,,,,117647.63,118178.52,,,,9611.002,1.8539753,快速死叉,,,
2025-07-15 05:00:00,117481.7,117761.3,116972.0,117325.3,7770.177,912244540.0,149083.0,4016.82,471620060.0,117751.9,119895.88,,-1221.3826,-1125.1444,-96.238144,16.265469,17.935535,,122241.23,119132.21,116023.19,,,,22.132473,16.994146,-88867.43,879.26886,,,75.9193,,,,,,,,,,neutral,,,neutral,,,,117338.766,117751.9,,,,9588.931,0.8103278,快速死叉,,,
2025-07-15 06:00:00,117325.2,117325.3,116724.6,117051.0,8759.999,1024836500.0,141100.0,4086.231,478045380.0,117463.84,119661.18,,-1232.8314,-1161.0402,-71.79133,14.590906,17.03612,,122221.5,118902.93,115584.36,,,,25.712313,22.116385,-97627.43,851.412,,,76.179146,,,,,,,,,,neutral,,,neutral,,,,117286.03,117463.84,,,,9711.445,0.9020284,快速死叉,,,
2025-07-15 07:00:00,117051.0,117264.0,116371.0,116777.1,9244.232,1079629300.0,159438.0,4672.832,545789400.0,117168.88,119416.664,,-1243.9957,-1188.692,-55.303722,13.028345,16.164436,,122241.07,118680.92,115120.77,,,,20.584734,22.80984,-106871.664,855.5708,,,76.61236,,,,,,,,,,neutral,,,neutral,,,,117051.13,117168.88,,,,9880.618,0.9355925,快速死叉,,,
2025-07-15 08:00:00,116777.1,116871.0,116300.0,116766.5,6191.052,722667650.0,123968.0,3172.937,370413220.0,117080.34,119192.48,,-1223.9054,-1200.4298,-23.475634,12.965653,16.13004,,122215.9,118478.125,114740.36,,,,16.450277,20.915775,-113062.71,827.1137,,,77.04177,,,,,,,,,,neutral,,,neutral,,,,116864.87,117080.34,,,,9927.355,0.62363553,快速死叉,,,
2025-07-15 09:00:00,116766.6,117229.9,116684.3,116764.9,5254.729,614547650.0,103640.0,2885.708,337515070.0,116936.96,118948.23,,-1181.4823,-1194.1139,12.631699,12.954676,16.124462,,122001.78,118252.766,114503.75,,,,15.176246,17.403751,-118317.445,798.96234,,,75.578156,,,,,,,,,,neutral,,,neutral,,,,116769.5,116936.96,,,,9612.163,0.54667497,快速死叉,,,
2025-07-15 10:00:00,116765.0,117222.2,116728.1,117055.0,3968.898,464302620.0,80983.0,2157.928,252430500.0,116882.9,118728.02,,-1090.3928,-1159.5403,69.1474,26.176277,21.429419,,121561.69,118033.12,114504.55,,,,20.782255,17.469593,-114348.55,768.47614,,,74.2609,,,,,,,,,,neutral,,,neutral,,,,116862.13,116882.9,,,,9038.301,0.43911994,快速死叉,,,
2025-07-15 11:00:00,117055.0,117180.0,116331.7,117110.4,7919.67,924108500.0,131670.0,3995.806,466291330.0,116894.78,118535.19,,-995.01733,-1104.6992,109.68193,28.592793,22.438301,,121044.47,117826.71,114608.945,,,,30.45489,22.137796,-106428.875,776.4585,,,73.53547,,,,,,,,,,neutral,,,neutral,,,,116976.766,116894.78,,,,8515.515,0.9300284,快速金叉,,,
2025-07-15 12:00:00,117110.4,117458.6,116388.0,117193.1,15460.587,1809545500.0,250314.0,7614.989,891449600.0,116977.98,118408.04,,-895.69714,-1035.0319,139.33475,32.444027,24.00698,,120360.086,117625.17,114890.26,,,,45.961994,32.39971,-90968.29,805.8726,,,71.42571,,,,,,,,,,neutral,,,neutral,,,,117119.5,116977.98,,-1384.7281,-1482.1799,8478.172,1.8235755,快速金叉,,,
2025-07-15 13:00:00,117193.0,118499.8,117132.6,118067.7,20404.584,2405895700.0,385984.0,9989.015,1177868300.0,117238.22,118303.6,,-703.3352,-924.4663,221.13113,59.436546,38.234306,27.850975,119663.74,117500.26,115336.77,,,,62.31771,46.244865,-70563.7,862.0054,822.0833,1.048562,65.473404,,,,,,,,,,neutral,,,neutral,,,,117457.07,117238.22,,-1249.1367,-1404.4989,9131.95,2.234417,快速金叉,,,
2025-07-15 14:00:00,118067.8,118439.2,115678.1,115979.6,27490.459,3211378000.0,428365.0,12162.907,1420914800.0,117081.16,118117.625,,-797.23926,-882.0573,84.81807,28.129902,25.810156,23.109112,119067.305,117251.77,115436.24,,,,51.33639,53.205364,-98054.164,1051.9148,886.7172,1.1863025,62.690147,,,,,,,,,,neutral,,,neutral,,,,117080.13,117081.16,,-1295.2408,-1368.0796,10310.431,2.6662765,快速死叉,,,
2025-07-15 15:00:00,115979.6,116752.9,115750.1,116393.0,16274.557,1891533300.0,286866.0,8360.009,971677950.0,116948.76,117964.64,,-795.5879,-853.2342,57.646267,35.925255,30.617107,25.69995,118729.83,117101.89,115473.96,,,,38.792713,50.815605,-81779.6,1047.0034,890.5867,1.1756333,60.185215,,,,,,,,,,neutral,,,neutral,,,,116813.43,116948.76,,-1283.624,-1339.9277,10899.643,1.4931276,快速死叉,,,
2025-07-15 16:00:00,116393.1,117727.4,116360.9,117195.9,17571.016,2058155800.0,252689.0,8576.341,1004536800.0,116965.86,117834.92,,-681.92206,-796.1301,114.20808,48.56607,38.89765,30.411024,118383.586,117026.46,115669.34,,,,29.937037,40.02205,-64208.59,1078.953,906.45044,1.1903056,55.25195,,,,,,,,,,neutral,,,neutral,,,,116522.836,116965.86,,-1195.8453,-1291.9003,11467.173,1.5322884,快速死叉,,,
2025-07-15 17:00:00,117195.9,117577.1,117125.0,117415.6,5290.958,620871000.0,116059.0,2732.856,320724800.0,117010.36,117705.664,,-561.17395,-717.8114,156.63745,51.61346,40.973553,31.638004,118422.695,117041.21,115659.72,,,,46.900803,38.543518,-58917.633,1016.2677,891.3054,1.1402014,50.81201,,,,,,,,,,neutral,,,neutral,,,,117001.5,117010.36,,-1095.9191,-1226.5732,11599.342,0.45614296,快速死叉,,,
2025-07-15 18:00:00,117415.6,117436.3,116050.0,116723.3,15984.776,1865947000.0,259172.0,6842.946,798396200.0,116741.48,117549.625,,-544.98846,-660.20374,115.215294,42.381992,36.737972,29.91842,118340.055,116987.03,115634.01,,,,50.802708,42.54685,-74902.41,1053.271,907.80524,1.1602389,48.6839,,,,,,,,,,neutral,,,neutral,,,,117111.6,116741.48,,-1060.3665,-1171.1709,12282.598,1.3014166,快速金叉,,,
2025-07-15 19:00:00,116723.2,117230.7,116300.0,116428.9,6816.66,795893600.0,155923.0,3546.049,414038270.0,116831.34,117378.875,,-555.40936,-625.2723,69.86294,38.927715,35.077377,29.219774,118305.65,116923.0,115540.35,,,,41.741978,46.48183,-81719.07,1041.0139,908.5684,1.1457738,46.768597,,,,,,,,,,neutral,,,neutral,,,,116855.93,116831.34,,-1043.9127,-1128.7515,12515.655,0.5446507,快速金叉,,,
2025-07-15 20:00:00,116428.8,116715.9,116189.0,116410.0,4503.523,524570050.0,106931.0,2183.917,254386900.0,116834.74,117216.664,,-551.8798,-600.8081,48.928314,38.691525,34.968098,29.174528,118304.75,116877.21,115449.68,,,,29.862612,40.802433,-86222.59,989.6025,895.8461,1.1046568,45.228146,,,,,,,,,,neutral,,,neutral,,,,116520.734,116834.74,,-1020.6328,-1092.7119,12438.907,0.36205134,快速死叉,,,
2025-07-15 21:00:00,116410.0,117610.6,116339.8,117542.4,6033.652,706751300.0,113276.0,3436.126,402455170.0,116904.04,117125.42,,-404.06967,-535.22864,131.15897,56.94991,45.852486,35.3767,118436.7,116931.875,115427.055,,,,39.53881,37.047802,-80188.94,1017.7222,908.3446,1.1204143,41.359505,,,,,,,,,,neutral,,,neutral,,,,116793.766,116904.04,,-900.4286,-1028.6174,12123.802,0.49766997,快速死叉,,,
2025-07-15 22:00:00,117542.4,117849.0,117235.5,117807.7,4750.212,558426800.0,96710.0,2544.576,299180770.0,116982.46,117092.875,,-260.72647,-443.72794,183.00145,60.19042,48.04638,36.719723,118633.74,117006.25,115378.76,,,,56.379013,41.926815,-75438.73,977.3,898.5164,1.0876819,37.313274,,,,,,,,,,neutral,,,neutral,,,,117253.37,116982.46,,-774.8266,-944.0205,11593.874,0.4097174,快速金叉,,,
2025-07-15 23:00:00,117807.7,117965.6,117479.1,117738.5,4376.963,515462940.0,88142.0,2152.128,253498690.0,117185.5,117068.42,,-162.96773,-350.1412,187.17346,58.842556,47.505703,36.514957,118774.836,117075.79,115376.75,,,,77.64942,57.85575,-79815.69,928.22,884.78253,1.049094,33.774593,117286.28,117783.05,118279.82,116671.63,118987.08,115678.1,119888.0,121033.09,121630.9,neutral,119888.0,115678.1,neutral,,,,117696.2,117185.5,,-673.11084,-853.7173,10594.264,0.41314465,快速金叉,,,
2025-07-16 00:00:00,117738.6,118193.6,117409.4,118114.5,5356.157,631144640.0,106225.0,3014.455,355276740.0,117522.62,117111.53,,-47.14807,-249.14348,201.9954,63.958755,50.748795,38.444393,119013.17,117151.47,115289.77,,,,87.72937,73.91927,-74459.53,913.818,881.4298,1.0367451,31.151924,117286.28,117783.05,118279.82,116671.63,118987.08,115678.1,119888.0,121033.09,121630.9,neutral,119888.0,115678.1,neutral,,,,117886.9,117522.62,,-555.7539,-754.3962,9971.143,0.5371658,快速金叉,,,
2025-07-16 01:00:00,118114.5,118208.6,117575.2,117726.7,3850.52,453762880.0,83006.0,1653.281,194813630.0,117785.96,117123.195,,-10.802274,-169.69641,158.89413,55.636753,47.490025,37.236923,119103.68,117195.49,115287.305,,,,87.9116,84.43013,-78310.055,885.7762,873.1621,1.0144464,28.830095,117296.555,117796.5,118296.445,116677.984,119008.23,115678.1,119914.9,121067.31,121668.94,neutral,119914.9,115678.1,neutral,,,,117859.9,117785.96,,-488.40982,-665.7341,9775.16,0.39390862,快速金叉,,,
2025-07-16 02:00:00,117726.7,117768.9,117017.1,117335.1,5231.061,613607800.0,109793.0,2345.416,275099360.0,117744.5,117123.664,,-31.057482,-123.48344,92.42596,48.24184,44.390213,36.054005,119116.56,117205.63,115294.7,,,,77.83975,84.493576,-83541.11,872.3786,869.1167,1.0037531,26.741596,117367.266,117889.05,118410.836,116721.67,119153.71,115678.1,120100.0,114475.34,113847.43,downtrend,120100.0,115678.1,fib_382_reject_缩量,114475.34,117367.266,0.3747258,117725.43,117744.5,,-461.3202,-597.59607,9598.713,0.5449752,快速死叉,,,关键支撑区
2025-07-16 03:00:00,117335.0,117534.6,117223.7,117477.6,2568.177,301556220.0,60921.0,1204.012,141374450.0,117678.48,117143.98,,-27.760056,-91.575645,63.81559,51.00642,45.7772,36.809666,118965.98,117163.484,115360.99,,,,67.00467,77.58534,-80972.94,816.2307,850.5095,0.9596962,24.861946,117367.266,117889.05,118410.836,116721.67,119153.71,115678.1,120100.0,121302.76,121930.664,neutral,120100.0,115678.1,neutral,,,,117513.13,117678.48,,-423.47137,-539.5545,9264.91,0.27719393,快速死叉,,,
2025-07-16 04:00:00,117477.7,117699.9,117252.2,117601.5,2441.156,286816200.0,63428.0,1236.995,145354140.0,117651.08,117183.234,,-10.324768,-64.49202,54.16725,53.524548,47.014618,37.474255,118840.78,117279.336,115717.89,,,,64.42609,69.756836,-78531.78,779.3776,837.0825,0.9310643,22.619223,117367.266,117889.05,118410.836,116721.67,119153.71,115678.1,120100.0,121302.76,121930.664,neutral,120100.0,115678.1,neutral,,,,117471.4,117651.08,,-379.10812,-486.0724,9077.416,0.26892632,快速死叉,,,
2025-07-16 05:00:00,117601.5,118020.0,117601.5,117858.5,5014.165,591027600.0,91689.0,2813.212,331591550.0,117599.88,117235.234,,32.108555,-32.29183,64.40038,58.665672,49.584686,38.85417,118828.98,117384.016,115939.05,,,,71.67012,67.700294,-73517.62,743.28986,823.12976,0.9030045,21.127594,117367.266,117889.05,118410.836,116721.67,119153.71,115678.1,120100.0,121302.76,121930.664,neutral,120100.0,115678.1,neutral,,,,117645.87,117599.88,,-319.5288,-430.55786,9065.388,0.55311096,快速金叉,零轴上穿,,
2025-07-16 06:00:00,117858.5,118282.7,117737.5,118260.8,3344.112,394854460.0,69093.0,1840.582,217332750.0,117706.7,117306.47,,107.93973,14.452025,93.48771,65.61266,53.395496,40.964024,119030.56,117460.08,115889.59,,,,83.15842,73.08488,-70173.5,723.4809,813.8654,0.8889441,20.549116,117367.266,117889.05,118410.836,116721.67,119153.71,115678.1,120100.0,121302.76,121930.664,neutral,120100.0,115678.1,neutral,,,,117906.93,117706.7,,-237.11623,-366.07733,9034.148,0.3701635,快速金叉,,,
2025-07-16 07:00:00,118260.8,118297.1,118017.2,118181.2,3768.6,445386530.0,69034.0,1746.419,206415840.0,117875.92,117360.09,,148.87628,59.260113,89.61617,63.16217,52.549114,40.676735,119170.87,117514.766,115858.664,,,,90.160324,81.66295,-73942.1,679.1228,796.0666,0.853098,20.07095,117367.266,117889.05,118410.836,116721.67,119153.71,115678.1,120100.0,121302.76,121930.664,neutral,120100.0,115678.1,neutral,,,,118100.164,117875.92,,-176.19563,-302.78342,8826.595,0.42695966,快速金叉,,,
2025-07-16 08:00:00,118181.2,118785.0,118113.6,118697.7,6497.925,770173600.0,115809.0,4080.111,483647780.0,118119.94,117435.68,,234.29117,117.6038,116.68737,71.281654,57.280926,43.34385,119396.36,117655.79,115915.23,123842.125,118615.58,113389.03,94.75895,89.35923,-67444.18,678.3505,791.911,0.8565994,20.9786,118410.836,117889.05,117367.266,119056.43,116624.38,120100.0,115678.1,121302.76,121930.664,uptrend,120100.0,115678.1,fib_golden_zone_缩量,118410.836,121302.76,0.6828739,118379.9,118119.94,,-85.25562,-230.27415,8378.462,0.7755511,快速金叉,,,
2025-07-16 09:00:00,118697.7,119204.0,118688.9,119188.9,9385.976,1116613200.0,154507.0,4839.253,575720300.0,118437.42,117530.72,,345.70172,193.63644,152.06529,76.92473,61.23955,45.74367,119642.97,117852.94,116062.91,123502.36,118544.734,113587.11,95.10559,93.34162,-58058.203,662.02545,782.684,0.84584004,22.728052,118410.836,117889.05,117367.266,119056.43,116624.38,120100.0,115678.1,121302.76,121930.664,uptrend,120100.0,115678.1,neutral,118410.836,121302.76,0.79395735,118689.266,118437.42,,26.1493,-144.79967,7827.5312,1.1990979,快速金叉,,,强势区
2025-07-16 10:00:00,119188.9,119299.9,118715.3,118716.9,5330.65,634360100.0,101013.0,2005.79,238696770.0,118609.1,117561.63,,359.9418,249.07156,110.87023,63.03828,55.880913,43.89543,119503.91,118017.71,116531.52,123149.29,118467.875,113786.45,89.610886,93.15848,-63388.85,654.2829,776.0812,0.8430599,24.501835,118410.836,117889.05,117367.266,119056.43,116624.38,120100.0,115678.1,121302.76,121930.664,uptrend,120100.0,115678.1,fib_golden_zone_缩量,118410.836,121302.76,0.6872159,118867.836,118609.1,,75.48193,-71.37247,6719.541,0.7933057,快速金叉,,,
2025-07-16 11:00:00,118716.9,118898.2,118621.8,118755.1,3601.246,427748860.0,74958.0,1600.6,190133870.0,118707.96,117693.8,,365.8997,288.01428,77.88542,63.657726,56.21484,44.08458,119631.49,118104.336,116577.18,122863.375,118403.375,113943.375,82.510155,89.07555,-59787.605,616.4946,759.4252,0.8117912,25.622103,118438.336,117925.05,117411.766,119073.42,116680.98,120100.0,115750.1,121283.17,121900.86,uptrend,120100.0,115750.1,fib_golden_zone_缩量,118438.336,121283.17,0.69082046,118886.97,118707.96,,116.31996,-8.808324,6085.8755,0.5917384,快速金叉,,,
2025-07-16 12:00:00,118755.1,119055.0,118557.0,118579.3,5111.985,607438000.0,106991.0,2466.467,293126300.0,118787.58,117797.91,,340.92535,305.6513,35.274063,58.40255,54.182358,43.388187,119704.56,118159.45,116614.336,122562.945,118336.73,114110.51,71.01008,81.04371,-64899.59,604.64514,750.711,0.80543,27.012318,118552.9,118075.0,117597.1,119144.2,116916.7,120100.0,116050.0,121201.6,121776.7,uptrend,120100.0,116050.0,fib_618_bounce,118552.9,121201.6,0.6245185,118683.766,118787.58,,132.96605,38.449802,5462.924,0.9357599,快速死叉,,,
2025-07-16 13:00:00,118579.3,118907.8,118156.0,118651.3,11552.864,1369186200.0,194142.0,5870.752,695837300.0,118778.3,117867.21,,323.99176,311.7648,12.226974,59.981113,54.901535,43.764557,119770.74,118224.65,116678.56,122311.6,118280.266,114248.92,66.79339,73.437874,-53346.727,619.36066,750.7473,0.8249922,26.248327,118552.9,118075.0,117597.1,119144.2,116916.7,120100.0,116050.0,121201.6,121776.7,uptrend,120100.0,116050.0,fib_golden_zone_带量,118552.9,121201.6,0.6422963,118661.9,118778.3,,150.23618,75.71192,5776.019,2.000143,快速死叉,,,
2025-07-16 14:00:00,118651.2,119230.0,118156.0,119019.8,10758.392,1276371800.0,220190.0,5593.699,663742600.0,118744.48,117943.6,118637.33,347.7282,323.7526,23.97562,67.373955,58.492565,45.67671,119937.41,118289.31,116641.22,121990.0,118222.77,114455.55,69.564285,69.12259,-42588.336,664.8246,761.5224,0.8730204,26.48164,118552.9,118075.0,117597.1,119144.2,116916.7,120100.0,116050.0,121201.6,121776.7,uptrend,120100.0,116050.0,fib_golden_zone_带量,118552.9,121201.6,0.73328394,118750.13,118744.48,118637.33,191.4508,114.29155,5514.6997,1.9508573,快速金叉,,,
2025-07-16 15:00:00,119019.9,119786.7,118243.3,119056.0,25528.01,3041148000.0,469736.0,12592.481,1500385000.0,118812.3,118054.69,118571.7,360.3465,335.95056,24.395933,68.05039,58.8393,45.863777,120057.695,118384.266,116710.836,121683.38,118170.31,114657.24,67.52981,67.962494,-17060.324,752.6821,787.58496,0.9556837,27.976004,118606.0,118144.5,117683.0,119177.01,117025.95,120100.0,116189.0,121163.79,121719.16,uptrend,120100.0,116189.0,fib_golden_zone_带量,118606.0,121163.79,0.7330606,118909.03,118812.3,118571.7,224.44745,151.01018,6450.267,3.957667,快速金叉,,,
2025-07-16 16:00:00,119055.9,119293.5,118430.3,119250.0,7526.9,895007800.0,181329.0,3950.046,469701280.0,118911.28,118189.02,118512.59,383.38855,351.7632,31.625317,71.71675,60.732433,46.877922,120084.57,118521.04,116957.516,121458.84,118132.11,114805.375,69.56671,68.88693,-9533.425,763.7339,790.10547,0.9666227,29.320932,118606.0,118144.5,117683.0,119177.01,117025.95,120100.0,116189.0,121163.79,121719.16,uptrend,120100.0,116189.0,fib_golden_zone,118606.0,121163.79,0.7826643,119108.6,118911.28,118512.59,263.2175,188.41263,6601.436,1.1401913,快速金叉,,,强势区
2025-07-16 17:00:00,119249.9,119676.2,118924.1,119039.4,6620.246,790268300.0,147198.0,3440.168,410686000.0,119003.3,118314.234,118460.086,365.8239,356.45013,9.373793,62.616352,57.63348,45.912052,119999.26,118632.6,117265.945,121388.55,118115.63,114842.73,60.266907,65.7878,-16153.671,762.5705,788.8386,0.9667003,31.307001,118663.6,118219.9,117776.195,119212.59,117144.484,120100.0,116339.8,121122.77,121656.73,uptrend,120100.0,116339.8,fib_golden_zone,118663.6,121122.77,0.7179405,119115.13,119003.3,118460.086,273.79327,216.87283,6630.7656,0.9984135,快速金叉,,,
2025-07-16 18:00:00,119039.4,119888.0,118836.0,119471.0,7001.121,836366900.0,157207.0,3664.371,437762530.0,119167.24,118406.07,118416.5,395.52283,369.47437,26.04847,71.31827,61.921722,48.175804,119996.54,118766.13,117535.73,121303.07,118099.836,114896.6,66.00622,65.279945,-9152.55,791.5135,797.61066,0.99235564,33.477108,118922.336,118558.55,118194.766,119372.44,117676.84,120100.0,117017.1,120938.55,121376.32,uptrend,120100.0,117017.1,neutral,118922.336,120938.55,0.79597133,119253.47,119167.24,118416.5,313.38858,249.04475,6743.3115,1.038232,快速金叉,,,强势区
2025-07-16 19:00:00,119471.0,119600.0,118780.0,119186.7,5914.548,704627900.0,133409.0,2823.261,336274780.0,119200.62,118471.734,118375.64,373.68704,370.87857,2.8084495,60.496346,57.77347,46.839935,119893.22,118861.01,117828.8,121237.56,118085.87,114934.17,63.202026,63.158386,-15067.098,794.3621,798.357,0.99499613,35.099068,118922.336,118558.55,118194.766,119372.44,117676.84,120100.0,117017.1,120938.55,121376.32,uptrend,120100.0,117017.1,fib_golden_zone,118922.336,120938.55,0.70375293,119232.37,119200.62,118375.64,318.16,272.08316,6820.1904,0.8672115,快速金叉,,,
2025-07-16 20:00:00,119186.7,119914.9,118891.2,119886.2,5904.81,705695940.0,122453.0,2491.903,297737250.0,119366.66,118574.01,118339.79,431.56302,391.10672,40.456284,72.482315,64.13907,50.344517,120141.9,118977.11,117812.31,121267.055,118091.48,114915.91,77.93378,69.04734,-9162.288,817.2959,805.8684,1.0141803,37.158,118922.336,118558.55,118194.766,119372.44,117676.84,120100.0,117017.1,120938.55,121376.32,uptrend,120100.0,117017.1,neutral,118922.336,120938.55,0.9306497,119514.63,119366.66,118339.79,374.0731,306.0798,6847.623,0.86231524,快速金叉,,,
2025-07-16 21:00:00,119886.2,120100.0,119150.6,119254.7,7455.082,892519600.0,124414.0,3760.465,450267620.0,119367.6,118628.305,118296.49,387.88458,390.03268,-2.1480927,54.928665,55.940296,47.42465,120046.84,119053.79,118060.73,121202.195,118078.17,114954.16,71.46501,70.866936,-16617.37,830.50635,810.6528,1.0244908,39.33088,118922.336,118558.55,118194.766,119372.44,117676.84,120100.0,117017.1,120938.55,121376.32,uptrend,120100.0,117017.1,fib_golden_zone,118922.336,120938.55,0.7258101,119442.53,119367.6,118296.49,363.24063,325.13342,7027.851,1.0607911,快速金叉,,,
2025-07-16 22:00:00,119254.7,119466.6,118557.0,118624.8,5601.091,666771500.0,114104.0,2714.682,323250430.0,119284.68,118671.07,118251.22,274.74265,351.60266,-76.860016,42.851902,49.1864,44.746746,120058.11,119048.58,118039.05,121067.45,118048.07,115028.68,59.667004,69.6886,-22218.46,838.4157,813.95105,1.0300567,38.036034,118194.766,118558.55,118922.336,117744.664,119440.26,117017.1,120100.0,120938.55,121376.32,neutral,120100.0,117017.1,neutral,,,,119255.234,119284.68,118251.22,300.36575,316.87753,7046.353,0.7948922,快速死叉,,,
2025-07-16 23:00:00,118624.8,118803.8,118359.4,118590.7,3801.154,450769900.0,90231.0,1925.129,228326880.0,119108.62,118730.86,118228.5,185.59142,296.2656,-110.674164,42.265007,48.84261,44.605694,120061.57,119005.85,117950.13,120942.05,118019.88,115097.71,33.114445,54.748817,-26019.615,799.0141,801.6327,0.9967335,35.981647,118322.445,118661.85,119001.25,117902.51,119484.47,117223.7,120100.0,120882.35,121290.79,neutral,120100.0,117223.7,neutral,,,,118823.4,119108.62,118228.5,244.9616,292.90555,7108.0015,0.53477114,快速死叉,,,
2025-07-17 00:00:00,118590.7,119151.3,118582.3,118861.2,3356.278,399056400.0,86281.0,1687.698,200651230.0,119043.52,118796.75,118203.5,150.8466,247.79259,-96.945984,48.759758,51.72511,46.002495,120054.125,119016.16,117978.19,120825.836,117996.81,115167.79,23.884995,38.888813,-22663.338,776.0127,793.87823,0.97749585,35.129745,118340.06,118676.1,119012.14,117924.28,119490.57,117252.2,120100.0,120874.6,121278.99,neutral,120100.0,117252.2,neutral,,,,118692.234,119043.52,118203.5,220.34053,268.71722,7153.758,0.46916294,快速死叉,,,
2025-07-17 01:00:00,118861.2,119052.3,117663.6,118115.0,11598.861,1370165500.0,199376.0,4965.317,586513100.0,118689.28,118821.2,118171.89,35.86404,177.14973,-141.2857,35.799026,44.308273,42.914444,120191.914,118970.44,117748.96,120693.77,117962.78,115231.79,22.022364,26.340601,-34262.2,837.28143,813.7056,1.0289733,32.209747,118439.31,118756.4,119073.49,118046.98,119524.94,117412.8,120100.0,116681.88,116300.3,downtrend,120100.0,117412.8,neutral,116681.88,118439.31,0.2613129,118522.3,118689.28,118171.89,139.01361,225.48268,7482.9927,1.5500298,快速死叉,,,
2025-07-17 02:00:00,118115.0,118497.8,117980.2,118302.0,4705.718,556530050.0,108782.0,2582.911,305457600.0,118498.74,118842.32,118148.62,-23.120647,110.392944,-133.5136,40.42858,46.383137,43.890884,120238.766,118950.625,117662.49,120605.98,117939.66,115273.33,24.51969,23.475683,-29556.48,805.3133,803.83545,1.0018384,29.581749,118764.586,119182.15,119599.72,118247.93,120194.22,117412.8,120951.5,116450.27,115947.78,downtrend,120951.5,117412.8,neutral,116450.27,118764.586,0.25127873,118426.07,118498.74,118148.62,88.629105,179.86482,7551.0728,0.62318534,快速死叉,零轴下穿,,
2025-07-17 03:00:00,118302.0,118335.2,117700.0,118090.9,4686.341,552651300.0,108083.0,2032.206,239677540.0,118391.96,118834.23,118115.95,-88.317696,44.156067,-132.47375,36.92206,44.37334,43.031326,120332.96,118910.6,117488.234,120589.28,117931.65,115274.01,20.756033,22.432695,-34242.82,788.30194,798.2143,0.9875819,28.061186,118764.586,119182.15,119599.72,118247.93,120194.22,117412.8,120951.5,116450.27,115947.78,downtrend,120951.5,117412.8,neutral,116450.27,118764.586,0.19162405,118169.3,118391.96,118115.95,31.304169,130.3446,7596.96,0.6168706,快速死叉,,,
2025-07-17 04:00:00,118090.8,118466.0,117923.0,118465.9,2857.481,337951650.0,70192.0,1621.962,191841000.0,118367.0,118847.79,118086.234,-87.763176,0.18298362,-87.94616,46.532963,48.631454,45.010334,120326.445,118871.04,117415.625,120599.12,117935.93,115272.734,25.556833,23.610851,-31385.34,763.7718,789.70715,0.96715826,26.183722,118764.586,119182.15,119599.72,118247.93,120194.22,117412.8,120951.5,116450.27,115947.78,downtrend,120951.5,117412.8,neutral,116450.27,118764.586,0.29759517,118286.266,118367.0,118086.234,15.949253,92.21282,7414.9375,0.38536817,快速死叉,,,
2025-07-17 05:00:00,118465.9,118620.0,118182.9,118550.0,2488.448,294653920.0,70141.0,1262.896,149556030.0,118304.76,118840.75,118060.336,-75.48809,-25.040709,-50.447384,48.58274,49.563904,45.449974,120300.35,118834.89,117369.44,120620.23,117962.74,115305.26,28.949816,25.08756,-28896.893,731.1046,777.95355,0.9397792,23.892818,118764.586,119182.15,119599.72,118247.93,120194.22,117412.8,120951.5,116450.27,115947.78,downtrend,120951.5,117412.8,neutral,116450.27,118764.586,0.32136095,118368.93,118304.76,118060.336,10.446123,64.95725,7070.0615,0.35196978,快速金叉,,,
2025-07-17 06:00:00,118550.0,118763.4,118307.6,118439.3,4031.805,477897950.0,97186.0,2069.807,245369020.0,118369.62,118805.055,118032.21,-78.12734,-42.73625,-35.39109,45.881535,48.320545,44.96051,120229.96,118776.984,117324.01,120638.69,117981.89,115325.09,37.44467,30.65044,-32928.695,703.57416,767.2151,0.91704935,21.732206,118764.586,119182.15,119599.72,118247.93,120194.22,117412.8,120951.5,116450.27,115947.78,downtrend,120951.5,117412.8,neutral,116450.27,118764.586,0.29007828,118485.07,118369.62,118032.21,-2.815259,42.366417,7005.119,0.5755513,快速金叉,,,
2025-07-17 07:00:00,118439.3,118548.0,117810.4,118293.9,6460.573,763299000.0,122578.0,3194.336,377419600.0,118368.0,118784.914,118005.02,-95.14233,-60.204945,-34.93738,42.279343,46.664696,44.312103,120201.42,118723.734,117246.05,120647.26,118001.266,115355.266,40.590565,35.661686,-39389.27,706.97675,766.22797,0.92267156,21.087734,118764.586,119182.15,119599.72,118247.93,120194.22,117412.8,120951.5,116450.27,115947.78,downtrend,120951.5,117412.8,neutral,116450.27,118764.586,0.24898975,118427.734,118368.0,118005.02,-24.772009,19.986942,7148.0854,0.90381867,快速金叉,,,
2025-07-17 08:00:00,118293.8,118408.2,118065.7,118313.6,3661.316,432890340.0,86402.0,1799.813,212797650.0,118412.54,118763.89,117984.58,-102.453514,-74.2878,-28.165714,42.986885,46.93005,44.424442,120020.07,118641.06,117262.055,120646.68,118026.516,115406.35,43.027252,40.354164,-35727.953,670.52905,752.1037,0.8915381,20.507711,118764.586,119182.15,119599.72,118247.93,120194.22,117412.8,120951.5,116450.27,115947.78,downtrend,120951.5,117412.8,neutral,116450.27,118764.586,0.25455675,118348.93,118412.54,117984.58,-40.120777,-0.04896505,7075.552,0.5174601,快速死叉,,,
2025-07-17 09:00:00,118313.6,119216.4,118221.8,118758.6,6982.323,829703940.0,140642.0,3812.212,452975900.0,118471.08,118772.43,117989.35,-53.09806,-67.224556,14.126493,56.907627,52.659588,46.926292,119925.53,118610.484,117295.44,120651.875,118066.15,115480.42,52.192265,45.270027,-28745.63,702.93616,760.1869,0.9246886,19.884064,118764.586,119182.15,119599.72,118247.93,120194.22,117412.8,120951.5,116450.27,115947.78,downtrend,120951.5,117412.8,fib_382_reject,116450.27,118764.586,0.38030916,118455.37,118471.08,117989.35,-16.190374,-5.429435,6847.025,1.0197601,快速死叉,,,关键支撑区
2025-07-17 10:00:00,118758.6,118867.9,118210.0,118331.2,4606.525,545814700.0,105684.0,2121.194,251343280.0,118427.32,118757.19,117990.766,-67.49753,-67.315544,-0.18198232,44.682655,47.369873,44.91725,119353.93,118499.414,117644.9,120630.234,118097.44,115564.64,51.94476,49.05476,-33352.156,698.43256,756.77734,0.9229036,19.275446,118764.586,119182.15,119599.72,118247.93,120194.22,117412.8,120951.5,116450.27,115947.78,downtrend,120951.5,117412.8,neutral,116450.27,118764.586,0.25953034,118467.8,118427.32,117990.766,-31.351564,-14.070145,6539.4316,0.70442283,快速金叉,,,
2025-07-17 11:00:00,118331.2,118389.9,117915.2,117968.9,4274.359,505021250.0,83064.0,1730.579,204487860.0,118333.24,118707.14,118004.336,-118.31359,-84.314896,-33.998695,36.853176,43.390892,43.29194,119110.42,118407.57,117704.72,120596.305,118121.52,115646.734,43.29182,49.14295,-37626.516,676.05927,747.37476,0.9045787,17.554169,118764.586,119182.15,119599.72,118247.93,120194.22,117412.8,120951.5,116450.27,115947.78,downtrend,120951.5,117412.8,neutral,116450.27,118764.586,0.15714811,118352.9,118333.24,118004.336,-71.77413,-33.304806,5476.749,0.7804555,快速金叉,,,
2025-07-17 12:00:00,117968.8,118180.1,117412.8,117853.3,10574.299,1245511300.0,179393.0,5397.789,635914400.0,118245.12,118649.875,118010.97,-164.42972,-111.01983,-53.409878,34.59653,42.173626,42.78098,119139.99,118352.46,117564.94,120576.625,118137.484,115698.34,27.927021,41.054535,-48200.812,685.18335,748.03894,0.9159729,17.259876,118764.586,119182.15,119599.72,118247.93,120194.22,117412.8,120951.5,116450.27,115947.78,downtrend,120951.5,117412.8,neutral,116450.27,118764.586,0.12448074,118051.13,118245.12,118010.97,-111.847946,-59.485855,5629.119,1.8784999,快速死叉,,,
2025-07-17 13:00:00,117853.3,118443.0,117514.8,118261.6,8899.887,1049386100.0,174039.0,4658.426,549343200.0,118234.72,118602.805,118027.69,-144.92152,-122.3204,-22.601126,47.774265,47.749153,45.14651,119095.484,118328.96,117562.43,120563.89,118160.51,115757.13,29.739199,33.65268,-39300.926,709.485,754.0443,0.9409063,16.000782,118764.586,119182.15,119599.72,118247.93,120194.22,117412.8,120951.5,116450.27,115947.78,downtrend,120951.5,117412.8,neutral,116450.27,118764.586,0.2398621,118027.93,118234.72,118027.69,-109.399254,-76.12365,5743.101,1.5496658,快速死叉,,,
2025-07-17 14:00:00,118261.2,118837.9,118110.5,118752.9,7711.66,914035500.0,157274.0,3656.872,433486530.0,118233.58,118589.164,118058.08,-70.49368,-105.04482,34.551144,59.28925,53.55245,47.831177,119047.17,118321.22,117595.27,120573.58,118191.7,115809.836,48.5954,35.42054,-31589.268,711.2765,753.1561,0.94439447,15.257569,118764.586,119182.15,119599.72,118247.93,120194.22,117412.8,120951.5,116450.27,115947.78,downtrend,120951.5,117412.8,fib_382_reject_带量,116450.27,118764.586,0.37869838,118289.266,118233.58,118058.08,-67.042015,-73.09644,5778.628,1.334514,快速金叉,,,关键支撑区
2025-07-17 15:00:00,118752.9,119100.0,118315.8,118875.0,6299.714,748032300.0,144508.0,2883.176,342399680.0,118342.34,118560.78,118095.54,-2.7691932,-70.95295,68.183754,61.735443,54.893288,48.479454,119185.64,118375.51,117565.375,120604.625,118207.85,115811.08,67.478004,48.604202,-25289.553,718.56885,754.1909,0.95276785,15.368682,118764.586,119182.15,119599.72,118247.93,120194.22,117412.8,120951.5,121914.02,122416.52,neutral,120951.5,117412.8,neutral,,,,118629.836,118342.34,118095.54,-23.35197,-56.51495,5797.886,1.0865536,快速金叉,,,
2025-07-17 16:00:00,118875.0,118952.2,118293.6,118550.3,4951.029,586951700.0,133324.0,2305.776,273370620.0,118458.62,118530.48,118127.39,6.4488826,-45.152336,51.60122,52.03501,50.701622,46.876957,119210.77,118393.24,117575.71,120480.875,118259.266,116037.66,72.81363,62.962345,-30240.582,712.57196,751.0046,0.94882506,15.375998,118764.586,119182.15,119599.72,118247.93,120194.22,117412.8,120951.5,116450.27,115947.78,downtrend,120951.5,117412.8,neutral,116450.27,118764.586,0.32144573,118726.07,118458.62,118127.39,-14.7577505,-42.595886,5750.1973,0.861019,快速金叉,零轴上穿,,
2025-07-17 17:00:00,118550.3,119346.9,118482.9,119255.3,5433.795,646191500.0,122398.0,3314.684,394255230.0,118739.02,118500.43,118171.87,95.16909,1.621472,93.547615,65.69089,58.1703,50.5485,119471.55,118476.414,117481.28,120438.836,118316.516,116194.19,79.80115,73.364265,-24806.787,727.7148,754.7711,0.96415293,16.53216,118764.586,119182.15,119599.72,118247.93,120194.22,117412.8,120951.5,121914.02,122416.52,neutral,120951.5,117412.8,neutral,,,,118893.53,118739.02,118171.87,48.38311,-12.269553,5649.133,0.9618813,快速金叉,,,
2025-07-17 18:00:00,119255.4,119787.7,119186.3,119582.5,7676.379,917687900.0,140711.0,3944.37,471554800.0,119003.2,118516.04,118217.0,192.95288,65.398605,127.554276,70.273476,61.114754,52.136738,119840.055,118556.17,117272.29,120495.47,118364.24,116233.016,83.23063,78.615135,-17130.408,715.0833,749.6587,0.95387846,18.627348,119599.72,119182.15,118764.586,120116.37,118170.08,120951.5,117412.8,121914.02,122416.52,uptrend,120951.5,117412.8,fib_618_bounce_带量,119182.15,119599.72,0.61313474,119129.37,119003.2,118217.0,123.40249,32.95446,5752.8975,1.3343501,快速金叉,,,反转区
2025-07-17 19:00:00,119582.4,119879.1,118800.0,118948.8,6010.215,717780740.0,120261.0,2811.714,335852860.0,119042.38,118531.47,118249.83,182.37077,104.38933,77.981445,53.981804,53.290783,48.98471,119900.4,118584.66,117268.914,120502.945,118394.91,116286.875,82.967705,81.999825,-23140.623,751.485,760.6401,0.9879639,18.81873,118652.05,119091.1,119530.16,118108.81,120155.25,117230.7,120951.5,121963.555,122491.914,neutral,120951.5,117230.7,neutral,,,,119262.2,119042.38,118249.83,130.2205,65.37647,5863.35,1.0250479,快速金叉,,,
2025-07-17 20:00:00,118948.8,119440.8,118343.2,119428.8,8034.093,954996350.0,176404.0,4100.236,487463500.0,119153.14,118571.38,118289.75,226.88098,145.21988,81.6611,61.806507,57.707382,51.292126,120101.63,118655.336,117209.04,120483.66,118449.016,116414.38,78.46035,81.552895,-15106.53,786.0965,771.8721,1.0184284,17.311186,118652.05,119091.1,119530.16,118108.81,120155.25,117230.7,120951.5,121963.555,122491.914,neutral,120951.5,117230.7,neutral,,,,119320.03,119153.14,118289.75,172.36885,101.040596,6097.241,1.3176603,快速金叉,,,
2025-07-17 21:00:00,119428.8,120951.5,119410.5,120254.8,25117.477,3022334000.0,374831.0,14216.321,1710298200.0,119494.04,118637.74,118328.805,349.15695,213.19891,135.95805,71.52648,64.01333,54.9217,120623.21,118795.4,116967.586,120515.25,118525.54,116535.82,74.583015,78.67036,10010.947,861.58685,797.5097,1.0803466,19.214172,119530.16,119091.1,118652.05,120073.39,118026.95,120951.5,117230.7,121963.555,122491.914,uptrend,120951.5,117230.7,neutral,119530.16,121963.555,0.81275535,119544.13,119494.04,118328.805,269.31848,157.13322,6773.172,3.7083774,快速金叉,,,
2025-07-17 22:00:00,120254.8,120706.1,119451.3,119767.8,7949.118,954533700.0,156634.0,3615.283,434075140.0,119596.54,118716.445,118396.45,369.1231,265.17365,103.94947,60.870815,58.477203,52.534058,120814.26,118899.27,116984.28,120449.03,118592.695,116736.35,73.2682,75.43719,2061.829,900.90814,812.7527,1.1084653,20.92686,119530.16,119091.1,118652.05,120073.39,118026.95,120951.5,117230.7,121963.555,122491.914,uptrend,120951.5,117230.7,fib_golden_zone,119530.16,121963.555,0.6818695,119817.13,119596.54,118396.45,303.358,205.87482,6935.342,1.1461754,快速金叉,,,
2025-07-17 23:00:00,119767.8,119883.3,119155.0,119176.6,5906.707,706048700.0,143482.0,2746.686,328408830.0,119515.36,118758.09,118446.16,305.23703,278.5281,26.708927,50.265255,52.537125,49.81443,120850.87,118929.125,117007.39,120445.68,118625.375,116805.07,57.09482,68.315346,-3844.878,883.64734,809.9376,1.0910066,21.434986,118635.85,119078.0,119520.15,118088.79,120149.64,117204.5,120951.5,121970.69,122502.76,neutral,120951.5,117204.5,neutral,,,,119733.07,119515.36,118446.16,279.4088,230.38615,6996.3604,0.84425426,快速金叉,,,
2025-07-18 00:00:00,119176.5,119785.1,119003.8,119735.8,5432.925,649019970.0,139201.0,2938.531,351052300.0,119672.76,118836.42,118491.516,319.04175,292.03265,27.009102,58.285553,56.987694,52.234028,120974.05,119029.46,117084.87,120505.984,118663.94,116821.9,48.605896,59.656307,1588.047,873.4126,808.98303,1.0796427,21.373138,119483.82,119030.45,118577.086,120044.766,117931.61,120951.5,117109.4,121996.555,122542.13,uptrend,120951.5,117109.4,fib_golden_zone_缩量,119483.82,121996.555,0.6835845,119560.07,119672.76,118491.516,302.06964,254.28064,7125.1323,0.7625016,快速死叉,,,
2025-07-18 01:00:00,119735.9,120799.0,119636.0,120346.1,9617.189,1156530400.0,205924.0,5232.405,629251400.0,119856.22,118925.96,118543.84,392.5657,325.54367,67.02203,65.3917,61.25752,54.699856,121174.21,119199.26,117224.305,120637.44,118716.09,116794.74,54.75736,53.486027,11205.236,902.37134,820.78357,1.0994023,23.177296,119361.39,118870.2,118379.016,119969.125,117679.695,120951.5,116788.9,122083.73,122674.81,uptrend,120951.5,116788.9,neutral,119361.39,122083.73,0.85456204,119752.836,119856.22,118543.84,365.0663,291.2092,7481.5693,1.2854507,快速死叉,,,
2025-07-18 02:00:00,120346.1,120400.0,119862.0,120075.2,4249.826,510583680.0,117711.0,2069.466,248659890.0,119820.3,118998.586,118603.7,402.86447,351.31726,51.547195,60.09059,58.48233,53.43324,121115.79,119357.96,117600.14,120735.3,118755.305,116775.31,65.817924,56.393726,6955.41,865.9342,811.3575,1.067266,24.801037,119361.39,118870.2,118379.016,119969.125,117679.695,120951.5,116788.9,122083.73,122674.81,uptrend,120951.5,116788.9,neutral,119361.39,122083.73,0.78948253,120052.37,119820.3,118603.7,388.65216,323.6902,7492.47,0.56721294,快速金叉,,,强势区
2025-07-18 03:00:00,120075.3,120492.2,119926.0,120212.8,3419.823,410933800.0,82207.0,1766.455,212297650.0,119909.3,119083.04,118671.27,416.70126,373.11194,43.589333,61.919945,59.48632,53.99302,121127.91,119497.336,117866.766,120823.32,118805.02,116786.734,71.62392,64.0664,10375.233,835.96075,803.18555,1.0408065,26.418055,119361.39,118870.2,118379.016,119969.125,117679.695,120951.5,116788.9,122083.73,122674.81,uptrend,120951.5,116788.9,neutral,119361.39,122083.73,0.8225388,120211.37,119909.3,118671.27,413.67865,353.68634,7340.433,0.46588847,快速金叉,,,
2025-07-18 04:00:00,120212.8,120478.9,119726.5,120387.8,3702.589,444666530.0,90927.0,1808.419,217212080.0,120151.54,119182.75,118742.305,437.05084,394.4249,42.62593,64.34493,60.785145,54.709312,121253.164,119614.12,117975.06,120890.73,118866.08,116841.43,72.15683,69.86623,14077.822,827.6047,801.4927,1.0325792,27.053293,119361.39,118870.2,118379.016,119969.125,117679.695,120951.5,116788.9,122083.73,122674.81,uptrend,120951.5,116788.9,neutral,119361.39,122083.73,0.86457986,120225.266,120151.54,118742.305,442.5321,383.3016,7342.4966,0.5042684,快速金叉,,,
2025-07-18 05:00:00,120387.8,120628.6,120165.3,120588.3,5460.887,657638600.0,117912.0,2736.969,329689250.0,120322.04,119291.07,118796.695,464.43912,417.76297,46.676136,67.141846,62.277294,55.52992,121409.37,119736.49,118063.62,120986.55,118928.3,116870.04,77.13982,73.64019,19538.709,791.17426,790.2196,1.0012081,27.936003,119361.39,118870.2,118379.016,119969.125,117679.695,120951.5,116788.9,122083.73,122674.81,uptrend,120951.5,116788.9,neutral,119361.39,122083.73,0.91274685,120396.3,120322.04,118796.695,476.0893,414.23083,7266.425,0.7515232,快速金叉,,,
2025-07-18 06:00:00,120588.3,120846.1,120076.9,120238.5,4624.484,556885950.0,102094.0,2345.621,282518800.0,120300.52,119361.54,118840.1,431.72244,422.41614,9.306304,57.897625,58.12208,53.77156,121274.92,119857.08,118439.234,121032.06,118981.03,116930.01,75.58669,74.96111,14914.225,788.9768,789.519,0.9993133,29.175993,119361.39,118870.2,118379.016,119969.125,117679.695,120951.5,116788.9,122083.73,122674.81,uptrend,120951.5,116788.9,neutral,119361.39,122083.73,0.8287128,120404.87,120300.52,118840.1,469.05075,432.50415,7267.3228,0.6363394,快速金叉,,,
2025-07-18 07:00:00,120238.6,120375.7,119300.0,119356.6,7977.613,955112600.0,154695.0,3396.027,406665020.0,120156.8,119410.37,118868.99,295.70972,380.18066,-84.47094,41.209137,49.20788,49.669582,121258.97,119864.31,118469.66,121015.4,119010.99,117006.59,55.84061,69.52237,6936.612,817.6491,799.05835,1.0232658,27.258354,119361.39,118870.2,118379.016,119969.125,117679.695,120951.5,116788.9,122083.73,122674.81,uptrend,120951.5,116788.9,fib_618_bounce,118870.2,119361.39,0.61685,120061.13,120156.8,118868.99,387.83994,417.61606,7452.4854,1.0704634,快速死叉,,,反转区
2025-07-18 08:00:00,119356.5,119483.2,118384.6,118637.3,12184.207,1448548500.0,223236.0,5763.342,685197600.0,119841.7,119442.195,118878.33,110.01175,290.12436,-180.11261,32.33916,43.36584,46.665897,121450.73,119796.8,118142.875,121005.59,119018.52,117031.46,32.145187,54.524162,-5247.595,845.7442,809.043,1.0453637,25.95894,118379.016,118870.2,119361.39,117771.27,120060.7,116788.9,120951.5,122083.73,122674.81,neutral,120951.5,116788.9,neutral,,,,119410.8,119841.7,118878.33,262.41333,365.88184,7532.981,1.6174483,快速死叉,,,
2025-07-18 09:00:00,118637.3,119000.0,118450.0,118885.0,6890.817,818412700.0,131584.0,3764.501,447121300.0,119541.14,119491.32,118899.016,7.1807227,195.80981,-188.62909,37.724453,45.754185,47.790634,121465.695,119792.24,118118.8,120991.125,119032.6,117074.08,16.581715,34.855835,1643.222,816.1698,800.40826,1.0196918,24.789467,118379.016,118870.2,119361.39,117771.27,120060.7,116788.9,120951.5,122083.73,122674.81,neutral,120951.5,116788.9,neutral,,,,118959.63,119541.14,118899.016,180.9137,304.22577,7432.5273,0.9271163,快速死叉,,,
2025-07-18 10:00:00,118885.0,119266.0,118503.4,119240.1,4915.333,584256260.0,115476.0,2397.15,285003330.0,119271.5,119537.92,118933.03,-23.015854,122.86792,-145.88377,45.04064,49.070076,49.373955,121481.47,119778.766,118076.06,120998.86,119043.45,117088.04,21.783464,23.503456,6558.555,810.8128,799.148,1.0145966,22.899046,118379.016,118870.2,119361.39,117771.27,120060.7,116788.9,120951.5,122083.73,122674.81,neutral,120951.5,116788.9,neutral,,,,118920.8,119271.5,118933.03,143.32608,250.59254,7292.711,0.6740063,快速死叉,零轴下穿,,
2025-07-18 11:00:00,119240.2,119292.0,118775.1,119175.5,3056.754,363815200.0,73251.0,1464.62,174341360.0,119058.9,119558.04,118963.35,-51.04702,64.89627,-115.94329,43.94491,48.489384,49.093765,121413.57,119701.67,117989.77,120998.44,119043.18,117087.92,29.071705,22.478962,3501.801,781.4215,789.73975,0.98946714,21.114008,118379.016,118870.2,119361.39,117771.27,120060.7,116788.9,120951.5,122083.73,122674.81,neutral,120951.5,116788.9,neutral,,,,119100.2,119058.9,118963.35,107.09047,202.75851,7130.563,0.4286834,快速金叉,,,
2025-07-18 12:00:00,119175.5,119519.8,119126.2,119428.5,3513.583,419340770.0,80055.0,1871.841,223423870.0,119073.28,119584.4,118995.98,-39.76936,30.007729,-69.77709,49.55248,50.93815,50.237865,121399.81,119677.44,117955.06,121013.99,119057.414,117100.836,36.431717,29.095629,7015.384,742.6394,776.5351,0.9563501,19.248032,119361.39,118870.2,118379.016,119969.125,117679.695,120951.5,116788.9,122083.73,122674.81,uptrend,120951.5,116788.9,fib_618_bounce_缩量,119361.39,122083.73,0.6341229,119281.37,119073.28,118995.98,97.66268,167.72658,7058.691,0.49776697,快速金叉,,,
2025-07-18 13:00:00,119428.6,119440.4,118500.0,118766.8,10681.695,1269534500.0,191565.0,4403.282,523302180.0,119099.18,119594.71,119012.195,-108.3827,-16.122414,-92.260284,37.964153,44.92302,47.358135,121463.44,119648.164,117832.89,121013.94,119057.65,117101.35,30.022345,31.84192,-3666.311,762.41547,781.99725,0.97495925,18.912588,118379.016,118870.2,119361.39,117771.27,120060.7,116788.9,120951.5,122083.73,122674.81,neutral,120951.5,116788.9,neutral,,,,119123.6,119099.18,119012.195,36.378086,123.94375,7321.086,1.4590316,快速金叉,,,
2025-07-18 14:00:00,118766.9,119250.0,117230.7,118123.8,23731.701,2801961000.0,417324.0,11393.405,1345167600.0,118946.94,119540.83,119009.75,-228.80058,-87.01514,-141.78545,30.008204,39.982162,44.777916,121661.69,119533.02,117404.36,121031.19,119048.54,117065.89,27.546293,31.33345,-27398.014,888.1039,823.24066,1.0787901,21.027996,118379.016,118870.2,119361.39,117771.27,120060.7,116788.9,120951.5,115656.67,115065.586,downtrend,120951.5,116788.9,neutral,115656.67,118379.016,0.320689,118773.03,118946.94,119009.75,-63.34492,61.51419,8123.852,2.9212377,快速死叉,,,
2025-07-18 15:00:00,118123.9,118255.3,117430.0,117830.0,8606.272,1013568100.0,211222.0,4111.055,484200960.0,118664.92,119457.375,119003.48,-341.61066,-171.88031,-169.73035,26.992748,37.929413,43.6537,121712.96,119353.3,116993.64,121067.87,119032.11,116996.36,19.761808,25.776815,-36004.285,881.8235,823.3093,1.071072,22.931864,118379.016,118870.2,119361.39,117771.27,120060.7,116788.9,120951.5,115656.67,115065.586,downtrend,120951.5,116788.9,neutral,115656.67,118379.016,0.2501081,118240.2,118664.92,119003.48,-164.19064,-13.720754,8253.654,1.0427226,快速死叉,,,
2025-07-18 16:00:00,117830.1,118053.5,117460.0,117543.5,5742.115,676064500.0,153453.0,2770.073,326171840.0,118338.52,119390.46,118982.87,-445.63382,-263.13147,-182.50233,24.223457,35.988995,42.575405,121799.31,119172.46,116545.62,121123.24,119002.586,116881.93,19.141022,22.149708,-41746.4,852.99115,815.649,1.0457821,24.645346,118379.016,118870.2,119361.39,117771.27,120060.7,116788.9,120951.5,115656.67,115065.586,downtrend,120951.5,116788.9,neutral,115656.67,118379.016,0.18128093,117832.43,118338.52,118982.87,-264.18442,-97.20863,8139.0557,0.7055014,快速死叉,,,
2025-07-18 17:00:00,117543.5,117983.8,117328.6,117580.0,5653.631,664795600.0,123965.0,2683.978,315628450.0,117968.82,119302.42,118954.14,-503.331,-343.198,-160.13301,25.361605,36.435154,42.76174,121715.055,118984.41,116253.76,121168.15,118973.06,116777.984,15.993225,18.298685,-36092.77,833.21204,810.3007,1.0282751,26.422497,118379.016,118870.2,119361.39,117771.27,120060.7,116788.9,120951.5,115656.67,115065.586,downtrend,120951.5,116788.9,neutral,115656.67,118379.016,0.19004948,117651.164,117968.82,118954.14,-336.60477,-177.00734,7165.8633,0.7889672,快速死叉,,,
2025-07-18 18:00:00,117580.0,117716.3,117204.5,117297.9,3325.602,390677920.0,92981.0,1564.042,183770030.0,117675.04,119161.62,118928.8,-564.7032,-417.03305,-147.67012,22.336525,34.437317,41.6804,121514.76,118763.7,116012.64,121225.18,118934.02,116642.87,10.986022,15.373423,-39418.37,801.07086,800.3507,1.0008998,28.249521,118338.75,118817.5,119296.25,117746.4,119977.86,116788.9,120846.1,115685.34,115109.22,downtrend,120846.1,116788.9,neutral,115685.34,118338.75,0.12545598,117473.8,117675.04,118928.8,-412.01212,-255.34227,6934.6875,0.47956046,快速死叉,,,
2025-07-18 19:00:00,117297.9,117866.0,117109.4,117361.6,6226.73,731264300.0,128720.0,3117.748,366164100.0,117522.6,119047.03,118903.914,-586.75275,-473.60626,-113.14646,24.702572,35.300026,42.02287,121052.33,118533.22,116014.12,121275.36,118900.47,116525.57,9.918767,12.299338,-33191.64,796.6238,798.89233,0.9971604,29.16591,118338.75,118817.5,119296.25,117746.4,119977.86,116788.9,120846.1,115685.34,115109.22,downtrend,120846.1,116788.9,neutral,115685.34,118338.75,0.14115646,117413.164,117522.6,118903.914,-461.3152,-323.9999,6950.689,0.89584357,快速死叉,,,
2025-07-18 20:00:00,117361.7,117532.3,116788.9,117370.1,12361.867,1447157600.0,181112.0,5468.776,640129400.0,117430.62,118961.01,118882.32,-587.3778,-511.53012,-75.84769,25.058006,35.42214,42.069828,120587.25,118328.336,116069.42,121298.4,118858.45,116418.5,11.926463,10.94375,-20829.773,791.3014,797.0426,0.9927969,30.659616,118338.75,118817.5,119296.25,117746.4,119977.86,116788.9,120846.1,115685.34,115109.22,downtrend,120846.1,116788.9,neutral,115685.34,118338.75,0.14325151,117343.2,117430.62,118882.32,-494.00772,-380.66916,7297.1357,1.694071,快速死叉,,,
2025-07-18 21:00:00,117370.0,117860.5,117330.0,117648.3,3642.899,428728930.0,85992.0,1862.164,219153700.0,117451.58,118861.6,118864.414,-541.535,-521.53174,-20.003223,36.50301,39.450115,43.61607,120359.59,118206.31,116053.04,121310.84,118827.68,116344.52,21.385733,14.41032,-17186.875,765.22125,788.15784,0.9708985,30.441477,118338.75,118817.5,119296.25,117746.4,119977.86,116788.9,120846.1,115685.34,115109.22,downtrend,120846.1,116788.9,neutral,115685.34,118338.75,0.21182096,117460.0,117451.58,118864.414,-491.7992,-417.71252,6998.4214,0.52053154,快速金叉,,,
2025-07-18 22:00:00,117648.3,117957.7,117379.6,117663.0,3831.355,451014460.0,78329.0,1993.156,234656100.0,117468.18,118733.836,118840.18,-495.24585,-512.7698,17.52393,37.09523,39.66427,43.698215,120295.6,118136.72,115977.84,121270.86,118783.22,116295.58,29.736948,21.01638,-13355.52,746.5091,781.1559,0.95564675,29.802534,118338.75,118817.5,119296.25,117746.4,119977.86,116788.9,120846.1,115685.34,115109.22,downtrend,120846.1,116788.9,neutral,115685.34,118338.75,0.21544415,117560.47,117468.18,118840.18,-483.29172,-439.57224,6977.498,0.5491016,快速金叉,,,
2025-07-18 23:00:00,117662.9,118000.0,117433.6,117896.4,3397.008,400143360.0,69216.0,1849.004,217829280.0,117587.88,118630.086,118819.48,-424.15,-483.22983,59.079845,46.36205,43.10501,45.01399,120146.71,118066.11,115985.5,121260.85,118756.055,116251.26,47.81786,32.98018,-9958.512,728.4982,773.9974,0.94121534,29.02422,118338.75,118817.5,119296.25,117746.4,119977.86,116788.9,120846.1,115685.34,115109.22,downtrend,120846.1,116788.9,neutral,115685.34,118338.75,0.2729715,117735.9,117587.88,118819.48,-452.49988,-443.88147,6976.357,0.4869315,快速金叉,,,
2025-07-19 00:00:00,117896.5,118013.7,117682.6,117713.0,2276.545,268341470.0,58037.0,1007.366,118750856.0,117658.16,118511.05,118792.03,-386.2026,-450.88742,64.68483,40.845844,41.12065,44.17481,119829.19,117957.03,116084.87,121276.56,118737.81,116199.07,61.372074,46.30896,-12235.057,688.75836,759.23413,0.90717524,28.252213,118338.75,118817.5,119296.25,117746.4,119977.86,116788.9,120846.1,115685.34,115109.22,downtrend,120846.1,116788.9,neutral,115685.34,118338.75,0.22776791,117757.47,117658.16,118792.03,-437.84872,-441.87054,6905.055,0.3296925,快速金叉,,,
2025-07-19 01:00:00,117713.1,118094.6,117588.0,118010.0,2386.432,281352960.0,62955.0,1222.399,144129070.0,117786.14,118397.82,118773.65,-316.02396,-405.93292,89.90899,51.70271,45.496468,45.865494,119482.8,117873.78,116264.766,121280.94,118726.2,116171.46,80.706764,63.2989,-9848.625,670.54254,750.813,0.89308864,27.896103,118338.75,118817.5,119296.25,117746.4,119977.86,116788.9,120846.1,115685.34,115109.22,downtrend,120846.1,116788.9,neutral,115685.34,118338.75,0.30097112,117873.13,117786.14,118773.65,-397.6879,-427.143,6751.332,0.35347572,快速金叉,,,
2025-07-19 02:00:00,118010.0,118275.0,117886.4,118176.7,2804.639,331202530.0,66670.0,1546.85,182684020.0,117891.82,118282.984,118750.53,-240.2967,-350.72086,110.42415,56.884483,47.839622,46.800983,118868.266,117784.37,116700.46,121275.96,118712.516,116149.06,86.660194,76.246346,-7043.986,642.34827,738.7392,0.8695197,26.53353,118338.75,118817.5,119296.25,117746.4,119977.86,116788.9,120846.1,115685.34,115109.22,downtrend,120846.1,116788.9,neutral,115685.34,118338.75,0.34205857,117966.57,117891.82,118750.53,-348.39276,-400.8929,6660.34,0.42109546,快速金叉,,,
2025-07-19 03:00:00,118176.7,118340.7,118088.0,118295.2,2377.129,281047300.0,51176.0,1118.789,132283740.0,118018.26,118190.445,118734.62,-168.11702,-289.8529,121.73589,60.40738,49.501587,47.46854,118620.766,117750.68,116880.586,121273.74,118716.12,116158.49,94.658005,87.34165,-4666.857,603.3835,722.5379,0.835089,24.933414,118159.055,118582.3,119005.54,117635.38,119608.125,116788.9,120375.7,121351.31,121860.63,neutral,120375.7,116788.9,neutral,,,,118160.63,118018.26,118734.62,-296.34796,-366.0446,6380.316,0.3725723,快速金叉,,,
2025-07-19 04:00:00,118295.3,118337.5,118063.4,118104.3,1908.472,225613620.0,45912.0,713.502,84352984.0,118059.84,118130.81,118702.8,-136.28163,-238.66249,102.38085,52.36569,46.90857,46.49621,118614.625,117749.29,116883.945,121276.195,118712.164,116148.125,91.73979,91.019325,-6575.329,570.45514,707.58997,0.8061944,23.613434,117832.1,118154.35,118476.59,117433.39,118935.39,116788.9,119519.8,120262.6,120650.39,neutral,119519.8,116788.9,neutral,,,,118192.07,118059.84,118702.8,-267.4234,-333.17087,5866.529,0.32531536,快速金叉,,,
2025-07-19 05:00:00,118104.3,118264.0,118013.2,118174.0,1418.021,167534820.0,34843.0,691.145,81662000.0,118152.04,118108.75,118683.5,-102.78726,-193.37074,90.58348,54.921898,47.98001,46.906975,118692.98,117773.86,116854.734,121274.8,118713.82,116152.85,88.44682,91.614876,-5157.308,538.4896,692.36365,0.77775544,22.686222,117832.1,118154.35,118476.59,117433.39,118935.39,116788.9,119519.8,120262.6,120650.39,neutral,119519.8,116788.9,neutral,,,,118191.164,118152.04,118683.5,-236.15405,-300.83194,5592.889,0.25353998,快速金叉,,,
2025-07-19 06:00:00,118173.9,118244.1,118034.8,118136.9,1240.916,146589000.0,34688.0,476.0,56230656.0,118177.42,118073.125,118674.78,-81.41312,-156.05154,74.63842,53.150677,47.43131,46.709515,118752.125,117816.24,116880.36,121276.74,118707.24,116137.74,82.355896,87.51417,-6398.224,505.57065,676.26154,0.7475963,21.851732,117832.1,118154.35,118476.59,117433.39,118935.39,116788.9,119519.8,120262.6,120650.39,neutral,119519.8,116788.9,neutral,,,,118138.4,118177.42,118674.78,-211.92361,-271.19583,5409.1685,0.22940975,快速死叉,,,
2025-07-19 07:00:00,118136.9,118300.0,118117.5,118135.0,1132.043,133801464.0,29963.0,481.758,56943424.0,118169.08,118020.5,118666.65,-64.85653,-125.6532,60.79667,53.04846,47.401413,46.6991,118799.12,117855.88,116912.66,121277.89,118698.945,116120.0,79.874985,83.559235,-7530.267,473.26358,659.8028,0.7172803,20.654417,117832.1,118154.35,118476.59,117433.39,118935.39,116788.9,119519.8,120262.6,120650.39,neutral,119519.8,116788.9,neutral,,,,118148.63,118169.08,118666.65,-190.67612,-244.35593,5312.9326,0.21307309,快速死叉,,,
2025-07-19 08:00:00,118134.9,118239.4,117904.0,118057.2,2259.752,266766060.0,49182.0,862.527,101825064.0,118121.48,117967.25,118652.29,-60.917,-104.07447,43.157467,48.584793,46.119495,46.262157,118751.945,117910.125,117068.3,121280.98,118691.305,116101.625,72.81802,78.34963,-9790.019,459.47723,648.9894,0.7079888,20.857418,117832.1,118154.35,118476.59,117433.39,118935.39,116788.9,119519.8,120262.6,120650.39,neutral,119519.8,116788.9,neutral,,,,118109.7,118121.48,118652.29,-178.06255,-222.25813,5250.241,0.43040916,快速死叉,,,
2025-07-19 09:00:00,118057.2,118300.0,118033.9,118205.1,1402.679,165775540.0,32677.0,680.006,80364810.0,118141.64,117908.99,118653.9,-39.45225,-82.53373,43.08148,56.67081,48.946136,47.233093,118715.42,117970.375,117225.32,121281.66,118689.52,116097.4,73.88126,75.52476,-8387.34,440.1395,636.2264,0.69179696,20.513905,117801.77,118114.65,118427.52,117414.66,118872.98,116788.9,119440.4,120161.61,120538.12,neutral,119440.4,116788.9,neutral,,,,118132.43,118141.64,118653.9,-154.35263,-199.62296,4786.2905,0.29306182,快速死叉,,,
2025-07-19 10:00:00,118205.1,118449.9,118142.2,118410.5,1648.139,195000740.0,42270.0,945.514,111879860.0,118188.94,117892.02,118655.836,0.43145898,-54.878666,55.310123,65.46961,52.660458,48.568142,118687.78,118044.69,117401.586,121281.6,118691.46,116101.33,79.109474,75.269585,-6739.201,426.89554,625.2755,0.6827319,18.966478,118309.86,118019.45,117729.04,118669.18,117315.58,119250.0,116788.9,119919.42,120268.9,uptrend,119250.0,116788.9,fib_golden_zone_缩量,118309.86,119919.42,0.6588924,118224.266,118188.94,118655.836,-117.632286,-172.29274,3682.1123,0.44760692,快速金叉,零轴上穿,,
2025-07-19 11:00:00,118410.6,118456.0,118120.2,118300.0,2177.481,257671460.0,48737.0,883.146,104513830.0,118221.56,117900.414,118659.57,15.252719,-31.501537,46.754257,58.068573,50.530594,47.89377,118676.586,118091.234,117505.88,121276.95,118682.29,116087.625,82.24399,78.411575,-8916.682,417.78598,615.62634,0.67863566,17.734335,117819.164,117622.45,117425.734,118062.56,117145.66,118456.0,116788.9,118909.45,119146.18,uptrend,118456.0,116788.9,neutral,117819.164,118909.45,0.90642434,118305.2,118221.56,118659.57,-96.33707,-146.97418,3360.6729,0.6479301,快速金叉,,,
2025-07-19 12:00:00,118300.0,118301.4,118069.4,118218.1,1819.535,215040910.0,50252.0,914.792,108115770.0,118238.18,117918.9,118655.15,15.631193,-15.7906275,31.42182,52.897762,48.950333,47.389256,118613.39,118130.88,117648.38,121277.57,118680.03,116082.49,73.883095,78.412186,-10736.217,399.2074,602.8388,0.6622125,17.013493,117819.164,117622.45,117425.734,118062.56,117145.66,118456.0,116788.9,118909.45,119146.18,uptrend,118456.0,116788.9,neutral,117819.164,118909.45,0.8572971,118309.53,118238.18,118655.15,-85.08825,-126.345535,3164.5437,0.57497543,快速金叉,,,
2025-07-19 13:00:00,118218.1,118299.0,118050.0,118167.0,1294.931,153043170.0,38838.0,714.772,84481070.0,118260.14,117948.586,118648.305,9.552326,-7.342976,16.895302,49.677708,47.942886,47.069225,118595.89,118150.21,117704.53,121273.914,118683.99,116094.07,58.762077,71.62972,-12031.148,384.18665,591.0442,0.65001345,16.519829,117819.164,117622.45,117425.734,118062.56,117145.66,118456.0,116788.9,118909.45,119146.18,uptrend,118456.0,116788.9,neutral,117819.164,118909.45,0.8266451,118228.37,118260.14,118648.305,-79.38177,-110.69095,2946.6086,0.43946487,快速死叉,,,
2025-07-19 14:00:00,118167.0,118203.0,117615.3,117657.4,5403.868,636999300.0,109019.0,2486.437,293110720.0,118150.6,117952.27,118634.34,-54.503784,-23.063246,-31.440538,29.081211,39.264183,44.003513,118624.266,118146.24,117668.23,121281.36,118680.07,116078.79,36.518276,56.387817,-17435.016,404.538,590.9327,0.6845754,18.726076,117425.734,117622.45,117819.164,117182.336,118099.24,116788.9,118456.0,118909.45,119146.18,neutral,118456.0,116788.9,neutral,,,,118014.164,118150.6,118634.34,-114.65809,-112.01333,3050.522,1.7714568,快速死叉,零轴下穿,带量突破下轨,
2025-07-19 15:00:00,117657.4,118221.7,117637.5,118025.6,3057.907,360946400.0,68533.0,1453.705,171562770.0,118073.62,117986.92,118629.555,-54.74157,-33.62269,-21.118883,47.447655,46.76286,46.60301,118622.93,118147.36,117671.79,121284.5,118675.35,116066.21,33.819077,43.033142,-14377.109,422.50418,590.70825,0.7152502,20.514849,117819.164,117622.45,117425.734,118062.56,117145.66,118456.0,116788.9,118909.45,119146.18,uptrend,118456.0,116788.9,fib_golden_zone,117819.164,118909.45,0.74182713,117950.0,118073.62,118629.555,-111.61751,-111.881386,2892.0808,1.057338,快速死叉,,,
2025-07-19 16:00:00,118025.6,118149.8,117825.1,117958.1,2310.593,272597630.0,57166.0,1188.561,140234340.0,118005.24,118015.33,118623.2,-61.521282,-42.92222,-18.599062,44.957466,45.650135,46.196304,118626.18,118131.74,117637.305,121283.99,118659.46,116034.92,31.529282,33.955544,-16687.701,412.7238,581.8413,0.70934075,22.124744,117819.164,117622.45,117425.734,118062.56,117145.66,118456.0,116788.9,118909.45,119146.18,uptrend,118456.0,116788.9,fib_golden_zone,117819.164,118909.45,0.70133764,117880.37,118005.24,118623.2,-113.34791,-112.370224,2389.517,0.9669706,快速死叉,,,
2025-07-19 17:00:00,117958.1,117971.3,117703.2,117786.5,1884.015,221966640.0,42251.0,841.36,99120870.0,117918.92,118035.16,118605.84,-84.87041,-56.90495,-27.965458,38.901974,42.858128,45.15984,118631.5,118095.41,117559.31,121283.55,118637.69,115991.83,36.648033,33.998795,-18571.717,398.26138,571.3833,0.69701266,24.223917,117708.16,117850.95,117993.74,117531.484,118197.04,117245.9,118456.0,118785.15,118956.984,neutral,118456.0,117245.9,neutral,,,,117923.4,117918.92,118605.84,-127.10081,-117.28042,2301.573,0.8185771,快速金叉,,,
2025-07-19 18:00:00,117786.4,118018.1,117728.6,117841.2,1428.275,168412350.0,36861.0,633.417,74683350.0,117853.76,118044.34,118597.09,-92.73628,-68.848724,-23.887554,41.816475,44.033188,45.56259,118644.04,118076.62,117509.19,121288.234,118623.51,115958.78,29.336664,32.504658,-17143.441,387.38525,561.9872,0.68931335,25.513126,117708.16,117850.95,117993.74,117531.484,118197.04,117245.9,118456.0,118785.15,118956.984,neutral,118456.0,117245.9,neutral,,,,117861.93,117853.76,118597.09,-132.06389,-122.208244,2181.419,0.6547458,快速金叉,,,
2025-07-19 19:00:00,117841.1,118124.9,117562.1,117978.3,2678.028,315596450.0,53698.0,1136.703,133966490.0,117917.94,118059.36,118597.266,-80.00584,-72.567764,-7.4380727,48.93885,46.976322,46.57982,118628.76,118062.63,117496.516,121262.22,118597.97,115933.71,31.264822,32.416504,-14465.414,404.92673,562.0143,0.7204919,27.567461,117837.27,118019.95,118202.625,117611.25,118462.7,117245.9,118794.0,119215.086,119434.914,neutral,118794.0,117245.9,neutral,,,,117868.664,117917.94,118597.266,-123.510605,-122.642365,2145.47,1.2482244,快速死叉,,,
2025-07-19 20:00:00,117978.4,118125.7,117666.8,117682.3,1373.134,161936740.0,44021.0,621.261,73276750.0,117849.28,118049.164,118594.21,-103.895035,-83.010185,-20.88485,37.40538,41.858322,44.713707,118656.79,118030.164,117403.55,121218.016,118559.96,115901.91,29.896368,30.16595,-15838.548,410.32407,558.57715,0.734588,29.405285,117837.27,118019.95,118202.625,117611.25,118462.7,117245.9,118794.0,116824.82,116604.984,downtrend,118794.0,117245.9,neutral,116824.82,117837.27,0.28189394,117833.93,117849.28,118594.21,-139.01431,-128.09969,2100.2996,0.6537801,快速死叉,,,
2025-07-19 21:00:00,117682.3,117809.0,117245.9,117666.1,5592.54,657193500.0,112694.0,2563.03,301197250.0,117790.88,118046.93,118583.58,-119.98413,-95.33483,-24.649296,36.850853,41.591248,44.612514,118670.516,117996.67,117322.83,121211.086,118534.305,115857.53,34.23996,31.800385,-21431.088,425.60165,558.7279,0.7617333,32.71976,117861.19,118051.25,118241.31,117626.02,118511.914,117245.9,118856.6,116807.79,116579.07,downtrend,118856.6,117245.9,neutral,116807.79,117861.19,0.26088035,117775.57,117790.88,118583.58,-150.86919,-135.68951,2260.6047,2.4739132,快速死叉,,,
2025-07-19 22:00:00,117666.0,117825.4,117491.3,117758.1,1675.75,197236130.0,39298.0,840.504,98931420.0,117785.2,118034.93,118565.81,-117.613754,-102.76114,-14.8526125,42.49875,43.784863,45.339245,118669.03,117975.305,117281.586,121169.97,118500.89,115831.82,36.21671,33.451015,-19755.338,416.45148,551.2403,0.7554808,35.489452,117861.19,118051.25,118241.31,117626.02,118511.914,117245.9,118856.6,116807.79,116579.07,downtrend,118856.6,117245.9,neutral,116807.79,117861.19,0.31799838,117702.164,117785.2,118565.81,-151.09886,-140.82597,2204.1604,0.76026684,快速死叉,,,
2025-07-19 23:00:00,117758.1,117915.8,117704.2,117814.4,980.369,115494696.0,39171.0,503.177,59279496.0,117779.84,118017.68,118546.875,-106.6282,-104.050156,-2.5780387,45.950043,45.14262,45.78953,118625.125,117947.4,117269.67,121036.94,118452.086,115867.234,50.217133,40.2246,-18774.969,395.96634,539.91895,0.7333811,36.788654,117861.19,118051.25,118241.31,117626.02,118511.914,117245.9,118856.6,116807.79,116579.07,downtrend,118856.6,117245.9,neutral,116807.79,117861.19,0.35295212,117746.2,117779.84,118546.875,-145.06572,-142.23921,2134.3225,0.459335,快速死叉,,,关键支撑区
2025-07-20 00:00:00,117814.3,117974.5,117618.0,117912.5,1340.779,157884880.0,38766.0,756.189,89045990.0,117766.68,117999.46,118535.484,-85.015366,-97.70523,12.68986,51.827763,47.5211,46.582726,118482.195,117911.83,117341.46,120951.98,118414.98,115877.984,61.499084,49.310974,-17434.19,392.0197,533.805,0.7343875,38.33437,117861.19,118051.25,118241.31,117626.02,118511.914,117245.9,118856.6,119294.71,119523.43,neutral,118856.6,117245.9,neutral,,,,117828.336,117766.68,118535.484,-130.86008,-138.44617,2105.9377,0.636666,快速金叉,,,
2025-07-20 01:00:00,117912.5,118119.6,117855.5,117908.8,1947.937,229846430.0,50058.0,1137.546,134226770.0,117811.98,117990.15,118511.44,-68.418945,-87.94314,19.524189,51.58094,47.437557,46.55615,118365.09,117883.88,117402.68,120915.195,118389.625,115864.055,69.11788,60.278034,-19382.127,379.22772,524.8148,0.7225934,37.895065,117861.19,118051.25,118241.31,117626.02,118511.914,117245.9,118856.6,119294.71,119523.43,neutral,118856.6,117245.9,neutral,,,,117878.57,117811.98,118511.44,-118.53418,-131.80884,2132.4336,0.91348076,快速金叉,,,
2025-07-20 02:00:00,117908.9,117990.0,117741.4,117957.8,1316.441,155180320.0,38642.0,728.426,85866130.0,117870.32,117979.85,118482.42,-49.537952,-75.14141,25.603455,54.89945,48.723194,46.97066,118274.09,117865.29,117456.49,120824.72,118354.06,115883.41,76.66996,69.09564,-18065.686,366.16495,515.60767,0.710162,38.127655,117861.19,118051.25,118241.31,117626.02,118511.914,117245.9,118856.6,119294.71,119523.43,neutral,118856.6,117245.9,neutral,,,,117926.37,117870.32,118482.42,-103.617485,-122.41172,2136.2097,0.6162508,快速金叉,,,
2025-07-20 03:00:00,117957.8,118158.7,117714.2,117934.1,2982.063,351827600.0,58269.0,1592.825,187948020.0,117905.52,117970.195,118464.305,-38.011696,-62.764835,24.753141,52.855293,48.110256,46.789085,118187.484,117848.66,117509.836,120644.47,118305.82,115967.18,77.21906,74.33563,-21047.748,373.99847,513.2374,0.72870463,36.442963,117906.76,117613.35,117319.945,118269.79,116902.21,118856.6,116370.1,119532.93,119886.01,uptrend,118856.6,116370.1,fib_618_bounce_带量,117906.76,119532.93,0.6289966,117933.57,117905.52,118464.305,-92.64039,-112.487946,2228.7107,1.3380215,快速金叉,,,
2025-07-20 04:00:00,117934.2,118099.8,117856.7,117917.8,1362.972,160781940.0,35194.0,747.668,88197590.0,117926.2,117959.85,118437.32,-31.007769,-52.179146,21.17138,51.321964,47.66612,46.660748,118173.11,117867.26,117561.41,120492.03,118262.68,116033.32,76.639725,76.84292,-22410.72,360.90863,504.23282,0.7157579,34.926743,117906.76,117613.35,117319.945,118269.79,116902.21,118856.6,116370.1,119532.93,119886.01,uptrend,118856.6,116370.1,fib_618_bounce_缩量,117906.76,119532.93,0.6224412,117936.57,117926.2,118437.32,-84.28465,-103.086845,2183.8718,0.6241081,快速金叉,,,
2025-07-20 05:00:00,117917.9,117951.7,117769.0,117822.7,1110.499,130863080.0,27931.0,510.397,60144148.0,117908.24,117948.69,118393.89,-36.53117,-46.963154,10.431985,42.858902,45.05289,45.900875,118132.84,117852.766,117572.69,120304.16,118214.875,116125.586,70.73109,74.86329,-23521.22,343.08777,493.51508,0.69519204,34.190125,117319.945,117613.35,117906.76,116956.914,118324.49,116370.1,118856.6,119532.93,119886.01,neutral,118856.6,116370.1,neutral,,,,117891.53,117908.24,118393.89,-84.36396,-96.84589,2169.2627,0.5119246,快速死叉,,,
2025-07-20 06:00:00,117822.7,117859.9,117736.3,117797.2,819.781,96566120.0,23480.0,401.019,47237424.0,117885.92,117929.266,118358.7,-42.502865,-45.47639,2.9735258,40.756443,44.35077,45.694466,118110.945,117841.27,117571.6,120061.65,118163.06,116264.48,60.877815,69.41621,-24341.002,321.13898,481.18457,0.66739255,33.75892,117319.945,117613.35,117906.76,116956.914,118324.49,116370.1,118856.6,119532.93,119886.01,neutral,118856.6,116370.1,neutral,,,,117845.9,117885.92,118358.7,-85.49886,-93.063545,2127.845,0.3852635,快速死叉,,,
2025-07-20 07:00:00,117797.3,118214.0,117797.2,117984.3,2455.947,289875300.0,45024.0,1397.82,164969680.0,117891.22,117908.97,118337.414,-23.781347,-38.24471,14.463363,58.276833,50.452217,47.48688,118140.41,117855.4,117570.39,119733.414,118110.984,116488.55,56.828167,62.812355,-21885.055,330.70508,479.03842,0.6903519,31.0051,117906.76,117613.35,117319.945,118269.79,116902.21,118856.6,116370.1,119532.93,119886.01,uptrend,118856.6,116370.1,fib_golden_zone,117906.76,119532.93,0.6491856,117868.07,117891.22,118337.414,-70.488335,-85.538475,2141.7683,1.1466913,快速死叉,,,
2025-07-20 08:00:00,117984.3,118235.0,117984.3,118136.5,2519.383,297676450.0,57282.0,1258.516,148696370.0,117931.7,117901.18,118308.85,7.6045356,-22.961628,30.566164,67.42073,54.794247,48.906033,118227.695,117876.49,117525.29,119441.07,118068.945,116696.81,63.776657,60.494213,-19365.672,322.70456,471.42712,0.6845269,28.695332,117906.76,117613.35,117319.945,118269.79,116902.21,118856.6,116370.1,119532.93,119886.01,uptrend,118856.6,116370.1,fib_golden_zone,117906.76,119532.93,0.7103961,117972.664,117931.7,118308.85,-45.783348,-72.286766,2176.7605,1.1574001,快速金叉,零轴上穿,,
2025-07-20 09:00:00,118136.4,118261.6,117853.0,117891.5,2513.496,296741300.0,53245.0,1146.149,135335760.0,117926.44,117885.625,118265.02,0.6133189,-15.1033125,15.716632,47.762657,47.5679,46.799923,118212.56,117870.29,117528.02,119309.09,118039.64,116770.18,59.294956,59.96659,-21879.168,331.29413,469.3329,0.705883,26.233583,117906.76,117613.35,117319.945,118269.79,116902.21,118856.6,116370.1,119532.93,119886.01,uptrend,118856.6,116370.1,fib_618_bounce,117613.35,117906.76,0.6118641,118004.1,117926.44,118265.02,-45.45,-63.341175,2237.689,1.1232554,快速金叉,,,反转区
2025-07-20 10:00:00,117891.5,117986.2,117849.8,117880.0,1566.394,184718060.0,38302.0,675.933,79707470.0,117937.9,117871.96,118225.82,-5.6112895,-11.939305,6.3280153,47.012012,47.252888,46.702267,118192.766,117884.414,117576.06,119271.8,118024.49,116777.19,48.90459,57.3254,-23445.56,311.80472,458.23514,0.680447,24.046776,117906.76,117613.35,117319.945,118269.79,116902.21,118856.6,116370.1,119532.93,119886.01,uptrend,118856.6,116370.1,fib_618_bounce_缩量,117613.35,117906.76,0.60723907,117969.336,117937.9,118225.82,-45.588264,-57.42354,2045.8152,0.76565766,快速金叉,零轴下穿,,反转区
2025-07-20 11:00:00,117879.9,118075.5,117801.0,117869.2,2530.122,298322500.0,47652.0,1417.542,167150080.0,117952.3,117882.05,118183.97,-11.074934,-11.651181,0.5762471,46.216194,46.938507,46.607777,118155.54,117898.92,117642.305,119202.53,118004.18,116805.83,30.331263,46.176937,-25975.684,308.07425,452.11063,0.6814134,22.093395,117469.0,117808.45,118147.9,117049.0,118631.19,116370.1,119246.8,120029.266,120437.75,neutral,119246.8,116370.1,neutral,,,,117880.234,117952.3,118183.97,-46.038605,-53.62856,2019.4259,1.2528918,快速死叉,,,
2025-07-20 12:00:00,117869.2,118157.8,117701.1,118055.4,4160.222,490447840.0,78329.0,2152.134,253723840.0,117966.52,117883.47,118142.32,7.159721,-5.380881,12.540602,59.87757,52.77245,48.467285,118174.89,117920.16,117665.42,119068.5,117980.484,116892.47,40.605244,39.947033,-21815.46,322.9368,452.2636,0.7140455,20.432226,117649.99,118045.35,118440.71,117160.82,119003.59,116370.1,119720.6,120631.94,121107.7,neutral,119720.6,116370.1,neutral,,,,117934.87,117966.52,118142.32,-31.013216,-46.090115,2111.9075,1.9698884,快速死叉,零轴上穿,,
2025-07-20 13:00:00,118055.5,118383.0,118053.2,118378.7,2721.512,321558240.0,87070.0,1510.477,178493220.0,118014.96,117903.49,118102.87,57.49472,15.577653,41.91707,73.50843,60.82606,51.50118,118369.36,117960.46,117551.57,118952.21,117964.55,116976.88,63.632168,44.856224,-19093.95,323.62314,448.1815,0.7220805,19.879185,117649.99,118045.35,118440.71,117160.82,119003.59,116370.1,119720.6,120631.94,121107.7,neutral,119720.6,116370.1,neutral,,,,118101.1,118014.96,118102.87,6.902551,-28.425892,2153.7822,1.2635967,快速金叉,,,
2025-07-20 14:00:00,118378.7,118794.0,118251.2,118433.0,7345.781,870834370.0,143320.0,4156.539,492783680.0,118123.26,117934.28,118070.625,97.529144,42.894817,54.634327,75.161896,61.998196,51.992252,118530.73,117997.64,117464.555,118756.89,117944.64,117132.38,76.51648,60.251297,-11748.168,345.5408,451.33542,0.76559645,21.777283,118440.71,118045.35,117649.99,118929.88,117087.11,119720.6,116370.1,120631.94,121107.7,uptrend,119720.6,116370.1,fib_618_bounce_带量,118045.35,118440.71,0.6156992,118289.03,118123.26,118070.625,40.8616,-5.3300614,2449.6575,2.9986973,快速金叉,,,反转区
2025-07-20 15:00:00,118433.0,118764.2,118329.9,118669.3,2925.491,346957920.0,69760.0,1526.187,181010480.0,118281.12,117973.71,118058.35,150.74539,78.84501,71.90039,81.13871,66.6717,54.085186,118771.24,118051.96,117332.69,118739.695,117942.69,117145.68,84.976006,75.04155,-8822.677,354.41675,450.76758,0.7862516,23.485573,118440.71,118045.35,117649.99,118929.88,117087.11,119720.6,116370.1,120631.94,121107.7,uptrend,119720.6,116370.1,fib_golden_zone,118440.71,120631.94,0.68622595,118493.664,118281.12,118058.35,85.85217,25.064018,2462.0308,1.1882432,快速金叉,,,
2025-07-20 16:00:00,118669.4,118856.6,118450.0,118543.8,3846.844,456456450.0,88032.0,1922.571,228145010.0,118416.04,118000.64,118056.68,169.57436,109.08813,60.486233,70.61065,62.290203,52.820026,118892.78,118093.82,117294.86,118780.555,117951.086,117121.62,76.16269,79.21839,-12669.521,359.63507,449.29532,0.80044246,25.466162,118440.71,118045.35,117649.99,118929.88,117087.11,119720.6,116370.1,120631.94,121107.7,uptrend,119720.6,116370.1,fib_golden_zone_带量,118440.71,120631.94,0.64876884,118548.7,118416.04,118056.68,110.111435,53.413155,2585.716,1.4877286,快速金叉,,,
2025-07-20 17:00:00,118543.7,118543.8,117912.8,118003.4,5057.935,597915000.0,106919.0,2016.886,238433570.0,118405.64,118015.93,118040.94,115.506226,111.22749,4.278734,42.746758,47.741257,47.835617,118891.29,118098.77,117306.26,118782.8,117954.555,117126.31,62.560432,74.566376,-17727.455,386.77155,455.35214,0.84939,23.15985,117649.99,118045.35,118440.71,117160.82,119003.59,116370.1,119720.6,120631.94,121107.7,neutral,119720.6,116370.1,neutral,,,,118405.5,118405.64,118040.94,84.75431,63.860207,2558.9858,1.9765388,快速死叉,,,
2025-07-20 18:00:00,118003.4,118421.0,118003.4,118329.1,2996.497,354212830.0,65413.0,1306.967,154488830.0,118395.72,118047.51,118024.67,113.27154,111.908844,1.3626931,55.182426,54.620747,50.734203,118923.664,118128.15,117332.63,118794.48,117970.266,117146.06,51.14669,63.289936,-14730.959,389.8544,454.09375,0.85853285,21.08417,117649.99,118045.35,118440.71,117160.82,119003.59,116370.1,119720.6,120631.94,121107.7,neutral,119720.6,116370.1,neutral,,,,118292.1,118395.72,118024.67,89.90353,72.54131,2625.0232,1.1415125,快速死叉,,,
2025-07-20 19:00:00,118329.2,118549.4,118130.9,118131.2,1740.249,206060670.0,44552.0,785.754,93051680.0,118335.36,118065.27,118006.02,85.92057,103.246086,-17.325514,47.819523,50.288815,49.022003,118908.33,118150.19,117392.05,118792.336,117981.29,117170.24,39.244194,50.983772,-16471.207,392.71896,452.9073,0.86710674,19.61618,117649.99,118045.35,118440.71,117160.82,119003.59,116370.1,119720.6,120631.94,121107.7,neutral,119720.6,116370.1,neutral,,,,118154.57,118335.36,118006.02,77.12637,74.069664,2663.0173,0.6534877,快速死叉,,,
2025-07-20 20:00:00,118131.2,118245.3,117822.4,118062.4,3302.612,389743460.0,70246.0,1480.021,174674540.0,118213.98,118077.08,117981.625,56.83024,87.77413,-30.943897,45.36451,48.83866,48.434147,118879.086,118169.125,117459.164,118758.88,117996.58,117234.28,40.946198,43.779026,-19773.82,395.73706,451.90704,0.8757046,19.001017,117649.99,118045.35,118440.71,117160.82,119003.59,116370.1,119720.6,120631.94,121107.7,neutral,119720.6,116370.1,neutral,,,,118174.234,118213.98,117981.625,60.74853,69.62929,2761.109,1.196118,快速死叉,,,
2025-07-20 21:00:00,118062.4,118139.2,117800.0,117982.9,2752.05,324586020.0,60099.0,1207.101,142383340.0,118101.8,118080.43,117967.625,25.958479,67.168915,-41.210438,42.42803,47.14682,47.74968,118879.2,118169.03,117458.85,118726.21,118009.01,117291.805,28.600023,36.263474,-22525.87,390.08334,448.15015,0.87043005,18.5758,117649.99,118045.35,118440.71,117160.82,119003.59,116370.1,119720.6,120631.94,121107.7,neutral,119720.6,116370.1,neutral,,,,118058.836,118101.8,117967.625,40.882717,60.047096,2801.3145,0.98241377,快速死叉,,,
2025-07-20 22:00:00,117982.8,118029.9,116370.1,117438.6,19330.607,2263245000.0,318846.0,7879.69,922413500.0,117988.84,118058.04,117955.39,-59.79341,24.84814,-84.64155,27.967535,37.554684,43.40521,119009.734,118119.18,117228.625,118718.125,118010.375,117302.63,30.516712,33.354313,-41856.477,517.055,488.53848,1.0583712,22.565002,117649.99,118045.35,118440.71,117160.82,119003.59,116370.1,119720.6,115458.766,114982.99,downtrend,119720.6,116370.1,neutral,115458.766,117649.99,0.31890762,117827.97,117988.84,117955.39,-18.567509,33.842228,3702.023,5.221634,快速死叉,零轴下穿,,
2025-07-20 23:00:00,117438.5,117529.9,116907.3,117216.0,3734.967,437859940.0,104951.0,1807.9,211951660.0,117766.22,118022.72,117944.43,-144.10512,-31.46961,-112.635506,24.05569,34.466312,41.79636,119174.27,118070.93,116967.586,118764.3,118001.734,117239.164,31.433998,30.183578,-45591.445,527.6095,493.0072,1.0701863,26.155283,117649.99,118045.35,118440.71,117160.82,119003.59,116370.1,119720.6,115458.766,114982.99,neutral,119720.6,116370.1,neutral,,,,117545.836,117766.22,117944.43,-82.69099,-5.002177,3739.6682,0.99874294,快速死叉,,,
2025-07-21 00:00:00,117216.1,117333.1,116454.1,117323.6,6843.109,800031300.0,159753.0,3522.339,411886700.0,117604.7,117993.65,117940.5,-186.8225,-83.25391,-103.56859,29.60813,37.156586,42.85551,119258.96,118031.19,116803.414,118793.195,117994.945,117196.695,38.446278,33.465664,-38748.336,562.7486,505.87363,1.1124291,30.080652,117649.99,118045.35,118440.71,117160.82,119003.59,116370.1,119720.6,115458.766,114982.99,neutral,119720.6,116370.1,neutral,,,,117326.07,117604.7,117940.5,-123.404366,-44.46957,4013.675,1.7049484,快速死叉,,,
2025-07-21 01:00:00,117323.6,117410.9,116732.5,117262.9,3644.1,426677340.0,96409.0,1672.415,195858660.0,117444.8,117962.46,117934.836,-219.2791,-128.59563,-90.68346,28.24884,36.252457,42.405186,119336.74,117987.875,116639.016,118831.61,117982.27,117132.94,37.778023,35.886097,-42392.438,574.3137,511.6245,1.1225297,33.102478,117649.99,118045.35,118440.71,117160.82,119003.59,116370.1,119720.6,115458.766,114982.99,neutral,119720.6,116370.1,neutral,,,,117267.5,117444.8,117934.836,-158.73814,-82.5591,4140.355,0.8801419,快速死叉,,,
2025-07-21 02:00:00,117262.8,118175.4,117262.8,118156.0,5854.834,689728200.0,123106.0,3288.001,387335330.0,117479.42,117978.336,117950.164,-132.28038,-129.82388,-2.4564927,59.872078,53.99147,50.346687,119348.86,117995.06,116641.27,118836.04,117991.13,117146.234,53.75423,43.326176,-36537.6,608.14233,524.99036,1.1583877,31.778954,117649.99,118045.35,118440.71,117160.82,119003.59,116370.1,119720.6,115458.766,114982.99,neutral,119720.6,116370.1,neutral,,,,117580.836,117479.42,117950.164,-113.36789,-92.8287,4392.1074,1.3330352,快速金叉,,,
2025-07-21 03:00:00,118156.0,118585.0,118096.6,118374.8,5314.686,629138100.0,114003.0,2808.224,332440260.0,117666.66,118005.836,117968.26,-43.052483,-100.90008,57.8476,64.3615,57.138256,52.023254,119347.945,117994.79,116641.63,118857.086,117998.43,117139.78,71.141785,54.224678,-31222.916,596.1681,523.7707,1.1382235,29.022917,117649.99,118045.35,118440.71,117160.82,119003.59,116370.1,119720.6,115458.766,114982.99,neutral,119720.6,116370.1,neutral,,,,117931.234,117666.66,117968.26,-59.07532,-81.57757,4535.0444,1.1719148,快速金叉,,,
2025-07-21 04:00:00,118374.8,118617.9,118232.9,118306.7,2937.977,347940480.0,66937.0,1595.112,188921500.0,117884.8,118021.19,117984.98,12.083942,-63.23874,75.322685,61.848907,55.857708,51.463757,119318.2,117985.766,116653.32,118865.61,118001.03,117136.445,86.20447,70.36683,-34160.895,575.0513,519.14496,1.1076893,26.422457,117649.99,118045.35,118440.71,117160.82,119003.59,116370.1,119720.6,115458.766,114982.99,neutral,119720.6,116370.1,neutral,,,,118279.164,117884.8,117984.98,-21.29766,-61.48427,4555.974,0.64486253,快速金叉,零轴上穿,,
2025-07-21 05:00:00,118306.7,118398.2,118144.0,118397.9,2253.293,266487620.0,50549.0,1182.514,139858240.0,118099.66,118033.64,117998.37,60.837738,-21.879913,82.71765,64.04214,57.239815,52.176304,119231.22,117966.375,116701.54,118874.29,118003.086,117131.875,88.95924,82.10183,-31907.6,542.9662,510.31348,1.0639856,24.406178,117649.99,118045.35,118440.71,117160.82,119003.59,116370.1,119720.6,115458.766,114982.99,neutral,119720.6,116370.1,neutral,,,,118359.8,118099.66,117998.37,15.818142,-35.716797,4542.9644,0.4959962,快速金叉,,,
2025-07-21 06:00:00,118397.8,119246.8,118250.4,119158.6,8419.092,1001052000.0,151508.0,5264.455,625872260.0,118478.8,118093.98,118025.07,182.31348,46.184547,136.12892,76.94162,66.62616,57.55323,119498.71,118010.29,116521.875,119009.375,118024.17,117038.97,91.10066,88.75479,-23488.508,588.3096,526.51636,1.1173624,24.120535,117649.99,118045.35,118440.71,117160.82,119003.59,116370.1,119720.6,115458.766,114982.99,neutral,119720.6,116370.1,neutral,,,,118621.07,118478.8,118025.07,105.39983,11.322079,4885.599,1.7232466,快速金叉,,,
2025-07-21 07:00:00,119158.5,119720.6,119140.0,119352.2,8184.407,977242940.0,134286.0,4706.904,562097500.0,118718.04,118164.08,118051.07,285.22784,125.86565,159.3622,79.161285,68.5201,58.77357,119891.21,118106.63,116322.06,119165.31,118047.734,116930.16,91.95617,90.67203,-15304.101,587.5386,528.31915,1.1120902,24.959246,117649.99,118045.35,118440.71,117160.82,119003.59,116370.1,119720.6,115458.766,114982.99,neutral,119720.6,116370.1,neutral,,,,118969.57,118718.04,118051.07,189.82765,70.82394,5168.3135,1.583574,快速金叉,,,
2025-07-21 08:00:00,119352.3,119496.2,118752.3,118990.2,6867.681,818005600.0,114670.0,2498.458,297694050.0,118841.12,118217.46,118073.875,307.83545,186.52225,121.3132,65.42281,61.49303,55.67728,120048.8,118153.86,116258.914,119243.62,118064.8,116885.98,87.765175,90.274,-22171.781,603.17474,535.5052,1.1263658,24.220915,117649.99,118045.35,118440.71,117160.82,119003.59,116370.1,119720.6,115458.766,114982.99,neutral,119720.6,116370.1,neutral,,,,119167.0,118841.12,118073.875,224.93404,122.19397,5303.686,1.2948883,快速金叉,,,
2025-07-21 09:00:00,118990.3,119080.8,118511.8,118680.1,3829.631,454777800.0,79831.0,1807.459,214646930.0,118915.8,118247.21,118085.84,280.0984,217.7143,62.384094,55.752705,56.178055,53.19393,120126.63,118193.06,116259.49,119279.59,118075.7,116871.81,77.18003,85.6338,-26001.412,599.75726,536.6217,1.1176538,22.709034,117649.99,118045.35,118440.71,117160.82,119003.59,116370.1,119720.6,115458.766,114982.99,neutral,119720.6,116370.1,neutral,,,,119007.5,118915.8,118085.84,225.13837,156.50877,5359.0923,0.71460444,快速金叉,,,
2025-07-21 10:00:00,118680.0,118800.4,118313.6,118553.9,4056.745,480939840.0,78026.0,2022.376,239796350.0,118947.0,118255.555,118092.58,239.48375,224.97078,14.512967,52.096622,54.127666,52.213486,120176.07,118228.17,116280.27,119304.51,118085.63,116866.766,65.11631,76.68717,-30058.158,588.46155,534.96094,1.1000084,20.672907,117649.99,118045.35,118440.71,117160.82,119003.59,116370.1,119720.6,115458.766,114982.99,neutral,119720.6,116370.1,neutral,,,,118741.4,118947.0,118092.58,212.66554,175.22769,5194.6406,0.78094816,快速死叉,,,
2025-07-21 11:00:00,118553.9,118775.1,118035.0,118045.0,4324.144,512083550.0,85531.0,1826.418,216387200.0,118724.28,118237.08,118088.11,146.09732,198.67963,-52.582302,39.81368,46.722218,48.48554,120176.5,118232.61,116288.71,119300.43,118082.44,116864.44,39.434174,60.57684,-34382.3,603.62537,541.79895,1.1141133,19.273203,117649.99,118045.35,118440.71,117160.82,119003.59,116370.1,119720.6,115458.766,114982.99,neutral,119720.6,116370.1,neutral,,,,118426.336,118724.28,118088.11,159.87383,170.10974,5264.573,0.8213665,快速死叉,,,
2025-07-21 12:00:00,118044.9,118567.3,117726.7,118140.3,9945.474,1174896900.0,170475.0,4485.403,529916200.0,118481.9,118211.88,118088.75,88.83784,162.0657,-73.22786,42.762062,48.152767,49.188343,120125.95,118282.73,116439.5,119287.95,118077.03,116866.11,24.622416,43.057632,-24436.828,627.3228,551.759,1.1369509,18.926208,117649.99,118045.35,118440.71,117160.82,119003.59,116370.1,119720.6,115458.766,114982.99,neutral,119720.6,116370.1,neutral,,,,118246.4,118481.9,118088.75,124.29315,154.83754,5569.5044,1.7857018,快速死叉,,,
2025-07-21 13:00:00,118140.3,119075.0,117850.5,118805.9,9796.164,1161089700.0,181820.0,5401.958,640495000.0,118445.04,118224.37,118100.04,124.76046,149.63062,-24.870155,59.09139,56.864365,53.747494,120067.02,118396.29,116725.56,119329.62,118087.15,116844.68,25.15387,29.73682,-14640.664,687.0406,574.18365,1.1965519,17.211056,117649.99,118045.35,118440.71,117160.82,119003.59,116370.1,119720.6,115458.766,114982.99,neutral,119720.6,116370.1,neutral,,,,118330.4,118445.04,118100.04,148.0964,152.5905,5806.416,1.6871275,快速死叉,,,
2025-07-21 14:00:00,118805.8,119200.0,118389.0,118794.3,7527.749,894657860.0,173944.0,3417.909,406276700.0,118467.88,118262.03,118111.77,145.48415,148.24846,-2.7643118,58.750595,56.685604,53.66069,119959.43,118501.34,117043.26,119371.9,118098.67,116825.445,42.803886,30.860056,-22168.412,699.4365,582.0775,1.2016208,16.059032,117649.99,118045.35,118440.71,117160.82,119003.59,116370.1,119720.6,115458.766,114982.99,neutral,119720.6,116370.1,neutral,,,,118580.164,118467.88,118111.77,164.13261,156.43787,6032.9785,1.2477666,快速金叉,,,
2025-07-21 15:00:00,118794.4,119111.8,118209.5,118304.1,6129.504,727154300.0,140127.0,2843.862,337458780.0,118417.92,118260.836,118114.8,99.169426,131.88878,-32.719357,45.744083,49.590874,50.121914,119677.45,118575.71,117473.98,119377.01,118101.414,116825.82,45.542236,37.833332,-28297.918,719.72284,592.75165,1.2142065,14.516171,117649.99,118045.35,118440.71,117160.82,119003.59,116370.1,119720.6,115458.766,114982.99,neutral,119720.6,116370.1,neutral,,,,118634.766,118417.92,118114.8,135.72188,149.53253,6252.4414,0.9803377,快速金叉,,,
2025-07-21 16:00:00,118304.2,118381.0,117437.9,117726.7,11503.186,1355500000.0,211756.0,4872.79,574197700.0,118354.26,118241.58,118108.9,-2.9132013,86.95479,-89.86799,35.073692,42.796364,46.39385,119778.82,118545.05,117311.28,119374.766,118102.8,116830.836,32.177544,40.174557,-39801.1,742.06055,604.4299,1.2277033,15.335489,117649.99,118045.35,118440.71,117160.82,119003.59,116370.1,119720.6,115458.766,114982.99,neutral,119720.6,116370.1,neutral,,,,118275.03,118354.26,118108.9,65.85565,121.64024,6662.47,1.7265648,快速死叉,零轴下穿,,
2025-07-21 17:00:00,117726.3,118080.3,117283.0,117815.3,6756.533,795016260.0,137134.0,2837.927,334016000.0,118289.26,118229.81,118101.94,-63.52244,36.79571,-100.31815,37.676266,44.062843,47.019382,119847.234,118505.086,117162.94,119375.39,118098.59,116821.8,23.585554,33.768444,-33044.57,747.58453,610.8589,1.2238252,16.437849,117649.99,118045.35,118440.71,117160.82,119003.59,116370.1,119720.6,115458.766,114982.99,neutral,119720.6,116370.1,neutral,,,,117948.7,118289.26,118101.94,17.434475,86.90498,6862.6943,0.9845307,快速死叉,,,
2025-07-21 18:00:00,117815.2,118197.0,117033.0,117116.3,6712.745,789242700.0,134911.0,2807.122,330205100.0,117951.34,118188.54,118078.82,-185.96928,-37.459286,-148.51,27.521938,37.086624,42.930786,120104.94,118420.055,116735.18,119416.47,118081.76,116747.05,15.214122,23.659073,-39757.316,789.2261,629.29694,1.2541393,18.004879,117649.99,118045.35,118440.71,117160.82,119003.59,116370.1,119720.6,115458.766,114982.99,neutral,119720.6,116370.1,neutral,,,,117552.766,117951.34,118078.82,-76.461716,32.44942,6231.8013,1.0771757,快速死叉,,,
2025-07-21 19:00:00,117116.4,117485.7,116600.0,116724.7,8632.123,1009333600.0,170943.0,3889.542,454918270.0,117537.42,118154.55,118050.695,-312.63184,-129.18347,-183.44836,23.39992,33.852962,40.871094,120395.8,118300.54,116205.29,119496.766,118060.52,116624.27,12.13584,16.978506,-48389.438,798.8735,637.8437,1.2524595,20.30198,117649.99,118045.35,118440.71,117160.82,119003.59,116370.1,119720.6,115458.766,114982.99,neutral,119720.6,116370.1,neutral,,,,117218.766,117537.42,118050.695,-180.39449,-38.49855,6476.6587,1.3328049,快速死叉,,,
2025-07-21 20:00:00,116724.7,117227.1,116566.9,116889.7,4874.757,570012200.0,108683.0,2823.826,330222300.0,117254.54,118139.01,118026.97,-374.16586,-210.84427,-163.3216,28.652782,36.37042,42.08228,120353.07,118138.48,115923.89,119549.71,118041.49,116533.266,6.9664974,11.43882,-43514.68,785.0061,638.5889,1.2292824,22.434134,117649.99,118045.35,118440.71,117160.82,119003.59,116370.1,119720.6,115458.766,114982.99,neutral,119720.6,116370.1,neutral,,,,116910.234,117254.54,118026.97,-246.60513,-107.86741,6378.241,0.7642792,快速死叉,,,
2025-07-21 21:00:00,116889.6,117338.7,116824.4,117171.7,2186.201,256056140.0,59295.0,1133.748,132794320.0,117143.54,118131.77,118009.195,-375.2529,-265.64716,-109.60576,37.234943,40.535824,44.106506,120079.15,117982.73,115886.31,119572.9,118025.36,116477.82,13.341531,10.814623,-41328.48,757.9355,634.4459,1.1946416,23.793913,117649.99,118045.35,118440.71,117160.82,119003.59,116370.1,119720.6,115458.766,114982.99,neutral,119720.6,116370.1,neutral,,,,116928.7,117143.54,118009.195,-273.17352,-162.96945,6305.346,0.3467218,快速死叉,,,
2025-07-21 22:00:00,117171.8,117596.6,117061.0,117307.6,2997.316,351797700.0,59536.0,1631.708,191522860.0,117042.0,118133.91,118002.95,-351.3368,-294.21036,-57.126434,41.21083,42.489708,45.0637,119850.81,117862.54,115874.27,119585.984,118017.87,116449.75,21.119593,13.809207,-38331.164,735.70197,631.15106,1.1656511,23.765585,117649.99,118045.35,118440.71,117160.82,119003.59,116370.1,119720.6,115458.766,114982.99,neutral,119720.6,116370.1,neutral,,,,117123.0,117042.0,118002.95,-280.0351,-201.99133,6162.47,0.48638222,快速金叉,,,
2025-07-21 23:00:00,117307.7,117471.0,117062.6,117330.2,2294.397,269081120.0,59675.0,1230.295,144287520.0,117084.78,118094.58,117990.53,-323.83176,-304.08417,-19.747591,41.92458,42.826153,45.225075,119677.75,117766.125,115854.49,119597.13,118011.15,116425.164,27.030928,20.49735,-36036.766,702.97174,623.7261,1.1270521,23.740088,117649.99,118045.35,118440.71,117160.82,119003.59,116370.1,119720.6,115458.766,114982.99,neutral,119720.6,116370.1,neutral,,,,117269.836,117084.78,117990.53,-280.41684,-228.13318,6011.456,0.38167077,快速金叉,,,
2025-07-22 00:00:00,117330.2,117475.1,116968.2,117073.1,3217.248,377040480.0,73584.0,1283.479,150439220.0,117154.46,118032.59,117974.73,-327.18597,-311.78476,-15.40121,36.10658,39.96201,43.713913,119526.375,117660.35,115794.33,119624.21,117997.445,116370.69,28.675768,25.608763,-39254.016,683.36456,619.83185,1.1025,24.022596,117649.99,118045.35,118440.71,117160.82,119003.59,116370.1,119720.6,115458.766,114982.99,neutral,119720.6,116370.1,neutral,,,,117236.97,117154.46,117974.73,-298.02972,-251.43202,6025.4194,0.5339459,快速金叉,,,
2025-07-22 01:00:00,117073.2,117947.1,115865.0,117700.0,17120.201,2002993700.0,289551.0,7390.694,865281800.0,117316.52,118003.7,117973.19,-248.54509,-290.70486,42.159782,54.190826,48.93065,48.089222,119477.49,117635.71,115793.92,119624.66,117995.16,116365.664,45.528263,33.744987,-22133.814,823.2381,668.5741,1.2313341,26.784464,117649.99,118045.35,118440.71,117160.82,119003.59,116370.1,119720.6,115458.766,114982.99,neutral,119720.6,116370.1,neutral,,,,117367.766,117316.52,117973.19,-258.4235,-253.76251,6768.765,2.5292947,快速金叉,,,
2025-07-22 02:00:00,117700.1,117777.9,116914.4,116980.0,4952.129,581199500.0,108342.0,2075.739,243662240.0,117278.18,117936.19,117957.805,-272.215,-284.54156,12.326583,39.290073,41.299885,44.0234,119407.05,117552.83,115698.62,119655.414,117976.51,116297.6,51.468166,41.89073,-27085.943,827.2643,675.07166,1.2254467,29.270144,117649.99,118045.35,118440.71,117160.82,119003.59,116370.1,119720.6,115458.766,114982.99,neutral,119720.6,116370.1,neutral,,,,117251.03,117278.18,117957.805,-281.88388,-263.1363,6595.417,0.750844,快速死叉,,,
2025-07-22 03:00:00,116980.0,117250.3,116643.0,117177.0,5821.568,680979600.0,122091.0,2902.876,339629660.0,117252.06,117841.82,117943.5,-259.2785,-276.12054,16.842052,44.188812,43.878773,45.331657,119017.336,117436.48,115855.62,119670.695,117961.875,116253.05,63.171387,53.38927,-21264.375,805.2679,672.8126,1.1968681,31.961664,117649.99,118045.35,118440.71,117160.82,119003.59,116370.1,119720.6,115458.766,114982.99,neutral,119720.6,116370.1,neutral,,,,117285.664,117252.06,117943.5,-281.33707,-269.20322,6477.275,0.8987681,快速金叉,,,
2025-07-22 04:00:00,117176.9,117325.0,116487.0,116500.0,4763.47,556802400.0,120619.0,2083.907,243646350.0,117086.02,117706.01,117922.38,-323.3922,-291.87778,-31.514433,33.387478,37.742172,41.854126,118584.13,117272.6,115961.06,119738.36,117932.72,116127.08,47.10813,53.915894,-26027.846,808.5411,678.31885,1.191978,34.63209,117649.99,118045.35,118440.71,117160.82,119003.59,116370.1,119720.6,115458.766,114982.99,neutral,119720.6,116370.1,neutral,,,,116885.664,117086.02,117922.38,-331.70825,-290.03824,6372.0645,0.74755526,快速死叉,,,
2025-07-22 05:00:00,116500.1,117318.0,116484.2,117289.3,5448.567,637499600.0,111233.0,2931.15,342955680.0,117129.26,117625.01,117915.66,-268.1288,-283.96146,15.832633,50.008606,47.04142,46.778316,118229.83,117200.12,116170.41,119743.62,117919.82,116096.02,53.97275,54.750755,-20579.277,811.06696,683.5015,1.1866351,37.04014,117649.99,118045.35,118440.71,117160.82,119003.59,116370.1,119720.6,115458.766,114982.99,neutral,119720.6,116370.1,neutral,,,,116988.766,117129.26,117915.66,-304.4286,-294.83502,6453.011,0.8443449,快速死叉,,,
2025-07-22 06:00:00,117289.5,117799.9,117222.6,117799.7,4793.463,563448260.0,111209.0,2493.897,293148000.0,117149.2,117583.086,117916.4,-163.70274,-243.87521,80.17247,57.928326,52.03104,49.63173,118257.836,117205.33,116152.82,119741.89,117917.46,116093.03,63.941853,55.00758,-15785.815,787.6903,679.9615,1.1584337,36.39168,117649.99,118045.35,118440.71,117160.82,119003.59,116370.1,119720.6,115458.766,114982.99,neutral,119720.6,116370.1,neutral,,,,117196.336,117149.2,117916.4,-238.87068,-276.18024,6489.847,0.73860955,快速金叉,,,
2025-07-22 07:00:00,117799.7,118554.9,117720.8,117959.5,10627.959,1255927900.0,198760.0,5336.48,630577340.0,117345.1,117554.78,117918.99,-68.51262,-185.42102,116.9084,60.229694,53.50797,50.49143,118320.64,117215.625,116110.62,119744.29,117920.195,116096.1,79.73095,65.88185,-5157.856,792.33124,685.0994,1.15652,32.777546,117649.99,118045.35,118440.71,117160.82,119003.59,116370.1,119720.6,115458.766,114982.99,neutral,119720.6,116370.1,neutral,,,,117682.836,117345.1,117918.99,-172.0379,-241.46613,6805.0376,1.5617781,快速金叉,,,
2025-07-22 08:00:00,117959.5,118330.6,117441.5,118257.9,7020.282,827197060.0,152904.0,3657.983,431044500.0,117561.28,117564.92,117925.16,34.23403,-112.20267,146.4367,64.464455,56.218754,52.07168,118635.67,117297.17,115958.67,119757.71,117929.41,116101.11,86.58155,76.75145,1862.426,802.0081,691.8995,1.1591396,30.361105,117649.99,118045.35,118440.71,117160.82,119003.59,116370.1,119720.6,115458.766,114982.99,neutral,119720.6,116370.1,neutral,,,,118005.7,117561.28,117925.16,-93.911514,-192.28125,6658.7783,1.0542898,快速金叉,零轴上穿,,
2025-07-22 09:00:00,118257.9,118638.0,117837.7,118356.3,5655.649,668966850.0,122256.0,2939.609,347784420.0,117932.54,117575.2,117933.15,116.44406,-35.98709,152.43115,65.86288,57.106903,52.58792,118877.25,117413.71,115950.18,119772.98,117936.85,116100.73,85.55512,83.95588,7518.075,801.83734,695.5128,1.1528721,27.523434,117649.99,118045.35,118440.71,117160.82,119003.59,116370.1,119720.6,115458.766,114982.99,neutral,119720.6,116370.1,neutral,,,,118191.234,117932.54,117933.15,-23.781584,-136.1147,6451.7524,0.87660664,快速金叉,,,
2025-07-22 10:00:00,118356.3,118945.8,118251.5,118945.6,7124.057,845256000.0,111629.0,4233.906,502517300.0,118263.8,117581.86,117950.79,239.85469,55.960167,183.89452,73.224884,62.069523,55.553852,119340.72,117560.56,115780.41,119831.34,117953.03,116074.72,92.93063,88.35577,14642.132,791.08356,695.4724,1.1374766,25.92933,117649.99,118045.35,118440.71,117160.82,119003.59,116370.1,119720.6,115458.766,114982.99,neutral,119720.6,116370.1,neutral,,,,118519.93,118263.8,117950.79,78.44422,-64.59506,6431.568,1.1076703,快速金叉,,,
2025-07-22 11:00:00,118945.6,119199.9,118766.0,119142.2,7098.797,844717900.0,130464.0,3379.367,402171600.0,118532.3,117598.42,117972.36,343.12045,151.68027,191.44019,75.29831,63.58328,56.493145,119792.164,117701.31,115610.46,119915.08,117978.05,116041.016,95.90284,91.46287,21740.93,755.36523,686.7533,1.0999076,25.223364,117649.99,118045.35,118440.71,117160.82,119003.59,116370.1,119720.6,115458.766,114982.99,neutral,119720.6,116370.1,neutral,,,,118814.7,118532.3,117972.36,173.3249,14.711594,6480.032,1.0954878,快速金叉,,,
2025-07-22 12:00:00,119142.2,119422.6,119019.2,119280.6,6802.521,811138050.0,126862.0,3299.667,393484220.0,118796.52,117644.92,117996.695,423.14468,242.1684,180.97629,76.7754,64.65273,57.152573,120201.79,117842.24,115482.695,120010.99,118006.055,116001.125,97.67821,95.50389,28543.45,720.1687,677.3082,1.0632807,25.190767,117649.99,118045.35,118440.71,117160.82,119003.59,116370.1,119720.6,115458.766,114982.99,neutral,119720.6,116370.1,neutral,,,,119122.8,118796.52,117996.695,256.72687,95.38335,6244.999,1.0892749,快速金叉,,,
2025-07-22 13:00:00,119280.6,119582.3,117996.1,118135.1,19999.848,2377335800.0,287761.0,9142.661,1087206400.0,118771.96,117664.375,118002.27,334.95935,273.09872,61.860622,48.67178,51.240105,50.587566,120231.74,117899.734,115567.73,120016.17,118011.375,116006.58,82.110085,91.89704,8543.603,806.77185,707.6046,1.140145,23.616232,117649.99,118045.35,118440.71,117160.82,119003.59,116370.1,119720.6,115458.766,114982.99,neutral,119720.6,116370.1,neutral,,,,118852.63,118771.96,118002.27,227.7657,139.5108,6907.165,2.8955219,快速金叉,,,
2025-07-22 14:00:00,118135.1,118557.2,117522.0,118543.4,9891.905,1167220000.0,143881.0,5620.521,663325440.0,118809.38,117699.04,118015.6,313.50967,286.56903,26.940634,55.452755,54.83662,52.595398,120283.484,118004.76,115726.03,120037.09,118021.13,116005.18,68.142715,82.64367,18435.508,829.6146,718.5244,1.1546088,23.322195,117649.99,118045.35,118440.71,117160.82,119003.59,116370.1,119720.6,115458.766,114982.99,neutral,119720.6,116370.1,neutral,,,,118653.03,118809.38,118015.6,235.05064,171.3574,7066.123,1.3999056,快速死叉,,,
