open_time,开盘价,最高价,最低价,收盘价,成交量,成交额,成交笔数,主动买入量,主动买入额,MA20,MA50,MA_LONG,MACD,MACD_Signal,MACD_Hist,RSI,RSI_Long,BB_Upper,BB_Middle,BB_Lower,BB_Long_Upper,BB_Long_Middle,BB_Long_Lower,Stoch_SlowK,Stoch_SlowD,OBV,ATR,ATR_Long,ATR_Ratio,ADX,Fib_Ret_0.382,Fib_Ret_0.500,Fib_Ret_0.618,Fib_Ret_0.236,Fib_Ret_0.786,Fib_Ret_0.000,Fib_Ret_1.000,Fib_Ext_1.272,Fib_Ext_1.414,Fib_Trend,Fib_High,Fib_Low,Fib_Signal,Fib_Support_Level,Fib_Resistance_Level,Fib_Price_Position,MA150,MA200,MACD_Long,MACD_Long_Signal
2024-12-13,99982.3,101869.5,99149.6,101371.9,152437.31,15327839000.0,3042727.0,76027.66,7643586600.0,,,,,,,,,,,,,,,,,152437.31,,,,,,,,,,,,,,neutral,,,neutral,,,,,,,
2024-12-14,101371.9,102638.0,100559.8,101381.0,107680.55,10931716000.0,2229858.0,53113.633,5393209300.0,,,,,,,,,,,,,,,,,260117.86,,,,,,,,,,,,,,neutral,,,neutral,,,,,,,
2024-12-15,101381.0,105374.6,101200.1,104460.4,157733.92,16239310000.0,3101360.0,84467.83,8698623000.0,,,,,,,,,,,,,,,,,417851.78,,,,,,,,,,,,,,neutral,,,neutral,,,,,,,
2024-12-16,104460.5,107777.0,103264.6,106023.2,274395.75,28967203000.0,5278040.0,138944.34,14670106000.0,,,,,,,,,,,,,,,,,692247.56,,,,,,,,,,,,,,neutral,,,neutral,,,,,,,
2024-12-17,106023.2,108366.8,105252.0,106074.6,197773.9,21115020000.0,4179052.0,99997.28,10677742000.0,,,,,,,,,,,,,,,,,890021.44,,,,,,,,,,,,,,neutral,,,neutral,,,,,,,
2024-12-18,106074.6,106484.6,99951.1,100181.1,328581.94,33924250000.0,6216898.0,155604.9,16069942000.0,,,,,,,,,,,,,,,,,561439.5,,,,,,,,,,,,,,neutral,,,neutral,,,,,,,
2024-12-19,100181.2,102756.7,95681.2,97434.4,372968.47,37081223000.0,7425449.0,179453.92,17848003000.0,,,,,,,,,,,,,,,,,188471.05,,,,,,,,,,,,,,neutral,,,neutral,,,,,,,
2024-12-20,97434.3,98243.0,92272.6,97764.4,396188.78,37958726000.0,7747092.0,192090.03,18404614000.0,,,,,,,,,,,,,,,,,584659.9,,,,,,,,,,,,,,neutral,,,neutral,,,,,,,
2024-12-21,97764.5,99485.0,96375.0,97261.8,161258.48,15758502000.0,3335893.0,80347.266,7853654000.0,,,,,,,,,,,,,,,,,423401.38,,,,,,,,,,,,,,neutral,,,neutral,,,,,,,
2024-12-22,97261.7,97437.9,94200.0,95153.5,148114.73,14215964000.0,3134938.0,70507.414,6767629000.0,,,,,,,,,,,,,,,,,275286.62,,,,,,,,,,,,,,neutral,,,neutral,,,,,,,
2024-12-23,95153.4,96499.0,92464.4,94861.1,247211.86,23352439000.0,5207668.0,121829.03,11510199000.0,,,,,,,,,,,,,,,,,28074.777,,,,,,,,,,,,,,neutral,,,neutral,,,,,,,
2024-12-24,94861.0,99450.0,93525.6,98627.2,211610.62,20467194000.0,3920298.0,109376.055,10580880000.0,,,,,,,,,,,,,,,,,239685.4,,,,,,,,,,,,,,neutral,,,neutral,,,,,,,
2024-12-25,98626.9,99580.7,97570.0,99379.7,124696.89,12284102000.0,2722825.0,62253.484,6133707300.0,,,,,,,,,,,,,,,,,364382.3,,,,,,,,,,,,,,neutral,,,neutral,,,,,,,
2024-12-26,99379.6,99950.0,95153.0,95751.0,194857.66,18828964000.0,3878316.0,95170.88,9195864000.0,,,,,,,,,,,,,,,,,169524.66,,,,,,,,,,,,,,neutral,,,neutral,,,,,,,
2024-12-27,95750.9,97564.5,93440.0,94258.9,206008.25,19664749000.0,4086656.0,102046.14,9741715000.0,,,,,,,36.43365,,,,,,,,,,-36483.594,4335.6,,,,,,,,,,,,,neutral,,,neutral,,,,,,,
2024-12-28,94258.9,95700.0,94100.0,95259.1,67991.35,6441586700.0,1613529.0,35331.938,3347872000.0,,,,,,,38.942368,,,,,,,,,,31507.758,4140.2,,,,,,,,,,,,,neutral,,,neutral,,,,,,,
2024-12-29,95259.1,95300.0,92961.8,93700.0,95047.94,8949367000.0,1990464.0,44931.74,4231864600.0,,,,,,,36.522682,,,,,,,,,,-63540.176,4011.4856,,,,,,,,,,,,,neutral,,,neutral,,,,,,,
2024-12-30,93699.9,95031.6,91510.0,92759.3,222343.6,20718760000.0,4401173.0,111061.0,10352744000.0,,,,,,,35.10535,,,,,,,,11.61222,14.123847,-285883.78,3976.494,,,,,,,,,,,,,neutral,,,neutral,,,,,,,
2024-12-31,92759.3,96254.3,92000.0,93548.9,178648.11,16839153000.0,3535447.0,91654.17,8640104000.0,,,,,,,37.304653,,,,,,,,9.965336,11.611088,-107235.66,3996.3372,,,,,,,,,,,,,neutral,,,neutral,,,,,,,
2025-01-01,93548.8,95161.2,92796.5,94580.9,91236.66,8572615000.0,1804360.0,45712.48,4296719400.0,,,,,,,40.15916,,,,,,,,16.110624,12.562727,-15998.994,3879.7917,,,,,,,,,,,,,neutral,,,neutral,,,,,,,
2025-01-02,94580.9,97822.4,94357.4,96967.5,181645.5,17520374000.0,3485887.0,91670.016,8844274000.0,97942.85,,,,,,46.253548,,105811.53,97942.85,90074.17,,,,35.194313,20.423426,165646.5,3850.1636,,,,,,,,,,,,,neutral,,,neutral,,,,,,,
2025-01-03,96967.6,98949.0,96061.5,98145.7,125220.67,12191508000.0,2447503.0,62635.65,6100957000.0,97789.23,,,,,,49.014164,45.404537,105508.67,97789.23,90069.77,,,,56.863087,36.056007,290867.2,3781.402,,,,,,,,,,,,,neutral,,,neutral,,,,,,,
2025-01-04,98145.7,98760.9,97438.2,98173.2,71914.63,7047067000.0,1425236.0,34608.53,3391666200.0,97636.47,,,,,,49.079906,45.44941,105190.76,97636.47,90082.18,,,,74.07741,55.37827,362781.8,3605.7805,,,,,,,,,,,,,neutral,,,neutral,,,,,,,
2025-01-05,98173.2,98852.6,97227.0,98340.2,74949.29,7346604500.0,1416760.0,36787.547,3606330400.0,97345.03,,,,,,49.505707,45.733814,104269.78,97345.03,90420.28,,,,79.49882,70.14644,437731.1,3464.3389,,,,,,,,,,,,,neutral,,,neutral,,,,,,,
2025-01-06,98340.2,102444.0,97872.6,102180.4,207493.33,20828553000.0,3872847.0,106223.516,10662927000.0,97162.04,,,,,,58.168224,51.801163,103320.52,97162.04,91003.56,,,,85.82119,79.79914,645224.44,3543.4148,,,,,,,,,,,,,neutral,,,neutral,,,,,,,
2025-01-07,102180.5,102762.1,96153.0,96920.3,258711.31,25560000000.0,4469033.0,124202.164,12272380000.0,96726.125,,,,,,46.42087,44.62521,101421.62,96726.125,92030.63,,,,75.53276,80.284256,386513.12,3762.3923,,,,,,,,,,,,,neutral,,,neutral,,,,,,,
2025-01-08,96920.2,97242.2,92500.0,95014.1,262012.11,24890489000.0,5034341.0,125746.04,11946831000.0,96480.08,,,,,,43.02947,42.39074,100962.27,96480.08,91997.88,,,,58.93783,73.430595,124501.01,3832.3784,,,,,,,,,,,,,neutral,,,neutral,,,,,,,
2025-01-09,95014.0,95358.7,91055.8,92505.9,257760.9,23994410000.0,4976061.0,122609.98,11417562000.0,96245.38,,,,,,38.992752,39.647915,101010.33,96245.38,91480.445,,,,30.537224,55.002605,-133259.89,3865.9873,,,21.891533,,,,,,,,,,neutral,,,neutral,,,,,,,
2025-01-10,92506.0,95882.5,92173.6,94675.5,261942.95,24636484000.0,4889944.0,131544.77,12376535000.0,96098.3,,,,,,43.895737,42.99777,100857.3,96098.3,91339.3,,,,24.816683,38.097244,128683.055,3854.7666,,,21.72375,,,,,,,,,,neutral,,,neutral,,,,,,,
2025-01-11,94675.6,94988.0,93802.1,94562.5,64661.76,6101597700.0,1369972.0,31163.719,2940960300.0,95969.76,,,,,,43.69875,42.867645,100741.91,95969.76,91197.61,,,,24.421324,26.591743,64021.293,3664.1333,,,21.56795,,,,,,,,,,neutral,,,neutral,,,,,,,
2025-01-12,94562.4,95444.0,93661.1,94499.9,77298.13,7302019600.0,1571748.0,38243.258,3613115400.0,95938.63,,,,,,43.58207,42.792316,100740.11,95938.63,91137.164,,,,30.099178,26.445728,-13276.839,3529.7595,,,21.235828,,,,,,,,,,neutral,,,neutral,,,,,,,
2025-01-13,94499.9,95934.5,88909.0,94485.3,361150.5,33357740000.0,6407451.0,174597.8,16132784000.0,95920.734,,,,,,43.55286,42.77391,100740.91,95920.734,91100.57,,,,33.209885,29.243462,-374427.34,3779.4553,,,22.100496,,,,,,,,,,neutral,,,neutral,,,,,,,
2025-01-14,94485.4,97353.9,94305.4,96514.9,212859.66,20455516000.0,4065158.0,109290.336,10503730000.0,95820.16,,,,,,48.69994,46.154583,100496.22,95820.16,91144.086,,,,41.52598,34.945015,-161567.67,3727.2441,,,22.33401,,,,,,,,,,neutral,,,neutral,,,,,,,
2025-01-15,96514.9,100658.9,96450.2,100460.0,222417.56,21890263000.0,4026826.0,114044.234,11227791000.0,95871.59,,,-901.8204,-1675.9965,774.1761,56.922413,51.94827,100723.625,95871.59,91019.56,,,,59.513035,44.749634,60849.9,3761.6338,,,21.383417,,,,,,,,,,neutral,,,neutral,,,,,,,
2025-01-16,100460.0,100850.0,97293.6,99937.4,216802.52,21512694000.0,3912749.0,106931.95,10609333000.0,96070.945,,,-525.90497,-1445.9781,920.0732,55.64995,51.182274,101221.59,96070.945,90920.3,,,,72.631874,57.890297,-155952.62,3746.9744,,,20.438015,,,,,,,,,,neutral,,,neutral,,,,,,,
2025-01-17,99937.4,105784.0,99902.0,104042.5,249449.97,25723722000.0,4489396.0,129505.27,13354795000.0,96536.836,,,102.08129,-1136.3662,1238.4475,62.702972,56.47563,102631.05,96536.836,90442.62,,,,84.22389,72.12293,93497.34,3899.476,,,19.809341,,,,,,,,,,neutral,,,neutral,,,,,,,
2025-01-18,104042.6,104962.1,102242.8,104524.3,167940.1,17403566000.0,3308318.0,82838.625,8586609700.0,96978.03,,,631.3642,-782.8202,1414.1843,63.437893,57.049557,103920.81,96978.03,90035.26,,,,87.27491,81.37689,261437.44,3815.178,,,19.225573,,,,,,,,,,neutral,,,neutral,,,,,,,
2025-01-19,104524.3,106450.0,99600.0,101311.5,280949.2,29174847000.0,5347056.0,139324.61,14473673000.0,97340.484,,,782.55774,-469.7446,1252.3024,55.573975,52.227554,104355.25,97340.484,90325.73,,,,84.30696,85.268585,-19511.738,4031.951,,,17.869787,,,,,,,,,,neutral,,,neutral,,,,,,,
2025-01-20,101311.5,110000.0,99501.0,102247.6,530508.2,55636480000.0,10954393.0,264671.22,27754752000.0,97792.31,,,966.7708,-182.44151,1149.2123,57.237305,53.43174,104790.836,97792.31,90793.79,,,,75.49466,82.35884,510996.44,4493.883,,,17.527388,,,,,,,,,,neutral,,,neutral,,,,,,,
2025-01-21,102247.7,107241.6,100097.2,106114.5,273296.8,28422392000.0,6773872.0,137255.69,14280891000.0,98390.67,,,1408.5507,135.75691,1272.7937,63.342857,58.02133,105960.98,98390.67,90820.37,,,,71.8421,77.21458,784293.25,4683.2056,,,17.209446,,,,,,,,,,neutral,,,neutral,,,,,,,
2025-01-22,106115.4,106390.0,103211.6,103664.9,151243.53,15829574000.0,3771385.0,74815.09,7830997500.0,98823.24,,,1543.2129,417.2481,1125.9647,57.72064,54.451748,106510.57,98823.24,91135.914,,,,71.59452,72.9771,633049.75,4575.7197,,,16.914213,,,,,,,,,,neutral,,,neutral,,,,,,,
2025-01-23,103664.9,106840.2,101211.0,103864.1,418154.03,43515003000.0,8556453.0,206938.75,21543148000.0,99151.66,,,1647.0216,663.2028,983.8188,58.046738,54.689766,107079.305,99151.66,91224.0,,,,74.14932,72.52865,1051203.8,4650.9683,,,15.969515,,,,,,,,,,neutral,,,neutral,,,,,,,
2025-01-24,103864.0,107076.5,102680.0,104808.1,165746.95,17435124000.0,3964568.0,83393.69,8775082000.0,99468.91,,,1784.8885,887.54,897.34863,59.635624,55.838074,107736.12,99468.91,91201.7,,,,72.08462,72.60949,1216950.8,4632.792,,,15.164186,,,,,,,,,,neutral,,,neutral,,,,,,,
2025-01-25,104808.0,105274.7,104040.6,104702.0,65630.164,6869072000.0,1653111.0,32840.336,3437604600.0,99779.805,,,1864.0996,1082.8519,781.24774,59.363495,55.67157,108315.41,99779.805,91244.2,,,,73.7237,73.319214,1151320.5,4390.0283,,,14.41638,,,,,,,,,,neutral,,,neutral,,,,,,,
2025-01-26,104702.0,105496.9,102450.3,102560.1,75787.086,7903655400.0,1627122.0,35869.344,3742535000.0,99980.75,,,1734.0524,1213.092,520.96045,54.00581,52.361893,108569.85,99980.75,91391.66,,,,71.662796,72.49037,1075533.5,4294.069,,,13.615245,,,,,,,,,,neutral,,,neutral,,,,,,,
2025-01-27,102560.0,103216.5,97680.0,102021.3,325689.88,32694557000.0,7400145.0,156956.5,15756518000.0,99973.18,,,1569.4211,1284.3578,285.0633,52.716908,51.552387,108554.78,99973.18,91391.57,,,,62.922604,69.43637,749843.56,4382.814,,,14.225773,,,,,,,,,,neutral,,,neutral,,,,,,,
2025-01-28,102021.3,103797.0,100235.0,101279.6,169917.27,17380446000.0,3946858.0,83140.625,8505452000.0,100180.766,,,1363.3844,1300.1631,63.22124,50.915485,50.425594,108667.305,100180.766,91694.22,,,,49.84313,61.476177,579926.3,4324.1846,,,14.574289,,,,,,,,,,neutral,,,neutral,,,,,,1208.8435,917.73395
2025-01-29,101279.7,104755.0,101269.7,103698.2,169989.95,17464740000.0,3968545.0,85699.01,8805219000.0,100594.29,,,1379.3591,1316.0023,63.356846,56.17459,53.87731,108877.37,100594.29,92311.21,,,,45.069714,52.611816,749916.25,4264.264,,,14.535588,,,,,,,,,,neutral,,,neutral,,,,,,1277.8397,989.7551
2025-01-30,103698.1,106450.0,103224.5,104676.9,136967.4,14403072000.0,3003472.0,69611.53,7320676400.0,101173.86,,,1454.2288,1343.6476,110.58118,58.12958,55.202583,108788.266,101173.86,93559.45,,,,47.613132,47.50866,886883.7,4190.067,,,13.888291,,,,,,,,,,neutral,,,neutral,,,,,,1379.3772,1067.6796
2025-01-31,104676.9,106000.0,101509.0,102379.7,172237.81,17878626000.0,3554639.0,84961.164,8819625000.0,101540.73,,,1313.0625,1337.5306,-24.468096,52.23913,51.551903,108588.72,101540.73,94492.734,,,,48.44815,47.043667,714645.9,4211.562,,,13.797827,,,,,,,,,,neutral,,,neutral,,,,,,1344.4349,1123.0306
2025-02-01,102379.8,102734.9,100215.0,100603.6,90863.09,9240331000.0,2078447.0,41605.58,4232004000.0,101828.4,,,1045.8153,1279.1875,-233.37227,48.174488,48.925232,108171.516,101828.4,95485.28,,,,39.55682,45.206036,623782.75,4090.729,4044.402,1.0114546,14.075037,,,,,,,,,,neutral,,,neutral,,,,,,1219.0321,1142.2308
2025-02-02,100603.6,101426.0,96029.6,97664.5,232934.69,22949597000.0,4938568.0,110296.11,10866285000.0,101979.09,,,590.0573,1141.3615,-551.3042,42.307976,44.946095,107742.5,101979.09,96215.69,,,,24.526678,37.510548,390848.06,4183.991,4071.442,1.0276436,15.318959,,,,,,,,,,neutral,,,neutral,,,,,,958.76245,1105.5372
2025-02-03,97664.5,102456.0,91130.3,101293.7,455088.03,43861860000.0,9447064.0,223647.34,21568874000.0,102303.305,,,515.7665,1016.2425,-500.476,50.348373,50.197693,107013.86,102303.305,97592.75,,,,32.838516,32.30734,845936.1,4694.1133,4216.5273,1.1132653,17.32832,,,,,,,,,,neutral,,,neutral,,,,,,912.89813,1067.0094
2025-02-04,101293.6,101729.3,96100.0,97709.9,262746.2,26009379000.0,5493800.0,129124.32,12780935000.0,102360.21,,,165.79657,846.1533,-680.35675,43.849426,45.67967,106811.42,102360.21,97909.0,,,,38.68209,32.015762,583189.94,4760.912,4244.7827,1.1215916,19.194155,,,,,,,,,,neutral,,,neutral,,,,,,689.9296,991.59344
2025-02-05,97710.0,99124.2,96106.1,96553.2,151379.67,14787603000.0,3469799.0,75494.664,7375762000.0,102174.17,99253.37,,-202.55817,636.411,-838.9692,41.966545,44.32758,107215.02,102174.17,97133.32,,,,46.11705,39.21255,431810.25,4636.426,4220.249,1.0986142,20.926714,,,,,,,,,,neutral,,,neutral,,,,,,438.00696,880.87616
2025-02-06,96553.2,99093.0,95613.5,96515.1,161521.02,15732382000.0,3536819.0,81877.09,7976520700.0,102011.2,99165.06,,-491.88614,410.7516,-902.6377,41.90272,44.28225,107529.445,102011.2,96492.96,,,,36.345753,40.38163,270289.22,4553.788,4205.434,1.0828342,22.622173,,,,,,,,,,neutral,,,neutral,,,,,,218.518,748.40454
2025-02-07,96515.0,100112.4,95555.0,96454.5,223373.62,21837468000.0,4285021.0,109960.02,10751019000.0,101649.875,99075.49,,-717.79626,185.042,-902.83826,41.793842,44.206745,107567.99,101649.875,95731.75,,,,34.176655,38.879818,46915.598,4554.046,4212.473,1.081086,23.725054,,,,,,,,,,neutral,,,neutral,,,,,,26.73237,604.07007
2025-02-08,96454.5,96850.0,95600.0,96411.9,69050.43,6644122600.0,1556064.0,33693.24,3242334200.0,101263.57,98929.16,,-890.00964,-29.968317,-860.0413,41.711796,44.151184,107434.42,101263.57,95092.71,,,,34.332787,34.951733,-22134.832,4318.043,4153.2236,1.0396847,24.749157,,,,,,,,,,neutral,,,neutral,,,,,,-139.50801,455.35446
2025-02-09,96412.0,97301.7,94650.1,96423.6,101177.29,9736103000.0,2020676.0,48790.48,4695821300.0,101030.81,98754.62,,-1013.85876,-226.7464,-787.11237,41.74562,44.171417,107536.516,101030.81,94525.1,,,,34.59402,34.36782,79042.45,4199.011,4123.1914,1.0183886,25.908009,,,,,,,,,,neutral,,,neutral,,,,,,-280.361,308.21136
2025-02-10,96423.6,98328.0,95200.1,97379.2,132932.55,12909987000.0,2797120.0,66003.414,6410343000.0,100798.984,98596.52,,-1023.10736,-386.0186,-637.0888,44.574726,45.853943,107459.84,100798.984,94138.12,,,,36.606026,35.177612,211975.0,4122.5034,4103.2856,1.0046835,26.462053,,,,,,,,,,neutral,,,neutral,,,,,,-351.6085,176.2474
2025-02-11,97379.2,98482.2,94814.3,95731.4,154832.9,14974331000.0,2870437.0,78111.3,7555540500.0,100304.55,98515.62,,-1150.1426,-538.8434,-611.2992,40.88731,43.48134,106854.27,100304.55,93754.82,,,,35.125362,35.441803,57142.094,4090.0315,4094.578,0.9988897,27.073925,,,,,,,,,,neutral,,,neutral,,,,,,-493.15707,42.36651
2025-02-12,95731.4,98090.9,94003.9,97816.3,202448.08,19439639000.0,3777676.0,101345.23,9733748000.0,100026.04,98522.56,,-1070.2477,-645.12427,-425.12344,46.875477,47.11662,106477.17,100026.04,93574.914,,,,38.155666,36.629017,259590.17,4089.815,4094.4263,0.9988738,27.848305,,,,,,,,,,neutral,,,neutral,,,,,,-507.4703,-67.60085
2025-02-13,97816.3,98053.8,95160.1,96560.6,142240.53,13680787000.0,2882655.0,70609.21,6791245300.0,99678.26,98500.67,,-1095.6252,-735.2244,-360.4008,43.985416,45.27502,106051.24,99678.26,93305.27,,,,36.732086,36.671036,117349.65,4004.3782,4070.4116,0.9837772,28.567371,,,,,,,,,,neutral,,,neutral,,,,,,-579.95575,-170.07184
2025-02-14,96560.6,98792.8,96225.7,97445.1,144452.95,14050947000.0,2698910.0,72407.9,7044416500.0,99327.64,98504.01,,-1032.4637,-794.6723,-237.79147,46.488113,46.81258,105332.69,99327.64,93322.586,,,,44.859577,39.915775,261802.61,3901.7156,4040.3455,0.9656886,28.79292,,,,,,,,,,neutral,,,neutral,,,,,,-594.8061,-255.01868
2025-02-15,97445.2,97941.2,97170.0,97538.0,47418.594,4625304000.0,1122506.0,23589.945,2301136600.0,98986.49,98547.36,,-963.8015,-828.49817,-135.30336,46.757187,46.97687,104527.57,98986.49,93445.42,,,,49.17074,43.587467,309221.2,3678.1072,3974.9626,0.9253187,29.002356,,,,,,,,,,neutral,,,neutral,,,,,,-599.88403,-323.99176
2025-02-16,97538.0,97665.8,96002.0,96067.0,56684.87,5495964700.0,1178659.0,28140.783,2728106500.0,98677.3,98569.29,,-1016.3675,-866.072,-150.29549,43.064663,44.68215,104109.805,98677.3,93244.8,,,,51.527153,48.519157,252536.33,3534.2283,3928.7393,0.8995833,29.567562,,,,,,,,,,neutral,,,neutral,,,,,,-674.7763,-394.14865
2025-02-17,96067.0,97000.0,95150.6,95743.2,105576.984,10136668000.0,2123453.0,52837.37,5073257500.0,98378.34,98516.85,,-1071.7994,-907.2175,-164.58188,42.273273,44.18332,103732.26,98378.34,93024.42,,,,40.89305,47.196983,146959.34,3413.8833,3887.1526,0.87824786,30.346157,,,,,,,,,,neutral,,,neutral,,,,,,-751.6253,-465.64398
2025-02-18,95743.1,96737.3,93321.6,95622.0,179173.36,17034411000.0,3299676.0,88832.52,8445743000.0,98108.93,98448.52,,-1112.683,-948.3106,-164.37244,41.962433,43.990303,103420.99,98108.93,92796.875,,,,33.32592,41.915375,-32214.023,3414.0132,3877.7234,0.88041687,31.559284,,,,,,,,,,neutral,,,neutral,,,,,,-819.63306,-536.4418
2025-02-19,95622.0,96878.7,95012.5,96598.0,124996.875,11992997000.0,2363817.0,63086.71,6053367000.0,97770.83,98463.93,,-1054.1766,-969.4838,-84.69287,45.44154,45.98549,102487.3,97770.83,93054.36,,,,34.87897,36.365982,92782.85,3303.455,3837.493,0.86083674,32.585728,,,,,,,,,,neutral,,,neutral,,,,,,-824.88153,-594.12976
2025-02-20,96597.9,98662.1,96366.0,98252.9,129180.17,12598925000.0,2405719.0,64867.84,6326977000.0,97464.92,98536.55,,-864.3102,-948.4491,84.13892,50.824417,49.20683,101046.89,97464.92,93882.95,,,,51.58008,39.928326,221963.02,3231.501,3806.665,0.84890604,32.34696,,,,,,,,,,neutral,,,neutral,,,,,,-742.4996,-623.8037
2025-02-21,98252.8,99431.5,94830.4,96127.9,250618.27,24420590000.0,4068903.0,124529.31,12133862000.0,97167.22,98552.34,,-875.22034,-933.80334,58.58302,44.7227,45.544647,100033.49,97167.22,94300.945,,,,55.598457,47.3525,-28655.252,3329.3296,3822.554,0.87096995,32.609764,,,,,,,,,,neutral,,,neutral,,,,,,-774.60046,-653.9631
2025-02-22,96128.0,96988.0,95701.9,96503.3,65792.15,6345520000.0,1273107.0,32970.24,3180377600.0,96971.97,98603.31,,-843.8477,-915.8122,71.96451,45.95705,46.28617,99400.484,96971.97,94543.445,,,,56.87408,54.684204,37136.9,3183.3845,3771.8247,0.84399056,32.853794,,,,,,,,,,neutral,,,neutral,,,,,,-779.40375,-679.0512
2025-02-23,96503.3,96602.9,95180.2,96218.4,69298.69,6647362600.0,1246308.0,32959.316,3161812700.0,96903.1,98666.2,,-832.3786,-899.1255,66.7469,45.133343,45.789307,99331.18,96903.1,94475.03,,,,48.472153,53.648228,-32161.793,3057.6213,3724.8423,0.8208727,33.24672,,,,,,,,,,neutral,,,neutral,,,,,,-793.8585,-702.01263
2025-02-24,96218.4,96470.0,91300.0,91514.5,217488.75,20543195000.0,3909950.0,104378.44,9865665000.0,96437.43,98629.21,,-1189.1469,-957.12976,-232.01714,34.22585,38.605015,99061.766,96437.43,93813.09,,,,34.041325,46.462517,-249650.55,3208.5056,3753.7454,0.8547478,34.605522,,,,,,,,,,neutral,,,neutral,,,,,,-1037.4431,-769.09875
2025-02-25,91514.5,92500.0,86020.4,88639.1,472296.5,41894200000.0,8369213.0,230468.66,20442958000.0,96005.484,98521.18,,-1684.4913,-1102.602,-581.8893,29.528118,35.073,100178.734,96005.484,91832.234,,,,23.191944,35.235138,-721947.06,3442.1553,3808.2625,0.903865,36.71466,,,,,,,,,,neutral,,,neutral,,,,,,-1384.2906,-892.13715
2025-02-26,88639.1,89367.1,82222.0,84208.5,401141.8,34536660000.0,6847973.0,193276.12,16645210000.0,95417.64,98289.2,,-2406.8235,-1363.4463,-1043.3771,24.050344,30.550756,101935.695,95417.64,88899.59,,,,11.235765,22.823011,-1123088.9,3706.6514,3874.9993,0.95655537,39.086834,,,,,,,,,,neutral,,,neutral,,,,,,-1895.4539,-1092.8005
2025-02-27,84208.6,87066.0,82667.0,84668.1,269408.53,22931081000.0,5083388.0,134703.89,11467445000.0,94853.5,98044.16,,-2908.6616,-1672.4894,-1236.1722,25.592358,31.512587,102790.29,94853.5,86916.71,,,,15.094356,16.507355,-853680.3,3756.1047,3885.4792,0.96670306,41.28957,,,,,,,,,,neutral,,,neutral,,,,,,-2300.0413,-1334.2487
2025-02-28,84668.2,85084.5,78200.2,84299.6,536343.25,43686396000.0,9672296.0,262633.6,21393440000.0,94274.695,97791.91,,-3298.0886,-1997.6093,-1300.4794,25.15143,31.149403,103351.06,94274.695,85198.33,,,,18.161682,14.830601,-1390023.6,3979.5474,3945.4558,1.0086408,43.722687,,,,,,,,,,neutral,,,neutral,,,,,,-2652.8882,-1597.9766
2025-03-01,84299.6,86516.5,83779.0,86007.7,146996.67,12515888000.0,3014683.0,74405.41,6335244000.0,93779.26,97567.68,,-3429.3516,-2283.9578,-1145.3938,31.078901,34.806313,103451.195,93779.26,84107.32,,,,26.571846,19.942627,-1243026.9,3890.8296,3921.2966,0.99223036,45.24732,,,,,,,,,,neutral,,,neutral,,,,,,-2855.9028,-1849.5618
2025-03-02,86007.7,94971.0,85015.0,94222.8,364711.53,32943383000.0,6300424.0,186997.22,16884420000.0,93674.46,97422.99,,-2837.7761,-2394.7214,-443.05484,51.12589,48.594448,103276.95,93674.46,84071.96,,,,46.989586,30.574371,-878315.4,4324.056,4041.9907,1.0697838,43.46026,,,,,,,,,,neutral,,,neutral,,,,,,-2604.4458,-2000.5386
2025-03-03,94222.0,94373.4,85029.0,86192.7,436032.4,39107650000.0,8664891.0,212309.8,19040500000.0,93141.766,97227.945,,-2982.5298,-2512.2832,-470.2467,39.141262,39.927444,103097.71,93141.766,83185.82,,,,49.96177,41.1744,-1314347.8,4682.652,4148.039,1.1288834,41.800846,86917.65,90766.75,94615.85,82155.2,100095.93,74457.0,107076.5,65584.49,60952.527,downtrend,107076.5,74457.0,neutral,65584.49,86917.65,0.3597756,,,-2777.9329,-2156.0173
2025-03-04,86193.3,88931.0,81200.0,87245.9,432434.8,36591014000.0,9150619.0,214743.47,18174067000.0,92737.695,97086.71,,-2977.9358,-2605.4136,-372.52216,41.09171,41.36757,102926.49,92737.695,82548.9,,,,51.905754,49.619038,-881912.94,4900.391,4219.698,1.1613132,40.971436,86917.65,90766.75,94615.85,82155.2,100095.93,74457.0,107076.5,65584.49,60952.527,downtrend,107076.5,74457.0,fib_382_reject,86917.65,90766.75,0.39206302,,,-2859.7146,-2296.7568
2025-03-05,87245.9,91000.0,86328.0,90566.1,279001.1,24826778000.0,5960009.0,139026.34,12372571000.0,92392.445,97051.44,,-2675.5408,-2619.439,-56.10163,46.872284,45.678192,102358.4,92392.445,82426.49,,,,46.164703,49.344078,-602911.9,4884.0776,4228.744,1.1549711,39.57135,86917.65,90766.75,94615.85,82155.2,100095.93,74457.0,107076.5,115949.01,120580.98,neutral,107076.5,74457.0,neutral,,,,,,-2749.3296,-2387.2715
2025-03-06,90566.1,92780.3,87790.5,89887.8,303058.62,27350634000.0,6061685.0,151593.36,13681706000.0,92074.695,96964.39,,-2462.2402,-2587.9993,125.75898,45.881733,44.969,101913.5,92074.695,82235.89,,,,51.966045,50.01217,-905970.5,4891.629,4243.9653,1.1526082,37.759243,86678.33,90453.5,94228.67,82007.35,99603.5,74457.0,106450.0,115152.09,119695.1,neutral,106450.0,74457.0,neutral,,,,,,-2675.1187,-2444.8408
2025-03-07,89887.9,91257.7,84600.0,86753.8,452474.2,39785180000.0,8215927.0,223754.97,19681724000.0,91565.586,96822.414,,-2517.0706,-2573.8135,56.742928,41.51618,41.819115,101346.41,91565.586,81784.766,,,,52.940018,50.356922,-1358444.8,5017.777,4292.2397,1.1690346,36.703663,86678.33,90453.5,94228.67,82007.35,99603.5,74457.0,106450.0,65754.91,61211.9,downtrend,106450.0,74457.0,fib_382_reject,86678.33,90453.5,0.3843591,,,-2754.9927,-2506.871
2025-03-08,86753.8,86876.5,85108.0,86184.7,96106.19,8274280000.0,2043283.0,47297.676,4072452000.0,91024.95,96671.23,,-2576.7427,-2574.3994,-2.3432174,40.7578,41.267963,100679.805,91024.95,81370.1,,,,47.987995,50.964687,-1454550.9,4785.686,4241.765,1.1282299,35.723484,86678.33,90453.5,94228.67,82007.35,99603.5,74457.0,106450.0,65754.91,61211.9,downtrend,106450.0,74457.0,fib_382_reject,65754.91,86678.33,0.3665708,,,-2837.9648,-2573.0898
2025-03-09,86184.7,86470.6,79933.4,80688.8,221609.34,18439154000.0,4087644.0,106112.91,8831517000.0,90292.66,96420.38,,-3032.5488,-2666.0293,-366.51962,34.250896,36.40304,100616.34,90292.66,79968.97,,,,34.178818,45.03561,-1676160.2,4910.794,4287.674,1.1453283,35.70127,86678.33,90453.5,94228.67,82007.35,99603.5,74457.0,106450.0,65754.91,61211.9,downtrend,106450.0,74457.0,neutral,65754.91,86678.33,0.19478635,,,-3169.5115,-2692.3743
2025-03-10,80690.7,84031.5,77410.1,78567.8,416386.8,33576468000.0,7504174.0,208814.0,16845572000.0,89474.78,96094.07,,-3524.2998,-2837.6833,-686.61633,32.11971,34.743355,100629.57,89474.78,78319.99,,,,21.20051,34.455776,-2092547.0,5032.98,4334.348,1.161185,36.041122,86678.33,90453.5,94228.67,82007.35,99603.5,74457.0,106450.0,65754.91,61211.9,downtrend,106450.0,74457.0,neutral,65754.91,86678.33,0.12849061,,,-3543.1863,-2862.5366
2025-03-11,78567.8,83600.0,76560.0,82896.0,390779.16,31496850000.0,6700221.0,195834.16,15789737000.0,88868.78,95774.73,,-3524.142,-2974.975,-549.167,40.285213,40.55086,100004.59,88868.78,77732.96,108310.22,96414.47,84518.72,18.20936,24.529564,-1701767.9,5176.339,4388.4614,1.1795338,36.47395,86678.33,90453.5,94228.67,82007.35,99603.5,74457.0,106450.0,65754.91,61211.9,downtrend,106450.0,74457.0,neutral,65754.91,86678.33,0.26377645,,,-3628.5522,-3015.7397
2025-03-12,82896.0,84487.0,80578.5,83640.7,306171.12,25257040000.0,5204106.0,151645.58,12511699000.0,88251.766,95478.42,,-3424.4512,-3064.8704,-359.58087,41.5872,41.49155,99036.51,88251.766,77467.02,108363.445,96215.24,84067.03,26.48859,21.966154,-1395596.8,5085.779,4378.8623,1.1614385,36.57088,86506.43,90228.5,93950.57,81901.15,99249.8,74457.0,106000.0,65877.305,61398.2,downtrend,106000.0,74457.0,neutral,65877.305,86506.43,0.2911486,,,-3646.1624,-3141.8242
2025-03-13,83640.7,84307.1,79903.4,81085.4,247960.05,20339091000.0,4136157.0,122081.99,10013322000.0,87434.266,95061.02,,-3511.1624,-3154.1287,-357.03357,38.486378,39.253696,97650.32,87434.266,77218.21,108495.586,95987.2,83478.81,32.484383,25.727446,-1643556.8,5037.059,4379.359,1.1501818,36.767624,85259.16,88595.95,91932.74,81130.586,96683.43,74457.0,102734.9,66765.414,62749.95,downtrend,102734.9,74457.0,neutral,66765.414,85259.16,0.23440214,,,-3770.7532,-3267.61
2025-03-14,81085.5,85270.2,80772.0,83939.8,233544.7,19480400000.0,3668098.0,117011.97,9762569000.0,86853.88,94686.76,,-3311.3835,-3185.5796,-125.803955,43.549755,42.867916,96390.664,86853.88,77317.09,108387.69,95756.63,83125.58,34.374195,31.115723,-1410012.1,4998.569,4381.736,1.1407738,36.59591,85152.62,88456.5,91760.38,81064.766,96464.21,74457.0,102456.0,66841.27,62865.414,downtrend,102456.0,74457.0,neutral,66841.27,85152.62,0.33868352,,,-3715.7046,-3357.229
2025-03-15,83939.9,84625.0,83564.5,84302.9,76674.97,6452002300.0,1360801.0,39046.914,3285717800.0,86272.91,94377.51,,-3088.1602,-3166.0957,77.93566,44.179207,43.318356,94823.01,86272.91,77722.81,108180.03,95512.586,82845.14,35.573116,34.143898,-1333337.1,4717.2783,4315.311,1.0931491,36.43646,85152.62,88456.5,91760.38,81064.766,96464.21,74457.0,102456.0,66841.27,62865.414,downtrend,102456.0,74457.0,neutral,66841.27,85152.62,0.35165185,,,-3631.9045,-3412.164
2025-03-16,84303.0,85136.0,81925.6,82541.6,174630.7,14560230000.0,2961719.0,87189.04,7268416000.0,85621.63,94019.22,,-3018.5798,-3136.5925,118.012825,41.747467,41.646004,93052.58,85621.63,78190.69,108004.83,95248.17,82491.51,38.5729,36.173405,-1507967.8,4609.644,4293.213,1.0737051,36.596268,84875.016,88093.15,91311.28,80893.266,95893.03,74457.0,101729.3,67038.94,63166.27,downtrend,101729.3,74457.0,neutral,67038.94,84875.016,0.29643998,,,-3630.161,-3455.7634
2025-03-17,82541.6,84727.1,82384.0,83962.9,182662.08,15243761000.0,3126276.0,89902.77,7503060500.0,85262.03,93616.46,,-2816.2854,-3072.5312,256.24576,44.40671,43.494373,92234.21,85262.03,78289.85,107997.68,95065.945,82134.2,40.424927,38.190315,-1325305.8,4447.748,4254.2104,1.0454932,36.74466,84257.36,87284.7,90312.04,80511.67,94622.14,74457.0,100112.4,67478.734,63835.664,downtrend,100112.4,74457.0,fib_382_reject,67478.734,84257.36,0.37052238,,,-3539.4543,-3472.5017
2025-03-18,83963.0,83979.8,81113.5,82666.1,188897.75,15546965000.0,3234435.0,93706.24,7712643600.0,84977.6,93234.664,,-2729.1467,-3003.8542,274.70758,42.50034,42.213387,91862.3,84977.6,78092.914,108082.49,94900.01,81717.516,38.954582,39.317467,-1514203.5,4334.7876,4226.452,1.0256326,37.12666,84257.36,87284.7,90312.04,80511.67,94622.14,74457.0,100112.4,67478.734,63835.664,downtrend,100112.4,74457.0,neutral,67478.734,84257.36,0.31997553,,,-3509.043,-3479.8098
2025-03-19,82666.2,86990.0,82501.8,86809.8,251961.73,21278400000.0,4041006.0,130453.8,11024873000.0,85101.48,92924.586,,-2299.2227,-2862.928,563.70526,49.901268,47.40999,92019.88,85101.48,78183.07,108054.35,94776.92,81499.484,48.825237,42.734913,-1262241.8,4345.7456,4231.6875,1.0269533,36.217445,84257.36,87284.7,90312.04,80511.67,94622.14,74457.0,100112.4,107090.67,110733.734,neutral,100112.4,74457.0,neutral,,,,,,-3258.311,-3435.51
2025-03-20,86809.8,87500.0,83613.6,84183.6,242943.48,20712135000.0,3647609.0,122401.86,10433709000.0,85078.41,92549.59,,-2145.683,-2719.479,573.7959,45.871433,44.732986,92005.664,85078.41,78151.14,108082.48,94629.98,81177.47,50.901775,46.2272,-1505185.2,4312.935,4224.7817,1.0208658,35.17577,83997.26,86944.25,89891.24,80350.984,94086.95,74457.0,99431.5,67663.94,64117.56,downtrend,99431.5,74457.0,fib_382_reject,83997.26,86944.25,0.38946125,,,-3158.9536,-3380.1987
2025-03-21,84183.6,84813.6,83122.0,84050.3,144422.27,12128213000.0,2379726.0,72427.43,6083061000.0,85066.53,92174.11,,-2011.57,-2577.8972,566.3273,45.66983,44.598774,91999.945,85066.53,78133.125,108140.68,94505.22,80869.76,61.175873,53.634296,-1649607.5,4125.697,4174.1177,0.98839974,34.334682,83997.26,86944.25,89891.24,80350.984,94086.95,74457.0,99431.5,67663.94,64117.56,downtrend,99431.5,74457.0,fib_382_reject,83997.26,86944.25,0.3841238,,,-3064.8733,-3317.1338
2025-03-22,84050.3,84509.0,83589.5,83804.9,52218.652,4391946000.0,881860.0,24657.383,2074332500.0,84961.64,91833.11,,-1903.1477,-2442.9473,539.79956,45.275337,44.34161,91901.57,84961.64,78021.71,108201.42,94380.99,80560.56,62.186794,58.088146,-1701826.1,3896.6829,4109.0254,0.9483229,33.553673,83997.26,86944.25,89891.24,80350.984,94086.95,74457.0,99431.5,67663.94,64117.56,downtrend,99431.5,74457.0,fib_382_reject,67663.94,83997.26,0.3742978,,,-2981.3804,-3249.9832
2025-03-23,83804.9,86110.9,83761.2,86044.2,90899.875,7717260300.0,1395203.0,48358.4,4106148400.0,84572.18,91542.62,,-1617.8795,-2277.9336,660.05414,49.5572,47.25562,90179.516,84572.18,78964.85,108140.61,94239.61,80338.61,73.79464,65.7191,-1610926.2,3786.184,4073.839,0.9293897,32.13649,83997.26,86944.25,89891.24,80350.984,94086.95,74457.0,99431.5,106224.56,109770.945,neutral,99431.5,74457.0,neutral,,,,,,-2783.1218,-3156.6108
2025-03-24,86044.1,88752.0,85478.3,87463.4,210907.48,18432550000.0,3282516.0,106592.55,9315946000.0,84632.69,91291.414,,-1262.729,-2074.8928,812.16376,52.114437,49.03138,90335.28,84632.69,78930.1,108035.625,94105.72,80175.81,80.78253,72.254654,-1400018.8,3749.5781,4057.8362,0.9240339,29.855173,83997.26,86944.25,89891.24,80350.984,94086.95,74457.0,99431.5,106224.56,109770.945,neutral,99431.5,74457.0,neutral,,,,,,-2528.7354,-3031.0356
2025-03-25,87463.4,88500.0,86260.0,87369.8,173505.28,15155815000.0,2768708.0,86657.04,7570230000.0,84638.59,90994.53,,-977.5537,-1855.4249,877.8712,51.92746,48.91733,90352.23,84638.59,78924.95,108008.84,94011.55,80014.25,86.834366,80.47051,-1573524.1,3641.7512,4021.4795,0.9055749,27.736805,83997.26,86944.25,89891.24,80350.984,94086.95,74457.0,99431.5,106224.56,109770.945,neutral,99431.5,74457.0,neutral,,,,,,-2303.271,-2885.4827
2025-03-26,87369.9,88270.2,85816.3,86873.8,187956.69,16368183000.0,2620341.0,90917.375,7918117400.0,84462.766,90670.836,,-782.55255,-1640.8505,858.2979,50.885593,48.292313,89637.82,84462.766,79287.71,108006.35,93928.57,79850.79,84.194756,83.93722,-1761480.8,3556.9045,3990.128,0.8914262,25.90808,83997.26,86944.25,89891.24,80350.984,94086.95,74457.0,99431.5,106224.56,109770.945,neutral,99431.5,74457.0,neutral,,,,,,-2123.7827,-2733.1428
2025-03-27,86873.9,87722.4,85724.5,87191.2,163451.69,14210148000.0,2451436.0,79508.1,6912883700.0,84334.36,90394.69,,-595.53625,-1431.7876,836.2514,51.55543,48.73245,89080.66,84334.36,79588.06,107984.0,93837.92,79691.84,81.1982,84.075775,-1598029.1,3445.547,3950.2834,0.87222785,24.246052,83997.26,86944.25,89891.24,80350.984,94086.95,74457.0,99431.5,106224.56,109770.945,neutral,99431.5,74457.0,neutral,,,,,,-1943.8314,-2575.2805
2025-03-28,87191.2,87470.0,83531.7,84380.8,222284.56,18906018000.0,3429988.0,109001.07,9269786000.0,84221.36,90099.73,,-666.41815,-1278.7137,612.2956,45.62229,45.15871,88843.23,84221.36,79599.49,108019.09,93733.21,79447.33,67.32975,77.574234,-1820313.6,3480.7437,3950.0437,0.8811912,23.517725,83997.26,86944.25,89891.24,80350.984,94086.95,74457.0,99431.5,67663.94,64117.56,downtrend,99431.5,74457.0,fib_382_reject,83997.26,86944.25,0.3973573,,,-1920.7738,-2444.3792
2025-03-29,84380.8,84589.7,81601.0,82604.7,135513.7,11234711000.0,2216920.0,65408.38,5422718000.0,84050.88,89825.91,,-856.04114,-1194.1792,338.1381,42.30852,43.06316,88634.44,84050.88,79467.32,108095.22,93619.11,79143.0,47.57912,65.369026,-1955827.4,3445.5977,3930.817,0.8765603,23.455402,83997.26,86944.25,89891.24,80350.984,94086.95,74457.0,99431.5,67663.94,64117.56,downtrend,99431.5,74457.0,neutral,67663.94,83997.26,0.32624078,,,-1980.2607,-2351.5554
2025-03-30,82604.8,83490.0,81501.4,82352.8,109565.92,9064726000.0,1944059.0,53855.055,4455757300.0,84130.12,89481.53,,-1014.94525,-1158.3324,143.38716,41.8443,42.767612,88532.4,84130.12,79727.836,108162.98,93493.31,78823.66,26.173552,47.027473,-2065393.2,3341.5266,3891.9724,0.8585689,23.428059,85859.05,89381.15,92903.25,81501.195,97917.766,74457.0,104305.3,66338.266,62099.805,downtrend,104305.3,74457.0,neutral,66338.266,85859.05,0.264531,,,-2033.8158,-2288.0076
2025-03-31,82353.1,83895.8,81222.0,82517.5,212064.58,17489658000.0,3700495.0,107182.78,8840032000.0,84318.2,89205.305,,-1114.738,-1149.6135,34.875523,42.29016,43.036007,88038.51,84318.2,80597.89,108206.56,93357.77,78508.98,18.042374,30.598349,-1853328.8,3293.8318,3867.6091,0.85164547,23.194593,85884.914,89415.0,92945.086,81517.18,97970.98,74457.0,104373.0,66319.85,62071.777,downtrend,104373.0,74457.0,neutral,66319.85,85884.914,0.26943776,,,-2061.2012,-2242.6462
2025-04-01,82517.5,85595.5,82383.3,85120.9,197263.17,16592830000.0,3204984.0,99985.016,8411848700.0,84424.15,88997.445,,-972.541,-1114.1991,141.65802,48.952312,47.14954,88102.91,84424.15,80745.39,108153.805,93224.664,78295.516,28.794394,24.336773,-1656065.5,3288.001,3854.501,0.85302895,22.14984,86124.46,89728.55,93332.63,81665.17,98463.875,74457.0,105000.1,66149.27,61812.156,downtrend,105000.1,74457.0,neutral,66149.27,86124.46,0.3491427,,,-1944.1398,-2182.945
2025-04-02,85121.0,88500.0,82300.0,82485.1,348964.38,29832753000.0,5700524.0,175049.92,14963524000.0,84369.12,88742.35,,-1060.3132,-1103.4219,43.108604,43.479557,43.788055,88126.83,84369.12,80611.41,108110.266,93048.7,77987.13,28.977676,25.27148,-2005029.9,3496.0007,3901.411,0.89608634,21.124847,86124.46,89728.55,93332.63,81665.17,98463.875,74457.0,105000.1,66149.27,61812.156,downtrend,105000.1,74457.0,neutral,66149.27,86124.46,0.26284495,,,-1966.1215,-2139.5803
2025-04-03,82485.1,83889.2,81172.2,83181.5,239163.52,19745608000.0,4066509.0,121059.01,9995687000.0,84468.93,88501.02,,-1061.4441,-1095.0264,33.58223,45.222046,44.878273,87975.41,84468.93,80962.46,108043.8,92880.26,77716.71,31.687023,29.819698,-1765866.4,3440.358,3877.7227,0.88721097,19.716423,86454.13,90160.05,93865.97,81868.836,99142.195,74457.0,105863.1,65914.54,61454.875,downtrend,105863.1,74457.0,neutral,65914.54,86454.13,0.27779636,,,-1940.2653,-2099.7173
2025-04-04,83181.7,84686.2,81624.6,83861.3,353109.22,29383846000.0,5495133.0,175192.25,14576753000.0,84465.195,88272.836,,-996.0048,-1075.222,79.21724,46.941635,45.95268,87974.08,84465.195,80956.31,107953.81,92717.57,77481.33,26.253347,28.972683,-1412757.1,3413.3037,3861.4001,0.88395494,18.71272,86454.13,90160.05,93865.97,81868.836,99142.195,74457.0,105863.1,65914.54,61454.875,downtrend,105863.1,74457.0,neutral,65914.54,86454.13,0.2994418,,,-1874.4669,-2054.6672
2025-04-05,83861.4,84244.5,82333.8,83506.1,99574.2,8287352000.0,1673031.0,49164.812,4092690400.0,84427.25,88037.97,,-961.71924,-1052.5215,90.80224,46.12684,45.466476,87959.49,84427.25,80895.016,107731.28,92507.74,77284.21,30.925617,29.621996,-1512331.4,3305.9749,3822.3862,0.8648982,17.780712,86454.13,90160.05,93865.97,81868.836,99142.195,74457.0,105863.1,65914.54,61454.875,downtrend,105863.1,74457.0,neutral,65914.54,86454.13,0.28813192,,,-1826.5969,-2009.0532
2025-04-06,83506.1,83790.5,77111.0,78390.0,281191.75,22582931000.0,4458658.0,135853.52,10906301000.0,84229.555,87692.71,,-1332.0195,-1108.421,-223.59842,36.342052,39.194695,88540.664,84229.555,79918.445,107780.664,92299.54,76818.414,25.751757,27.643574,-1793523.1,3546.941,3879.5286,0.9142712,17.971046,86454.13,90160.05,93865.97,81868.836,99142.195,74457.0,105863.1,65914.54,61454.875,downtrend,105863.1,74457.0,neutral,65914.54,86454.13,0.12523045,,,-2032.3402,-2013.7106
2025-04-07,78390.1,81200.0,74457.0,79140.0,693843.5,53937100000.0,10521238.0,346063.9,26911970000.0,83999.9,87391.05,,-1547.1321,-1196.1632,-350.96875,38.404823,40.45893,88826.4,83999.9,79173.39,107837.09,92121.18,76405.266,25.041885,27.239754,-1099679.6,3775.231,3936.7979,0.9589598,18.824669,86454.13,90160.05,93865.97,81868.836,99142.195,74457.0,105863.1,65914.54,61454.875,downtrend,105863.1,74457.0,neutral,65914.54,86454.13,0.14911117,,,-2160.5889,-2043.0862
2025-04-08,79140.1,80832.1,76200.1,76297.9,328409.53,25796581000.0,5357269.0,164156.31,12892077000.0,83696.65,86999.805,,-1924.7566,-1341.882,-582.87463,33.919346,37.367577,89517.96,83696.65,77875.336,108004.664,91939.07,75873.47,19.147875,23.313839,-1428089.1,3836.4287,3950.702,0.97107524,19.61732,86454.13,90160.05,93865.97,81868.836,99142.195,74457.0,105863.1,65914.54,61454.875,downtrend,105863.1,74457.0,neutral,65914.54,86454.13,0.058616,,,-2401.5437,-2114.7778
2025-04-09,76298.0,83554.9,74578.5,82588.0,560649.9,44072320000.0,8799174.0,279060.38,21941550000.0,83495.61,86745.76,,-1696.9073,-1412.887,-284.02032,48.308754,46.81163,89162.54,83495.61,77828.68,107978.02,91803.25,75628.484,34.785778,26.325178,-867439.3,4203.5693,4051.2158,1.037607,19.201353,86747.01,90543.4,94339.79,82049.78,99744.82,74457.0,106629.8,65706.0,61137.46,downtrend,106629.8,74457.0,neutral,65706.0,86747.01,0.252729,,,-2281.047,-2148.0317
2025-04-10,82587.9,82706.9,78416.0,79560.2,293662.1,23687470000.0,4989231.0,144665.48,11670843000.0,83275.445,86420.58,,-1740.589,-1478.4274,-262.16153,43.40871,43.4967,89172.91,83275.445,77377.99,108002.46,91634.69,75266.914,35.783188,29.905615,-1161101.4,4209.8076,4056.0095,1.0379186,18.8151,86932.086,90785.65,94639.21,82164.125,100125.64,74457.0,107114.3,65574.21,60936.88,downtrend,107114.3,74457.0,neutral,65574.21,86932.086,0.15626521,,,-2318.0076,-2182.0269
2025-04-11,79560.3,84300.0,78935.5,83378.3,295777.88,24267637000.0,4822203.0,150572.22,12356304000.0,83243.445,86163.13,,-1450.3988,-1472.8217,22.422842,50.26017,48.34044,89131.02,83243.445,77355.87,107957.72,91509.73,75061.734,52.589664,41.052876,-865323.56,4292.2856,4082.1794,1.0514691,17.824953,87000.164,90874.75,94749.336,82206.18,100265.7,74457.0,107292.5,65525.742,60863.1,downtrend,107292.5,74457.0,neutral,65525.742,87000.164,0.2716968,,,-2147.1135,-2175.0442
2025-04-12,83378.3,85884.2,82756.0,85237.8,158002.84,13313651000.0,2750499.0,82997.38,6994513000.0,83311.68,85966.234,,-1058.177,-1389.8927,331.71576,53.23002,50.509956,89256.64,83311.68,77366.73,107894.09,91405.82,74917.55,58.879395,49.084084,-707320.7,4209.1367,4063.0999,1.0359422,16.773766,88351.484,92643.5,96935.516,83041.03,103046.18,74457.0,110830.0,64563.543,59398.58,downtrend,110830.0,74457.0,neutral,64563.543,88351.484,0.2963957,,,-1897.2887,-2119.4932
2025-04-13,85237.9,86100.0,82991.5,83713.7,207038.38,17457668000.0,3377742.0,104685.13,8828549000.0,83200.7,85747.516,,-860.4023,-1283.9946,423.59235,50.56511,48.748074,89023.234,83200.7,77378.18,107792.766,91261.984,74731.21,68.738396,60.069153,-914359.06,4130.5195,4044.0078,1.0213926,15.874778,88782.95,93208.25,97633.55,83307.59,103933.97,74457.0,111959.5,64256.32,58930.965,downtrend,111959.5,74457.0,neutral,64256.32,88782.95,0.24682888,,,-1750.407,-2045.6759
2025-04-14,83713.8,85755.0,83630.9,84553.9,209349.36,17726845000.0,3632120.0,105627.16,8944537000.0,83062.16,85546.28,,-628.621,-1152.9199,524.29895,51.99201,49.76242,88604.06,83062.16,77520.25,107556.24,91083.266,74610.3,71.52888,66.382225,-705009.75,3987.2039,4005.6096,0.995405,15.040003,88782.95,93208.25,97633.55,83307.59,103933.97,74457.0,111959.5,64256.32,58930.965,downtrend,111959.5,74457.0,neutral,64256.32,88782.95,0.26923272,,,-1574.061,-1951.3529
2025-04-15,84553.9,86443.0,83560.0,83608.7,184522.19,15709861000.0,3121181.0,92743.664,7897739000.0,82883.055,85310.11,,-515.2627,-1025.3884,510.12576,50.235317,48.625652,88089.484,82883.055,77676.625,107337.914,90899.8,74461.68,67.66194,69.30974,-889531.9,3908.3323,3983.1575,0.9812146,14.535649,88782.95,93208.25,97633.55,83307.59,103933.97,74457.0,111959.5,64256.32,58930.965,downtrend,111959.5,74457.0,neutral,64256.32,88782.95,0.24402906,,,-1462.6749,-1853.6173
2025-04-16,83608.6,85493.5,83063.9,83990.0,209441.42,17600465000.0,3500261.0,104313.04,8765949000.0,82745.734,85050.78,,-390.16022,-898.34283,508.18262,50.95523,49.117996,87668.266,82745.734,77823.2,106934.6,90674.49,74414.375,72.20116,70.46399,-680090.5,3802.7085,3952.0862,0.9622028,13.837399,88782.95,93208.25,97633.55,83307.59,103933.97,74457.0,111959.5,64256.32,58930.965,downtrend,111959.5,74457.0,neutral,64256.32,88782.95,0.25419638,,,-1341.0615,-1751.1061
2025-04-17,83990.1,85441.5,83700.0,84915.0,141033.19,11925437000.0,2398235.0,72010.55,6090740000.0,82637.34,84846.914,,-213.90999,-761.45624,547.54626,52.741302,50.330475,87254.32,82637.34,78020.37,106487.47,90454.164,74420.85,77.31846,72.39385,-539057.3,3655.4792,3907.8745,0.93541366,13.189023,88782.95,93208.25,97633.55,83307.59,103933.97,74457.0,111959.5,64256.32,58930.965,downtrend,111959.5,74457.0,neutral,64256.32,88782.95,0.2788614,,,-1184.1267,-1637.7102
2025-04-18,84914.9,85100.0,84260.0,84421.0,55218.844,4669701000.0,1026255.0,27406.678,2318092000.0,82639.26,84627.234,,-112.7919,-631.7234,518.93146,51.65931,49.66681,87259.16,82639.26,78019.36,106178.55,90264.38,74350.21,83.30553,77.608376,-594276.1,3454.3735,3846.517,0.89805233,12.58696,88782.95,93208.25,97633.55,83307.59,103933.97,74457.0,111959.5,64256.32,58930.965,downtrend,111959.5,74457.0,neutral,64256.32,88782.95,0.26568896,,,-1068.7268,-1523.9136
2025-04-19,84421.0,85600.0,84317.2,85046.9,73380.56,6243873300.0,1278384.0,37104.344,3157190000.0,82755.555,84424.12,,17.646397,-501.84943,519.49585,52.975624,50.53455,87487.7,82755.555,78023.4,105815.35,90071.12,74326.875,86.24479,82.28959,-520895.56,3299.2612,3795.2427,0.86931497,12.273948,88782.95,93208.25,97633.55,83307.59,103933.97,74457.0,111959.5,64256.32,58930.965,downtrend,111959.5,74457.0,neutral,64256.32,88782.95,0.2823785,,,-933.4212,-1405.8151
2025-04-20,85046.9,85283.6,83900.0,85138.8,90651.82,7672459000.0,1426040.0,44964.07,3805208800.0,82888.22,84308.195,,126.971596,-376.08524,503.05682,53.177227,50.665672,87722.87,82888.22,78053.57,105236.22,89835.43,74434.65,86.86718,85.472496,-430243.75,3162.4282,3747.0098,0.84398717,11.740009,88782.95,93208.25,97633.55,83307.59,103933.97,74457.0,111959.5,64256.32,58930.965,downtrend,111959.5,74457.0,neutral,64256.32,88782.95,0.28482902,,,-808.4729,-1286.3467
2025-04-21,85138.9,88418.2,85100.0,87466.0,274069.88,23894438000.0,3962240.0,142309.19,12402164000.0,83123.86,84286.87,,396.82385,-221.5034,618.3273,58.07857,53.913994,88331.28,83123.86,77916.445,104776.52,89653.42,74530.32,90.19701,87.76965,-156173.88,3173.555,3738.4336,0.8488996,12.624574,88782.95,93208.25,97633.55,83307.59,103933.97,74457.0,111959.5,64256.32,58930.965,downtrend,111959.5,74457.0,neutral,64256.32,88782.95,0.34688354,,,-581.2397,-1145.3252
2025-04-22,87466.0,94142.5,87017.5,93404.9,334005.1,30146810000.0,4829876.0,177605.55,16036484000.0,83518.336,84454.07,,1077.4828,38.29383,1039.189,67.444305,60.82553,90290.96,83518.336,76745.72,104375.36,89535.9,74696.445,92.82286,89.96235,177831.2,3455.801,3806.165,0.90794826,14.992267,88782.95,93208.25,97633.55,83307.59,103933.97,74457.0,111959.5,122160.18,127485.53,neutral,111959.5,74457.0,neutral,,,,,,-87.10408,-933.681
2025-04-23,93404.9,94904.3,91898.0,93632.1,232748.42,21736792000.0,3900078.0,115506.414,10789641000.0,84049.15,84617.055,,1616.6078,353.9566,1262.6511,67.74123,61.060112,92050.49,84049.15,76047.805,103916.11,89410.33,74904.55,93.877945,92.29927,410579.62,3423.6936,3790.1677,0.9033093,17.343004,88782.95,93208.25,97633.55,83307.59,103933.97,74457.0,111959.5,122160.18,127485.53,neutral,111959.5,74457.0,neutral,,,,,,347.17737,-677.50934
2025-04-24,93632.2,93980.6,91619.0,93931.6,157092.73,14589478000.0,2683732.0,80302.4,7459609600.0,84561.055,84792.18,,2044.468,692.0589,1352.409,68.15356,61.380203,93585.04,84561.055,75537.07,103458.59,89289.31,75120.03,94.14093,93.61391,567672.4,3347.8298,3761.5964,0.8900024,19.364641,88782.95,93208.25,97633.55,83307.59,103933.97,74457.0,111959.5,122160.18,127485.53,neutral,111959.5,74457.0,neutral,,,,,,731.7271,-395.66205
2025-04-25,93931.5,95769.6,92788.0,94591.8,191830.48,18114329000.0,3288571.0,94332.016,8908814000.0,85072.03,84948.26,,2409.0527,1035.4576,1373.5952,69.09143,62.10127,95044.98,85072.03,75099.09,103131.22,89199.78,75268.35,92.38081,93.46656,759502.8,3321.6707,3745.9963,0.8867255,21.611942,88782.95,93208.25,97633.55,83307.59,103933.97,74457.0,111959.5,122160.18,127485.53,neutral,111959.5,74457.0,neutral,,,,,,1089.8685,-98.55593
2025-04-26,94591.8,95157.1,93833.0,94575.7,72538.21,6848478000.0,1340715.0,35871.715,3386855000.0,85599.16,84954.67,,2665.9583,1361.5579,1304.4005,69.03803,62.071594,96326.914,85599.16,74871.4,102826.24,89116.125,75406.01,91.838295,92.78668,686964.6,3178.987,3697.5586,0.859753,23.69872,88782.95,93208.25,97633.55,83307.59,103933.97,74457.0,111959.5,122160.18,127485.53,neutral,111959.5,74457.0,neutral,,,,,,1389.8251,199.12027
2025-04-27,94575.7,95280.5,93547.3,93697.1,83816.18,7891352600.0,1503584.0,42053.02,3960324900.0,86328.07,85091.12,,2766.7686,1642.6,1124.1686,66.03867,60.4173,97077.53,86328.07,75578.6,102530.266,89030.93,75531.59,88.43152,90.883545,603148.44,3075.7166,3658.2712,0.8407568,25.44955,88782.95,93208.25,97633.55,83307.59,103933.97,74457.0,111959.5,122160.18,127485.53,neutral,111959.5,74457.0,neutral,,,,,,1595.4088,478.378
2025-04-28,93697.0,95578.8,92700.0,94969.0,194420.72,18333704000.0,2926262.0,97737.23,9216964000.0,87081.83,85231.54,,2915.6829,1897.2166,1018.4663,68.192986,61.958397,97928.89,87081.83,76234.766,102127.91,88932.84,75737.79,89.34799,89.872604,797569.2,3061.6511,3642.682,0.8404937,26.519562,88782.95,93208.25,97633.55,83307.59,103933.97,74457.0,111959.5,122160.18,127485.53,neutral,111959.5,74457.0,neutral,,,,,,1826.8009,748.06256
2025-04-29,94969.0,95426.4,93678.7,94200.1,147831.8,14010735000.0,2481112.0,74470.17,7059199000.0,87934.31,85297.61,,2937.7898,2105.331,832.45856,65.488464,60.46413,98046.3,87934.31,77822.336,101627.65,88815.13,76002.61,88.344864,88.70813,649737.4,2967.7974,3604.7822,0.8232945,27.513144,88782.95,93208.25,97633.55,83307.59,103933.97,74457.0,111959.5,122160.18,127485.53,neutral,111959.5,74457.0,neutral,,,,,,1977.062,993.8624
2025-04-30,94200.1,95186.5,92848.1,94125.1,170929.31,16099511000.0,2588053.0,85918.516,8092754400.0,88483.7,85374.65,,2915.648,2267.3945,648.2534,65.21676,60.315147,98627.695,88483.7,78339.7,101257.29,88722.38,76187.48,89.24034,88.97773,478808.06,2922.8403,3579.4546,0.81656027,27.870796,88782.95,93208.25,97633.55,83307.59,103933.97,74457.0,111959.5,122160.18,127485.53,neutral,111959.5,74457.0,neutral,,,,,,2091.9001,1213.47
2025-05-01,94125.2,97388.0,94086.7,96423.3,184526.75,17724494000.0,2825368.0,96525.42,9270273000.0,89286.7,85550.46,,3048.4058,2423.5967,624.809,69.40545,63.230186,99143.734,89286.7,79429.67,101062.34,88675.414,76288.484,88.95662,88.847275,663334.8,2949.8733,3573.8916,0.8253953,28.870474,88782.95,93208.25,97633.55,83307.59,103933.97,74457.0,111959.5,122160.18,127485.53,neutral,111959.5,74457.0,neutral,,,,,,2294.537,1429.6833
2025-05-02,96423.2,97865.4,96283.1,96831.2,139197.53,13503167000.0,2240247.0,68734.4,6668888600.0,89927.32,85744.03,,3150.2178,2568.921,581.29675,70.09381,63.726734,99912.91,89927.32,79941.734,101027.016,88666.05,76305.08,90.60571,89.60089,802532.3,2852.1895,3534.0598,0.8070575,29.928844,88782.95,93208.25,97633.55,83307.59,103933.97,74457.0,111959.5,122160.18,127485.53,neutral,111959.5,74457.0,neutral,,,,,,2476.714,1639.0895
2025-05-03,96831.2,96868.4,95700.0,95803.3,71420.63,6871383000.0,1207124.0,34360.58,3306264300.0,90430.44,86018.84,,3112.0874,2677.5542,434.53305,66.06017,61.528214,100484.65,90430.44,80376.23,100765.82,88604.36,76442.9,90.225494,89.929276,731111.7,2731.9187,3486.7466,0.78351516,30.505384,88782.95,93208.25,97633.55,83307.59,103933.97,74457.0,111959.5,122160.18,127485.53,neutral,111959.5,74457.0,neutral,,,,,,2568.6968,1825.011
2025-05-04,95803.3,96266.6,94116.4,94230.2,94260.875,8988012000.0,1550180.0,46059.52,4393532000.0,90931.23,86303.61,,2921.258,2726.295,194.96315,60.337555,58.296402,100639.0,90931.23,81223.45,100631.375,88565.26,76499.14,83.11726,87.98283,636850.8,2690.3674,3460.0156,0.77755934,30.018044,88782.95,93208.25,97633.55,83307.59,103933.97,74457.0,111959.5,122160.18,127485.53,neutral,111959.5,74457.0,neutral,,,,,,2555.8435,1971.1775
2025-05-05,94230.2,95165.1,93445.1,94696.7,154902.38,14600852000.0,2364149.0,78619.625,7411254000.0,91414.21,86518.17,,2775.6711,2736.1702,39.500908,61.40529,58.9675,100808.984,91414.21,82019.44,100561.53,88544.4,76527.27,75.84899,83.06392,791753.2,2621.0554,3425.2153,0.76522356,29.165997,88782.95,93208.25,97633.55,83307.59,103933.97,74457.0,111959.5,122160.18,127485.53,neutral,111959.5,74457.0,neutral,,,,,,2555.3997,2088.022
2025-05-06,94696.7,96879.5,93327.0,96798.9,173683.06,16444016000.0,2556838.0,87234.12,8263124500.0,92042.32,86757.414,,2797.6726,2748.4707,49.201836,65.86485,61.870724,101020.16,92042.32,83064.484,100573.32,88547.59,76521.86,75.07964,78.015305,965436.25,2687.5872,3427.761,0.78406495,29.022005,88782.95,93208.25,97633.55,83307.59,103933.97,74457.0,111959.5,122160.18,127485.53,neutral,111959.5,74457.0,neutral,,,,,,2647.3533,2199.8882
2025-05-07,96798.9,97700.0,95718.5,96988.4,185267.14,17927424000.0,2739288.0,92439.664,8946084000.0,92661.29,87046.555,,2798.1445,2758.4055,39.739113,66.24351,62.124374,101109.86,92661.29,84212.72,100595.62,88553.586,76511.56,79.89194,76.94019,1150703.4,2637.1523,3398.8357,0.77589875,29.168966,88782.95,93208.25,97633.55,83307.59,103933.97,74457.0,111959.5,122160.18,127485.53,neutral,111959.5,74457.0,neutral,,,,,,2722.212,2304.353
2025-05-08,96988.4,104305.3,96831.5,103228.1,317422.47,31823810000.0,4445990.0,167054.48,16750639000.0,93533.34,87397.25,,3264.3806,2859.6006,404.7801,75.77314,69.20673,102375.01,93533.34,84691.68,100954.53,88630.17,76305.82,86.534706,80.5021,1468125.9,2982.6272,3480.335,0.8569943,30.873987,88782.95,93208.25,97633.55,83307.59,103933.97,74457.0,111959.5,122160.18,127485.53,neutral,111959.5,74457.0,neutral,,,,,,3084.5898,2460.4004
2025-05-09,103228.0,104373.0,102240.0,102941.9,172883.92,17811570000.0,3180781.0,84963.516,8754551000.0,94415.29,87736.14,,3569.6335,3001.6072,568.0264,74.73104,68.58905,103139.32,94415.29,85691.26,101286.91,88703.414,76119.93,88.13934,84.85533,1295242.0,2921.9397,3453.3884,0.846108,32.468975,88782.95,93208.25,97633.55,83307.59,103933.97,74457.0,111959.5,122160.18,127485.53,neutral,111959.5,74457.0,neutral,,,,,,3364.6902,2641.2583
2025-05-10,102941.9,105000.1,102784.0,104788.8,104384.54,10820371000.0,1979353.0,53276.113,5524151300.0,95355.38,88140.64,,3915.4434,3184.3743,731.0689,76.93548,70.380325,104093.414,95355.38,86617.35,101692.57,88786.67,75880.766,92.24675,88.9736,1399626.5,2871.5225,3428.6426,0.83751,34.062946,88782.95,93208.25,97633.55,83307.59,103933.97,74457.0,111959.5,122160.18,127485.53,neutral,111959.5,74457.0,neutral,,,,,,3679.6973,2848.946
2025-05-11,104788.8,104950.0,103283.3,104072.7,139136.42,14486322000.0,2552705.0,67115.64,6988279000.0,96256.99,88506.27,92988.04,4084.6316,3364.4258,720.2058,74.23144,68.7834,104484.664,96256.99,88029.33,102103.91,88880.39,75656.88,92.82748,91.07119,1260490.1,2785.4636,3393.4038,0.82084656,35.54306,88782.95,93208.25,97633.55,83307.59,103933.97,74457.0,111959.5,122160.18,127485.53,neutral,111959.5,74457.0,neutral,,,,92988.04,,3894.8252,3058.1218
2025-05-12,104072.7,105863.1,100678.0,102739.3,256542.7,26551603000.0,4171603.0,125366.63,12980429000.0,96984.3,88871.234,92997.16,4064.27,3504.3945,559.87537,69.34415,65.86165,104656.47,96984.3,89312.125,102348.11,88935.7,75523.305,88.913605,91.32928,1003947.4,2956.8662,3429.2375,0.8622518,35.369896,88782.95,93208.25,97633.55,83307.59,103933.97,74457.0,111959.5,122160.18,127485.53,neutral,111959.5,74457.0,neutral,,,,92997.16,,3992.6152,3245.0205
2025-05-13,102739.3,104949.2,101400.0,104082.0,162368.33,16783134000.0,3009395.0,80743.48,8346771000.0,97492.73,89185.28,93015.164,4109.111,3625.338,483.7728,71.38704,67.32899,105553.97,97492.73,89431.49,102715.53,89020.22,75324.91,84.92457,88.88855,1166315.8,2999.1758,3431.637,0.8739782,35.209103,88782.95,93208.25,97633.55,83307.59,103933.97,74457.0,111959.5,122160.18,127485.53,neutral,111959.5,74457.0,neutral,,,,93015.164,,4123.3975,3420.696
2025-05-14,104082.0,104319.0,102536.0,103458.1,126264.09,13068577000.0,2289025.0,61671.895,6383482400.0,97960.63,89535.73,93008.48,4047.645,3709.7993,337.84567,69.083336,65.94605,106209.695,97960.63,89711.57,103006.18,89087.78,75169.375,81.04296,84.96038,1040051.6,2912.3062,3398.664,0.8568973,35.05979,88782.95,93208.25,97633.55,83307.59,103933.97,74457.0,111959.5,122160.18,127485.53,neutral,111959.5,74457.0,neutral,,,,93008.48,,4183.405,3573.2378
2025-05-15,103458.1,104162.8,101270.8,103714.5,176344.11,18109800000.0,3256600.0,87513.73,8988230000.0,98426.484,89893.26,92993.086,3973.8147,3762.6023,211.21228,69.51868,66.24523,106816.55,98426.484,90036.43,103303.16,89157.18,75011.195,83.330376,83.099304,1216395.8,2910.8557,3388.5308,0.8590318,34.17706,88782.95,93208.25,97633.55,83307.59,103933.97,74457.0,111959.5,122160.18,127485.53,neutral,111959.5,74457.0,neutral,,,,92993.086,,4226.614,3703.9128
2025-05-16,103714.2,104524.2,103062.3,103412.2,115513.05,11990203000.0,2303834.0,57430.06,5961446400.0,98846.51,90249.75,92975.336,3846.5696,3779.3958,67.17381,68.29759,65.5325,107309.44,98846.51,90383.57,103629.58,89239.7,74849.836,81.37512,81.91615,1100882.6,2807.359,3349.9983,0.838018,33.487167,88782.95,93208.25,97633.55,83307.59,103933.97,74457.0,111959.5,122160.18,127485.53,neutral,111959.5,74457.0,neutral,,,,92975.336,,4227.309,3808.592
2025-05-17,103412.2,103658.0,102541.6,103079.6,90372.67,9316018000.0,1899774.0,44461.16,4583343000.0,99251.45,90559.484,92994.664,3676.5085,3758.8184,-82.30986,66.90516,64.72798,107671.914,99251.45,90830.99,103942.3,89322.14,74701.984,80.3687,81.6914,1010510.0,2686.5762,3305.3262,0.8128021,32.53357,88782.95,93208.25,97633.55,83307.59,103933.97,74457.0,111959.5,122160.18,127485.53,neutral,111959.5,74457.0,neutral,,,,92994.664,,4190.137,3884.9011
2025-05-18,103079.5,106629.8,103052.2,106407.6,173224.28,18124063000.0,3286266.0,89890.055,9409859000.0,99856.71,90903.92,93054.484,3766.8535,3760.4253,6.428248,72.86623,68.75768,108419.24,99856.71,91294.19,104444.195,89443.33,74442.45,85.525024,82.42294,1183734.2,2750.2207,3310.7717,0.8306887,32.662506,88782.95,93208.25,97633.55,83307.59,103933.97,74457.0,111959.5,122160.18,127485.53,neutral,111959.5,74457.0,neutral,,,,93054.484,,4303.8047,3968.682
2025-05-19,106407.5,107114.3,102038.8,105531.6,257825.61,26840365000.0,4455918.0,126416.82,13162994000.0,100359.695,91234.14,93106.266,3724.8293,3753.3062,-28.476759,69.32651,66.65307,108955.55,100359.695,91763.84,104851.16,89543.7,74236.25,88.21546,84.703064,925908.7,2916.312,3346.0664,0.8715643,32.194004,88782.95,93208.25,97633.55,83307.59,103933.97,74457.0,111959.5,122160.18,127485.53,neutral,111959.5,74457.0,neutral,,,,93106.266,,4335.6714,4042.0798
2025-05-20,105531.5,107292.5,104115.2,106800.1,226187.25,23924085000.0,3940207.0,116062.336,12276682000.0,100959.695,91596.44,93169.85,3750.6472,3752.7744,-2.1272113,71.48656,68.136024,109510.87,100959.695,92408.52,105268.42,89639.734,74011.055,94.19864,89.31304,1152095.9,2934.954,3342.691,0.87802136,31.819542,88782.95,93208.25,97633.55,83307.59,103933.97,74457.0,111959.5,122160.18,127485.53,neutral,111959.5,74457.0,neutral,,,,93169.85,,4404.664,4114.5967
2025-05-21,106800.0,110830.0,106037.9,109609.5,413589.84,44576305000.0,6189752.0,209506.08,22586384000.0,101697.05,92004.04,93266.23,3952.244,3792.6682,159.5757,75.58698,71.1224,110432.125,101697.05,92961.97,105921.79,89791.22,73660.65,91.849144,91.42108,1565685.8,3067.6074,3371.6792,0.9098159,32.49971,88782.95,93208.25,97633.55,83307.59,103933.97,74457.0,111959.5,122160.18,127485.53,neutral,111959.5,74457.0,neutral,,,,93266.23,,4582.099,4208.097
2025-05-22,109609.6,111959.5,109153.4,111662.7,246067.03,27295715000.0,4612376.0,124614.99,13824512000.0,102422.734,92500.08,93378.234,4228.9385,3879.9224,349.01614,78.06918,73.05994,111793.67,102422.734,93051.79,106681.41,89961.55,73241.69,94.79866,93.61548,1811752.8,3048.9282,3360.3677,0.90731984,33.397106,88782.95,93208.25,97633.55,83307.59,103933.97,74457.0,111959.5,122160.18,127485.53,neutral,111959.5,74457.0,neutral,,,,93378.234,,4813.556,4329.189
2025-05-23,111662.6,111770.4,106721.9,107271.5,279480.34,30543710000.0,4943362.0,136446.69,14911670000.0,102919.89,92948.56,93435.87,4047.2336,3913.3845,133.84908,63.255856,63.493317,112158.33,102919.89,93681.45,107150.305,90085.74,73021.17,82.3652,89.671005,1532272.5,3191.755,3394.1301,0.94037485,32.901844,88782.95,93208.25,97633.55,83307.59,103933.97,74457.0,111959.5,122160.18,127485.53,neutral,111959.5,74457.0,neutral,,,,93435.87,,4767.8237,4416.916
2025-05-24,107271.6,109440.2,106836.0,107698.9,165158.77,17895242000.0,2838855.0,79136.43,8574693000.0,103486.34,93409.4,93491.33,3892.8447,3909.2766,-16.43196,63.972404,63.975395,112361.52,103486.34,94611.17,107729.484,90267.586,72805.69,72.68271,83.28219,1697431.2,3149.7866,3378.3315,0.93234974,32.441956,88782.95,93208.25,97633.55,83307.59,103933.97,74457.0,111959.5,122160.18,127485.53,neutral,111959.5,74457.0,neutral,,,,93491.33,,4726.2534,4478.783
2025-05-25,107699.0,109285.1,106497.0,108955.9,159465.8,17159184000.0,2938731.0,76863.25,8270759000.0,104187.57,93890.1,93579.36,3827.7952,3892.9802,-65.185135,66.0682,65.38689,112322.734,104187.57,96052.41,108392.43,90495.87,72599.3,64.68496,73.244286,1856897.0,3123.952,3366.527,0.92794496,31.831444,88782.95,93208.25,97633.55,83307.59,103933.97,74457.0,111959.5,122160.18,127485.53,neutral,111959.5,74457.0,neutral,,,,93579.36,,4729.9297,4529.0127
2025-05-26,108956.0,110400.0,108616.6,109386.8,146992.22,16103266000.0,2776585.0,73695.69,8074192000.0,104887.1,94331.3,93680.21,3767.5828,3867.901,-100.3181,66.78157,65.86824,112113.09,104887.1,97661.1,109060.7,90778.766,72496.83,70.51343,69.2937,2003889.2,3028.1982,3334.8645,0.9080424,31.629356,88782.95,93208.25,97633.55,83307.59,103933.97,74457.0,111959.5,122160.18,127485.53,neutral,111959.5,74457.0,neutral,,,,93680.21,,4730.9683,4569.404
2025-05-27,109386.8,110700.0,107438.0,108889.3,223599.9,24452830000.0,4065296.0,109504.23,11977738000.0,105462.836,94811.375,93771.08,3637.7856,3821.8777,-184.09212,65.080345,64.77618,111903.28,105462.836,99022.39,109678.74,91050.914,72423.086,73.52758,69.575325,1780289.4,3044.8982,3333.4072,0.9134492,30.787674,88782.95,93208.25,97633.55,83307.59,103933.97,74457.0,111959.5,122160.18,127485.53,neutral,111959.5,74457.0,neutral,,,,93771.08,,4683.326,4592.1885
2025-05-28,108889.2,109252.6,106723.9,107723.1,158417.77,17119396000.0,3009662.0,77490.09,8375382500.0,105974.01,95257.586,93864.57,3401.6064,3737.8235,-336.21713,61.14799,62.236458,111239.75,105974.01,100708.27,110212.86,91314.1,72415.34,69.19083,71.07728,1621871.6,3008.0269,3317.313,0.9067661,29.627203,88782.95,93208.25,97633.55,83307.59,103933.97,74457.0,111959.5,122160.18,127485.53,neutral,111959.5,74457.0,neutral,,,,93864.57,,4560.8657,4585.924
2025-05-29,107723.1,108860.0,105054.2,105539.9,213101.25,22850298000.0,3867631.0,103190.57,11066419000.0,106084.09,95651.74,93949.77,3003.6426,3590.9873,-587.34485,54.50799,57.78316,111210.42,106084.09,100957.766,110633.31,91533.56,72433.82,55.644226,66.12088,1408770.4,3065.0107,3327.0828,0.9212307,27.729181,88782.95,93208.25,97633.55,83307.59,103933.97,74457.0,111959.5,122160.18,127485.53,neutral,111959.5,74457.0,neutral,,,,93949.77,,4324.1978,4533.5786
2025-05-30,105539.9,106266.0,103555.0,103950.0,219701.3,23083176000.0,4162110.0,106922.49,11234607000.0,106132.1,96023.445,94019.12,2530.788,3378.9475,-848.15924,50.230274,54.78559,111157.72,106132.1,101106.48,110913.47,91642.86,72372.25,38.307083,54.380714,1189069.0,3039.7244,3314.7612,0.91702664,26.180998,88782.95,93208.25,97633.55,83307.59,103933.97,74457.0,111959.5,122160.18,127485.53,neutral,111959.5,74457.0,neutral,,,,94019.12,,4020.7307,4431.009
2025-05-31,103949.9,104859.3,103032.1,104544.7,103607.84,10771231000.0,2173534.0,50579.79,5258360000.0,106120.48,96498.99,94085.54,2178.918,3138.9417,-960.0236,51.755424,55.688416,111159.586,106120.48,101081.37,111274.11,91849.06,72424.016,26.604977,40.18543,1292676.9,2953.1155,3285.0098,0.89896697,24.959042,88782.95,93208.25,97633.55,83307.59,103933.97,74457.0,111959.5,122160.18,127485.53,neutral,111959.5,74457.0,neutral,,,,94085.54,,3770.8975,4298.987
2025-06-01,104544.6,105823.6,103704.1,105583.3,97420.24,10189735000.0,1959949.0,48780.477,5102309000.0,106192.41,96979.77,94142.98,1961.2563,2903.4045,-942.14813,54.38446,57.253597,111155.08,106192.41,101229.734,111668.57,92055.1,72441.63,26.750801,30.554287,1390097.1,2893.5715,3261.6997,0.88713604,23.35697,88782.95,93208.25,97633.55,83307.59,103933.97,74457.0,111959.5,122160.18,127485.53,neutral,111959.5,74457.0,neutral,,,,94142.98,,3590.3657,4157.2627
2025-06-02,105583.3,105900.0,103600.6,105814.3,158252.92,16568774000.0,2994803.0,78240.69,8191502000.0,106338.836,97516.44,94194.1,1786.8007,2680.0837,-893.2831,54.972187,57.603325,111060.95,106338.836,101616.73,112050.14,92226.43,72402.71,30.717453,28.02441,1548350.0,2851.1306,3242.4536,0.8793127,21.917276,88782.95,93208.25,97633.55,83307.59,103933.97,74457.0,111959.5,122160.18,127485.53,neutral,111959.5,74457.0,neutral,,,,94194.1,,3429.6094,4011.732
2025-06-03,105814.4,106775.0,104822.4,105330.1,139216.0,14728116000.0,2606908.0,69730.14,7376563700.0,106398.27,97929.93,94241.81,1591.1309,2462.2932,-871.16235,53.418537,56.584427,111035.93,106398.27,101760.61,112408.195,92399.94,72391.67,30.87801,29.448755,1409134.0,2786.95,3216.6567,0.866412,20.55801,88782.95,93208.25,97633.55,83307.59,103933.97,74457.0,111959.5,122160.18,127485.53,neutral,111959.5,74457.0,neutral,,,,94241.81,,3250.8044,3859.5464
2025-06-04,105330.1,105967.2,104111.7,104641.8,118534.125,12459563000.0,2227909.0,58621.742,6162868000.0,106454.64,98385.96,94283.83,1364.7886,2242.7922,-878.0037,51.203175,55.12895,110975.28,106454.64,101933.99,112737.25,92600.92,72464.6,24.978905,28.858122,1290599.9,2720.4177,3189.4336,0.852947,19.243982,88782.95,93208.25,97633.55,83307.59,103933.97,74457.0,111959.5,122160.18,127485.53,neutral,111959.5,74457.0,neutral,,,,94283.83,,3047.2573,3697.0886
2025-06-05,104641.8,105878.3,100305.1,101458.6,246238.67,25426534000.0,4120064.0,117166.336,12100737000.0,106347.21,98714.695,94279.016,917.97125,1977.828,-1059.8568,42.437695,49.007587,111216.945,106347.21,101477.484,112947.52,92772.54,72597.56,17.944258,24.600391,1044361.2,2924.188,3237.109,0.9033332,19.565601,88782.95,93208.25,97633.55,83307.59,103933.97,74457.0,111959.5,122160.18,127485.53,neutral,111959.5,74457.0,neutral,,,,94279.016,,2698.8281,3497.4365
2025-06-06,101458.7,105283.0,101003.4,104240.0,174300.9,18075103000.0,2910225.0,86445.6,8964620000.0,106386.63,99060.19,94327.81,779.31757,1738.126,-958.8084,50.42382,53.72204,111173.39,106386.63,101599.875,113189.016,93037.164,72885.305,21.98198,21.635048,1218662.1,3021.003,3257.9587,0.9272687,19.864248,88782.95,93208.25,97633.55,83307.59,103933.97,74457.0,111959.5,122160.18,127485.53,neutral,111959.5,74457.0,neutral,,,,94327.81,,2526.497,3303.2485
2025-06-07,104240.1,105878.3,103800.1,105507.5,79833.17,8393331700.0,1510843.0,42203.46,4437639700.0,106502.25,99456.44,94397.766,762.9157,1543.0839,-780.16815,53.584156,55.68257,111076.484,106502.25,101928.016,113422.445,93339.85,73257.266,32.654182,24.193474,1298495.2,2953.66,3234.3635,0.9132121,19.801485,88782.95,93208.25,97633.55,83307.59,103933.97,74457.0,111959.5,122160.18,127485.53,neutral,111959.5,74457.0,neutral,,,,94397.766,,2429.8967,3128.5784
2025-06-08,105507.5,106482.6,104927.4,105676.5,75105.1,7939013600.0,1397725.0,38745.875,4096542700.0,106467.43,99840.484,94485.57,754.8526,1385.4376,-630.585,54.005165,55.943867,111055.13,106467.43,101879.734,113720.086,93595.81,73471.54,46.52506,33.720406,1373600.4,2853.77,3200.7803,0.8915857,19.400164,88782.95,93208.25,97633.55,83307.59,103933.97,74457.0,111959.5,122160.18,127485.53,neutral,111959.5,74457.0,neutral,,,,94485.57,,2343.6038,2971.5833
2025-06-09,105676.5,110653.6,105253.2,110227.9,192956.4,20800390000.0,3206202.0,103642.88,11174929000.0,106691.07,100324.47,94589.25,1103.0077,1328.9517,-225.94398,63.584854,62.23957,111525.695,106691.07,101856.44,114207.3,93894.55,73581.8,65.72646,48.301903,1566556.8,3035.672,3244.7727,0.9355577,18.88361,88782.95,93208.25,97633.55,83307.59,103933.97,74457.0,111959.5,122160.18,127485.53,neutral,111959.5,74457.0,neutral,,,,94589.25,,2485.6753,2874.4016
2025-06-10,110228.0,110367.2,108282.0,110235.4,152216.97,16647654000.0,2781353.0,75668.02,8275759000.0,106854.66,100801.66,94693.74,1363.8071,1335.9227,27.884386,63.59831,62.248905,111919.94,106854.66,101789.37,114637.9,94222.08,73806.26,81.0302,64.42724,1718773.8,2967.7812,3221.581,0.9212188,18.403954,88782.95,93208.25,97633.55,83307.59,103933.97,74457.0,111959.5,122160.18,127485.53,neutral,111959.5,74457.0,neutral,,,,94693.74,,2595.093,2818.54
2025-06-11,110235.4,110350.0,108001.2,108600.0,134422.33,14691641000.0,2592990.0,64951.234,7099898400.0,106806.58,101232.3,94787.74,1422.136,1353.1654,68.97058,58.520912,58.91456,111784.79,106806.58,101828.37,115018.37,94499.16,73979.945,90.524254,79.093636,1584351.5,2923.5684,3204.1255,0.91243875,17.816744,88782.95,93208.25,97633.55,83307.59,103933.97,74457.0,111959.5,122160.18,127485.53,neutral,111959.5,74457.0,neutral,,,,94787.74,,2593.8997,2773.612
2025-06-12,108600.1,108782.1,105602.0,105609.5,185790.19,19916220000.0,3320828.0,88829.22,9526204000.0,106518.336,101617.54,94861.9,1213.0701,1325.1464,-112.07621,50.570374,53.420467,111016.266,106518.336,102020.4,115273.5,94738.555,74203.61,75.790695,82.44838,1398561.2,2941.892,3203.645,0.91829526,16.91902,88782.95,93208.25,97633.55,83307.59,103933.97,74457.0,111959.5,122160.18,127485.53,neutral,111959.5,74457.0,neutral,,,,94861.9,,2430.385,2704.9666
2025-06-13,105609.4,106141.1,102614.0,106027.3,245935.4,25704798000.0,4731930.0,123623.27,12923131000.0,106459.086,101999.0,94925.32,1068.7767,1273.8724,-205.0957,51.56051,54.04908,110948.55,106459.086,101969.625,115507.24,95002.445,74497.64,62.236073,76.18367,1644496.6,2983.6926,3210.114,0.9294662,17.155693,88782.95,93208.25,97633.55,83307.59,103933.97,74457.0,111959.5,122160.18,127485.53,neutral,111959.5,74457.0,neutral,,,,94925.32,,2299.318,2623.837
2025-06-14,106027.3,106173.6,104225.4,105359.9,79911.57,8391666000.0,1612153.0,39484.266,4146393900.0,106347.7,102366.66,94957.984,890.30664,1197.1593,-306.85263,49.842945,52.852722,110824.64,106347.7,101870.766,115726.016,95242.86,74759.7,51.799454,63.275406,1564585.1,2909.7288,3184.8757,0.91360825,17.359581,88782.95,93208.25,97633.55,83307.59,103933.97,74457.0,111959.5,122160.18,127485.53,neutral,111959.5,74457.0,neutral,,,,94957.984,,2142.3892,2527.5474
2025-06-15,105359.8,106099.4,104399.9,105534.6,78819.4,8299752400.0,1615722.0,39480.383,4157719300.0,106184.79,102695.18,94995.3,754.2699,1108.5814,-354.3115,50.30956,53.137817,110516.875,106184.79,101852.7,115919.086,95499.805,75080.52,51.558197,55.19791,1643404.5,2823.284,3155.1682,0.89481246,17.548906,88782.95,93208.25,97633.55,83307.59,103933.97,74457.0,111959.5,122160.18,127485.53,neutral,111959.5,74457.0,neutral,,,,94995.3,,2006.2379,2423.2854
2025-06-16,105534.7,108900.0,104920.0,106750.1,166813.22,17887210000.0,3134819.0,85153.48,9131176000.0,106059.23,102937.82,95013.35,736.0557,1034.0763,-298.02054,53.547607,55.120415,110159.45,106059.23,101959.0,116194.34,95723.85,75253.37,53.88639,52.41468,1810217.8,2905.9065,3171.665,0.9162085,16.387775,88782.95,93208.25,97633.55,83307.59,103933.97,74457.0,111959.5,122160.18,127485.53,neutral,111959.5,74457.0,neutral,,,,95013.35,,1940.5725,2326.743
2025-06-17,106750.1,107727.4,103300.0,104508.0,226051.86,23808393000.0,3970409.0,112258.83,11824212000.0,105850.59,103135.56,95013.24,534.5402,934.16907,-399.6288,47.410427,50.94586,109796.55,105850.59,101904.65,116356.01,95952.22,75548.43,51.142357,52.19565,1584165.9,3014.5845,3196.7795,0.9430067,15.933921,88782.95,93208.25,97633.55,83307.59,103933.97,74457.0,111959.5,122160.18,127485.53,neutral,111959.5,74457.0,neutral,,,,95013.24,,1762.6207,2213.9185
2025-06-18,104508.0,105500.0,103426.1,104832.8,172706.4,18052952000.0,3219465.0,86108.27,9001683000.0,105712.96,103333.766,95036.72,396.4761,826.63043,-430.15436,48.33423,51.504524,109589.07,105712.96,101836.86,116514.88,96185.73,75856.58,48.8818,51.303516,1756872.2,2947.3928,3174.322,0.92851096,15.512485,88782.95,93208.25,97633.55,83307.59,103933.97,74457.0,111959.5,122160.18,127485.53,neutral,111959.5,74457.0,neutral,,,,95036.72,,1617.8988,2094.7146
2025-06-19,104832.8,105185.7,103870.3,104607.1,87710.6,9170655000.0,1606233.0,43107.754,4507096000.0,105668.54,103515.87,95052.445,265.7834,714.46106,-448.67767,47.707092,51.08007,109572.836,105668.54,101764.25,116651.96,96419.46,76186.96,40.569706,46.86462,1669161.6,2830.822,3137.1436,0.9023565,15.12115,88782.95,93208.25,97633.55,83307.59,103933.97,74457.0,111959.5,122160.18,127485.53,neutral,111959.5,74457.0,neutral,,,,95052.445,,1474.7871,1970.729
2025-06-20,104607.1,106486.2,102255.3,103246.1,199102.14,20795552000.0,3108911.0,97416.1,10175737000.0,105635.02,103673.51,95033.32,51.79013,581.9269,-530.1367,43.999714,48.546913,109609.22,105635.02,101660.83,116773.625,96612.74,76451.86,30.964376,40.13863,1470059.5,2930.8274,3159.0188,0.92776513,15.395942,88782.95,93208.25,97633.55,83307.59,103933.97,74457.0,111959.5,122160.18,127485.53,neutral,111959.5,74457.0,neutral,,,,95033.32,,1277.0027,1831.9838
2025-06-21,103246.1,103940.6,100789.9,102079.8,120771.35,12390156000.0,2033604.0,58453.59,5997353500.0,105517.65,103825.92,95022.76,-209.49678,423.64212,-633.1389,41.055355,46.473175,109750.875,105517.65,101284.414,116875.086,96776.97,76678.85,20.739378,30.75782,1349288.1,2946.5327,3158.8523,0.9327858,16.163094,88782.95,93208.25,97633.55,83307.59,103933.97,74457.0,111959.5,122160.18,127485.53,neutral,111959.5,74457.0,neutral,,,,95022.76,,1043.1969,1674.2264
2025-06-22,102079.8,103362.6,98115.4,100904.7,293562.62,29530841000.0,4876091.0,147071.52,14794588000.0,105294.86,103933.84,95003.02,-505.5615,237.8014,-743.3629,38.27616,44.463833,109961.125,105294.86,100628.586,116944.8,96929.05,76913.3,15.707094,22.470284,1055725.5,3110.866,3200.6194,0.9719575,17.656883,88782.95,93208.25,97633.55,83307.59,103933.97,74457.0,111959.5,122160.18,127485.53,neutral,111959.5,74457.0,neutral,,,,95003.02,,779.3221,1495.2455
2025-06-23,100904.7,106050.0,99547.6,105290.9,297222.03,30424121000.0,4717211.0,150465.02,15408831000.0,105269.93,104135.49,95006.24,-381.86334,113.86846,-495.73178,51.479225,52.511063,109930.43,105269.93,100609.44,117112.4,97135.984,77159.56,31.296854,22.58111,1352947.6,3353.1184,3266.655,1.0264685,17.691479,88782.95,93208.25,97633.55,83307.59,103933.97,74457.0,111959.5,122160.18,127485.53,neutral,111959.5,74457.0,neutral,,,,95006.24,,769.12244,1350.0209
2025-06-24,105291.0,106239.0,104570.8,106034.9,144449.89,15211187000.0,2565480.0,71801.2,7561433000.0,105303.49,104352.03,95015.13,-221.24667,46.845432,-268.0921,53.303844,53.705795,109975.375,105303.49,100631.62,117297.45,97347.71,77397.97,48.514557,31.839502,1497397.5,3232.767,3234.6858,0.9994068,17.636232,88782.95,93208.25,97633.55,83307.59,103933.97,74457.0,111959.5,122160.18,127485.53,neutral,111959.5,74457.0,neutral,,,,95015.13,,793.75616,1238.768
2025-06-25,106034.9,108095.7,105755.6,107280.0,159277.83,17055576000.0,2665403.0,81148.88,8689451000.0,105429.125,104549.43,95046.59,6.4381304,38.763973,-32.325844,56.26774,55.665718,110164.52,105429.125,100693.72,117469.66,97605.01,77740.36,69.42528,49.745564,1656675.2,3169.0051,3216.7942,0.98514396,16.76047,88782.95,93208.25,97633.55,83307.59,103933.97,74457.0,111959.5,122160.18,127485.53,neutral,111959.5,74457.0,neutral,,,,95046.59,,873.1042,1165.6353
2025-06-26,107280.1,108249.9,106500.0,106913.7,114433.38,12286992000.0,2181091.0,56752.074,6094350000.0,105688.89,104732.75,95079.21,155.52979,62.117134,93.41264,55.158535,54.947132,110112.81,105688.89,101264.97,117578.08,97878.14,78178.2,77.097,65.01228,1542241.9,3067.6406,3187.4563,0.9624103,15.881381,88782.95,93208.25,97633.55,83307.59,103933.97,74457.0,111959.5,122160.18,127485.53,neutral,111959.5,74457.0,neutral,,,,95079.21,,918.26624,1116.1614
2025-06-27,106913.8,107686.0,106313.1,107010.7,118637.45,12685404000.0,2005062.0,60117.113,6428393500.0,105820.83,104936.516,95117.42,278.30496,105.3547,172.95026,55.40921,55.108265,110229.27,105820.83,101412.38,117666.625,98155.195,78643.766,83.01405,76.51211,1660879.4,2946.5876,3151.165,0.9350788,15.142175,88782.95,93208.25,97633.55,83307.59,103933.97,74457.0,111959.5,122160.18,127485.53,neutral,111959.5,74457.0,neutral,,,,95117.42,,957.1385,1084.3568
2025-06-28,107010.6,107538.0,106767.0,107241.0,35670.418,3824572000.0,747193.0,18591.879,1993427500.0,105903.375,105173.08,95141.04,389.69626,162.223,227.47325,56.037594,55.504982,110350.016,105903.375,101456.74,117748.96,98432.984,79117.01,82.89351,81.00152,1696549.8,2791.1885,3103.5618,0.89935005,14.455769,88782.95,93208.25,97633.55,83307.59,103933.97,74457.0,111959.5,122160.18,127485.53,neutral,111959.5,74457.0,neutral,,,,95141.04,,997.1035,1066.9061
2025-06-29,107240.9,108499.0,107112.6,108309.8,79448.33,8563401700.0,1398904.0,41552.004,4478823400.0,106028.77,105420.586,95165.26,557.7881,241.33603,316.45206,58.930202,57.34198,110589.79,106028.77,101467.75,117909.55,98693.54,79477.52,87.20861,84.372055,1775998.1,2690.8464,3069.2185,0.87672037,13.503738,88782.95,93208.25,97633.55,83307.59,103933.97,74457.0,111959.5,122160.18,127485.53,neutral,111959.5,74457.0,neutral,,,,95165.26,,1079.7281,1069.4706
2025-06-30,108309.8,108783.9,106686.4,107087.4,114681.38,12341254000.0,1865096.0,55900.03,6016047600.0,105879.23,105607.66,95196.64,585.614,310.19162,275.42236,54.512413,54.63328,110070.68,105879.23,101687.766,117951.766,98969.97,79988.164,87.74746,85.94986,1661316.8,2648.4646,3049.7842,0.86841047,12.670009,88782.95,93208.25,97633.55,83307.59,103933.97,74457.0,111959.5,122160.18,127485.53,neutral,111959.5,74457.0,neutral,,,,95196.64,96223.03,1083.8535,1072.3472
2025-07-01,107087.3,107499.9,105182.6,105637.9,120434.4,12798967000.0,2043731.0,58611.965,6229056000.0,105660.3,105764.914,95230.2,485.11163,345.17563,139.936,49.74977,51.598557,109371.516,105660.3,101949.08,117953.25,99222.29,80491.32,83.045586,86.00055,1540882.2,2624.81,3035.1345,0.86480844,12.59741,88782.95,93208.25,97633.55,83307.59,103933.97,74457.0,111959.5,122160.18,127485.53,neutral,111959.5,74457.0,neutral,,,,95230.2,96244.37,1009.48645,1059.775
2025-07-02,105637.9,109690.4,105010.0,108800.0,177567.27,19179637000.0,2621458.0,92413.93,9983566000.0,105669.82,105866.23,95304.44,653.0894,406.7584,246.33104,58.3074,57.061825,109412.06,105669.82,101927.58,118051.16,99502.49,80953.836,82.30564,84.36623,1718449.6,2771.638,3068.0398,0.90339047,11.947125,88782.95,93208.25,97633.55,83307.59,103933.97,74457.0,111959.5,122160.18,127485.53,neutral,111959.5,74457.0,neutral,,,,95304.44,96281.46,1098.9602,1067.612
2025-07-03,108800.0,110484.0,108480.6,109545.2,141488.0,15492329000.0,2342574.0,73227.89,8018864000.0,105857.234,105986.28,95359.45,836.69946,492.7466,343.95288,60.034748,58.228527,109946.72,105857.234,101767.75,118145.625,99795.07,81444.516,85.07623,83.475815,1859937.6,2716.7637,3046.747,0.89169323,11.689809,88782.95,93208.25,97633.55,83307.59,103933.97,74457.0,111959.5,122160.18,127485.53,neutral,111959.5,74457.0,neutral,,,,95359.45,96306.88,1207.2255,1095.5348
2025-07-04,109545.1,109732.3,107200.0,107935.4,132305.84,14316423000.0,1957162.0,64249.7,6952968700.0,105948.09,106043.49,95427.625,842.6014,562.7176,279.88385,54.75705,54.848133,110132.35,105948.09,101763.84,117978.875,100127.04,82275.2,88.03732,85.13973,1727631.8,2703.5876,3036.458,0.89037544,10.880505,88782.95,93208.25,97633.55,83307.59,103933.97,74457.0,111959.5,122160.18,127485.53,neutral,111959.5,74457.0,neutral,,,,95427.625,96316.445,1213.2661,1119.081
2025-07-05,107935.3,108368.1,107688.3,108153.4,36660.95,3960654300.0,734951.0,18462.03,1994707200.0,106081.12,106117.69,95504.95,855.0134,621.17676,233.83669,55.329754,55.2178,110358.695,106081.12,101803.55,117812.83,100453.03,83093.234,84.32051,85.811356,1764292.6,2559.0315,2989.325,0.85605663,10.129008,88782.95,93208.25,97633.55,83307.59,103933.97,74457.0,111959.5,122160.18,127485.53,neutral,111959.5,74457.0,neutral,,,,95504.95,96326.836,1223.2645,1139.9177
2025-07-06,108153.4,109684.7,107743.4,109145.8,72388.6,7864421400.0,1278877.0,37107.027,4031820500.0,106253.08,106234.17,95589.164,934.16003,683.7734,250.38663,57.93989,56.90431,110715.305,106253.08,101790.85,117495.16,100822.11,84149.07,82.77184,85.04322,1836681.2,2514.9077,2968.3645,0.8472369,10.006491,88782.95,93208.25,97633.55,83307.59,103933.97,74457.0,111959.5,122160.18,127485.53,neutral,111959.5,74457.0,neutral,,,,95589.164,96371.664,1275.3169,1166.9976
2025-07-07,109145.8,109667.3,107456.0,108203.9,106397.58,11536683000.0,1788546.0,52139.047,5654097400.0,106322.31,106309.12,95667.49,910.3864,729.096,181.29044,54.674515,54.845886,110857.74,106322.31,101786.875,117393.82,101109.93,84826.04,76.78714,81.29317,1730283.8,2493.2214,2953.2231,0.84423745,9.736789,88782.95,93208.25,97633.55,83307.59,103933.97,74457.0,111959.5,122160.18,127485.53,neutral,111959.5,74457.0,neutral,,,,95667.49,96425.51,1266.3501,1186.868
2025-07-08,108203.9,109180.0,107400.0,108873.1,95156.02,10320330000.0,1658291.0,47448.08,5146117000.0,106530.17,106407.57,95750.56,934.7691,770.2306,164.53848,56.548214,56.032375,111113.805,106530.17,101946.54,117141.78,101439.29,85736.8,73.2587,77.605896,1825439.8,2442.277,2929.7588,0.83361036,9.454424,88782.95,93208.25,97633.55,83307.59,103933.97,74457.0,111959.5,122160.18,127485.53,neutral,111959.5,74457.0,neutral,,,,95750.56,96481.055,1285.8116,1206.6567
2025-07-09,108873.2,112036.8,108273.5,111199.9,167834.73,18458202000.0,2548622.0,87925.1,9671704000.0,106833.37,106543.664,95849.07,1128.8334,841.9512,286.8822,62.37258,59.881016,111757.47,106833.37,101909.266,117107.625,101751.89,86396.16,73.36739,74.47108,1993274.5,2536.636,2946.4294,0.8609186,10.455805,88782.95,93208.25,97633.55,83307.59,103933.97,74457.0,111959.5,122160.18,127485.53,neutral,111959.5,74457.0,neutral,,,,95849.07,96550.74,1412.3623,1247.7979
2025-07-10,111199.8,117500.0,110432.2,115979.2,225570.22,25573716000.0,3420723.0,119208.75,13523226000.0,107374.9,106772.16,95973.07,1649.2686,1003.4147,645.8539,70.97779,66.25214,113544.36,107374.9,101205.43,117334.16,102097.3,86860.445,82.16184,76.26265,2218844.8,2860.2905,3028.857,0.94434655,12.909923,88782.95,93208.25,97633.55,83307.59,103933.97,74457.0,111959.5,122160.18,127485.53,neutral,111959.5,74457.0,neutral,,,,95973.07,96654.875,1752.4662,1348.7316
2025-07-11,115979.2,118882.8,115186.7,117500.0,199819.36,23468288000.0,3481508.0,100784.695,11836216000.0,108053.66,107034.34,96118.195,2159.539,1234.6395,924.8996,73.08697,67.95255,115299.31,108053.66,100807.99,117545.39,102476.92,87408.45,88.64868,81.39264,2418664.0,2919.9912,3042.2017,0.95982826,15.467208,88782.95,93208.25,97633.55,83307.59,103933.97,74457.0,111959.5,122160.18,127485.53,neutral,111959.5,74457.0,neutral,,,,96118.195,96768.07,2110.5327,1501.0918
2025-07-12,117500.0,118176.9,116862.4,117389.3,63722.473,7488784400.0,1330505.0,31394.033,3689856500.0,108782.68,107234.016,96248.69,2525.883,1492.8882,1032.9948,72.67295,67.69187,116540.06,108782.68,101025.29,117747.92,102845.86,87943.8,89.03016,86.61356,2354941.5,2805.3132,3007.6477,0.9327267,17.84183,88782.95,93208.25,97633.55,83307.59,103933.97,74457.0,111959.5,122160.18,127485.53,neutral,111959.5,74457.0,neutral,,,,96248.69,96861.875,2400.592,1680.9918
2025-07-13,117389.4,119655.0,117164.3,119038.3,90052.38,10670542000.0,1810973.0,45809.832,5428491000.0,109646.18,107479.59,96398.54,2915.6636,1777.4434,1138.2203,74.94937,69.5207,117733.63,109646.18,101558.73,117960.914,103243.945,88526.97,91.68521,89.78802,2444994.0,2782.8408,2997.3088,0.9284465,20.341822,88782.95,93208.25,97633.55,83307.59,103933.97,74457.0,111959.5,122160.18,127485.53,neutral,111959.5,74457.0,neutral,,,,96398.54,96960.17,2719.0398,1888.6014
2025-07-14,119038.3,123300.0,118862.6,119816.5,221556.12,26804450000.0,4034670.0,113834.67,13772359000.0,110337.875,107716.25,96547.68,3249.899,2071.9346,1177.9646,75.96684,70.352295,119258.76,110337.875,101417.0,118193.78,103646.49,89099.2,88.659134,89.791504,2666550.0,2901.0237,3026.1106,0.9586641,23.25666,88782.95,93208.25,97633.55,83307.59,103933.97,74457.0,111959.5,122160.18,127485.53,neutral,111959.5,74457.0,neutral,,,,96547.68,97080.5,3016.6272,2114.2065
2025-07-15,119816.5,119919.4,115678.1,117738.5,269977.44,31656600000.0,4738657.0,131447.5,15412736000.0,110895.19,107864.055,96682.35,3308.9622,2319.34,989.62213,68.02185,65.35292,120128.02,110895.19,101662.36,118306.38,104015.29,89724.195,82.111916,87.48542,2396572.5,2996.7576,3050.4143,0.98241,24.326654,88782.95,93208.25,97633.55,83307.59,103933.97,74457.0,111959.5,122160.18,127485.53,neutral,111959.5,74457.0,neutral,,,,96682.35,97197.9,3152.0815,2321.7815
2025-07-16,117738.6,120100.0,117017.1,118590.7,159165.95,18903224000.0,3160880.0,79673.55,9462556000.0,111433.8,107990.016,96832.51,3385.5093,2532.574,852.93555,69.433716,66.381645,121070.984,111433.8,101796.6,118397.016,104399.22,90401.43,73.76548,81.51218,2555738.5,3002.9106,3051.0642,0.9842175,25.358202,88782.95,93208.25,97633.55,83307.59,103933.97,74457.0,111959.5,122160.18,127485.53,neutral,111959.5,74457.0,neutral,,,,96832.51,97314.555,3294.7446,2516.3743
2025-07-17,118590.7,120951.5,117412.8,119176.6,164274.4,19529126000.0,3301670.0,82532.266,9814513000.0,112017.74,108206.48,96988.73,3453.6394,2716.7869,736.8525,70.401276,67.087105,121969.58,112017.74,102065.91,118506.125,104782.7,91059.28,71.577065,75.81815,2720013.0,3041.1814,3060.817,0.9935849,26.499247,88782.95,93208.25,97633.55,83307.59,103933.97,74457.0,111959.5,122160.18,127485.53,neutral,111959.5,74457.0,neutral,,,,96988.73,97441.94,3429.5427,2699.0078
2025-07-18,119176.5,120846.1,116788.9,117896.4,162246.9,19250655000.0,3368152.0,78772.03,9348607000.0,112536.11,108391.88,97137.23,3365.536,2846.5369,518.9991,65.52088,64.00565,122524.68,112536.11,102547.54,118499.04,105150.766,91802.49,70.38454,71.90903,2557766.0,3113.7542,3080.7444,1.0107148,27.235836,88782.95,93208.25,97633.55,83307.59,103933.97,74457.0,111959.5,122160.18,127485.53,neutral,111959.5,74457.0,neutral,,,,97137.23,97567.625,3463.6372,2851.9338
2025-07-19,117896.5,118456.0,117245.9,117814.4,52531.19,6197161000.0,1248912.0,24526.72,2893580500.0,113039.6,108552.945,97278.664,3251.6138,2927.5522,324.0616,65.20906,63.808537,122975.58,113039.6,103103.625,118563.195,105491.76,92420.32,68.63443,70.19868,2505234.8,2977.7788,3043.3315,0.9784602,27.919811,88782.95,93208.25,97633.55,83307.59,103933.97,74457.0,111959.5,122160.18,127485.53,neutral,111959.5,74457.0,neutral,,,,97278.664,97688.95,3471.37,2975.821
2025-07-20,117814.3,118158.7,117618.0,117919.6,11203.284,1320995200.0,280653.0,6090.613,718187200.0,113497.21,108708.086,97409.78,3133.695,2968.7808,164.91441,65.436325,63.958057,123404.836,113497.21,103589.59,118841.41,105767.2,92693.0,65.89182,68.3036,2516438.2,2803.7017,2993.279,0.9366657,28.554932,88782.95,93208.25,97633.55,83307.59,103933.97,74457.0,111959.5,122160.18,127485.53,neutral,111959.5,74457.0,neutral,,,,97409.78,97805.64,3465.8848,3073.8337
