open_time,开盘价,最高价,最低价,收盘价,成交量,成交额,MA20,MA50,MA_LONG,MACD,MACD_Signal,MACD_Hist,RSI,RSI_Long,BB_Upper,BB_Middle,BB_Lower,BB_Long_Upper,Stoch_SlowK,Stoch_SlowD,ATR,ATR_Long,ADX,OBV
2025-07-17 20:30:00,119003.7,119390.0,118999.7,119221.4,1263,150585300,119306.95,119080.93,118587.73,-15.8523,52.6788,-68.5311,52.2,53.94,119938.85,119356.45,118774.06,119800.67,42.4637,32.9053,415.54,381.48,31.0503,-14535
2025-07-17 20:45:00,119221.5,119440.8,119076.9,119428.8,1291,153890910,119287.73,119097.19,118613.0,40.6473,48.6683,-8.021,58.36,56.01,119951.56,119370.91,118790.25,119810.34,57.1864,42.5503,409.08,380.64,28.1845,-13244
2025-07-17 21:00:00,119428.8,120145.9,119410.5,120094.9,7681,920671170,119324.77,119155.27,118652.77,197.8734,98.4033,99.47,71.93,61.81,120118.46,119444.97,118771.48,119865.31,75.2442,58.2981,449.87,397.53,27.9721,-5563
2025-07-17 21:15:00,120095.0,120951.5,120094.9,120900.1,9397,1132973400,119481.02,119262.1,118695.84,431.6657,209.4908,222.1749,80.77,67.28,120534.12,119546.02,118557.93,120115.38,88.8612,73.764,500.71,419.39,30.495,3833
2025-07-17 21:30:00,120900.0,120930.8,120033.4,120615.2,6635,799413200,119621.75,119360.43,118738.06,490.4392,303.1403,187.2989,71.48,63.88,120747.34,119624.55,118501.76,120277.51,94.1023,86.0692,550.3,442.16,32.2382,-2801
2025-07-17 21:45:00,120615.2,120752.1,120177.0,120254.8,1405,169276060,119785.0,119446.48,118776.95,432.0222,346.1009,85.9213,61.11,59.86,120845.59,119680.58,118515.56,120372.91,85.2261,89.3966,553.4,448.49,33.7634,-4206
2025-07-17 22:00:00,120254.8,120450.0,120112.5,120432.4,1729,207934600,119993.9,119536.1,118816.88,411.8971,368.033,43.8641,64.1,61.13,120956.93,119733.38,118509.84,120478.84,77.0177,85.4487,526.41,443.2,34.4986,-2477
2025-07-17 22:15:00,120432.4,120706.1,120041.7,120077.6,2029,244176930,120128.15,119591.99,118847.77,313.2019,349.756,-36.554,54.35,57.33,121003.14,119769.02,118534.89,120537.44,65.7762,76.0067,543.66,453.73,36.1297,-4507
2025-07-17 22:30:00,120077.6,120272.5,120077.4,120162.0,941,113055060,120245.73,119661.88,118881.38,257.9665,319.1595,-61.1929,56.2,57.99,121063.41,119825.07,118586.73,120587.58,58.5177,67.1039,500.09,441.42,37.5569,-3566
2025-07-17 22:45:00,120162.1,120336.4,119451.3,119767.8,3250,389367100,120288.1,119714.81,118903.7,139.0336,259.1175,-120.0839,46.03,53.95,121038.72,119893.32,118747.91,120600.65,41.0821,55.1253,548.22,462.55,33.3678,-6816
2025-07-17 23:00:00,119767.8,119878.4,119569.8,119711.0,1407,168466960,120240.11,119736.51,118914.2,53.6322,190.6224,-136.9902,44.67,53.39,120949.49,119972.47,118995.44,120619.98,29.1391,42.913,518.26,455.22,29.7024,-8223
2025-07-17 23:15:00,119711.1,119883.3,119428.4,119608.0,1999,239022700,120078.6,119755.64,118925.64,-17.3415,121.3011,-138.6426,42.05,52.35,120876.52,120022.84,119169.16,120630.57,17.4061,29.2091,510.34,455.2,26.5247,-10221
2025-07-17 23:30:00,119608.0,119665.6,119250.0,119360.1,1085,129573030,119921.71,119740.06,118936.58,-104.2912,46.1037,-150.3949,36.09,49.89,120855.06,120034.39,119213.72,120623.58,12.8942,19.8132,498.5,453.31,24.9818,-11306
2025-07-17 23:45:00,119360.1,119470.5,119155.0,119176.6,1417,168986030,119786.94,119716.42,118946.78,-183.9629,-30.5852,-153.3777,32.16,48.14,120891.85,120013.38,119134.9,120606.46,7.5073,12.6025,475.63,446.75,24.267,-12722
2025-07-18 00:00:00,119176.5,119370.0,119003.8,119037.6,1207,143806640,119612.59,119690.48,118955.64,-247.2056,-102.792,-144.4136,29.34,46.83,120926.2,119925.27,118924.34,120580.63,3.8301,8.0772,461.95,442.92,24.6231,-13929
2025-07-18 00:15:00,119037.6,119592.1,119037.5,119482.0,1339,159849040,119538.14,119675.4,118977.54,-186.925,-130.8363,-56.0887,46.78,51.28,120674.89,119807.09,118939.29,120560.66,13.2712,8.2029,473.53,448.23,22.7046,-12590
2025-07-18 00:30:00,119481.9,119749.8,119478.0,119731.5,1541,184361440,119484.33,119679.27,119003.0,-96.0539,-119.2422,23.1883,54.18,53.57,120482.27,119733.45,118984.63,120565.72,40.3871,19.1628,448.31,439.83,20.1037,-11049
2025-07-18 00:45:00,119731.5,119785.1,119500.0,119735.8,1345,161002860,119480.33,119691.01,119030.5,-38.7345,-92.4063,53.6718,54.31,53.61,120383.94,119690.2,118996.45,120555.41,67.2847,40.3143,427.91,432.46,18.1404,-9703
2025-07-18 01:00:00,119735.9,120485.8,119636.0,120259.7,3386,406545920,119548.91,119753.43,119068.72,95.6544,-29.7194,125.3738,67.28,58.16,120323.45,119675.8,119028.16,120573.94,83.571,63.7476,480.65,452.34,20.8008,-6317
2025-07-18 01:15:00,120259.7,120441.9,120010.4,120167.8,2252,270721020,119618.89,119820.41,119105.5,150.3883,30.3165,120.0718,63.59,57.13,120347.42,119683.33,119019.23,120607.18,82.1717,77.6758,474.5,451.35,23.1287,-8570
2025-07-18 01:30:00,120167.8,120799.0,120032.3,120374.5,3127,376693600,119745.69,119885.7,119149.23,213.8749,91.5026,122.3723,68.18,58.85,120413.16,119701.03,118988.9,120655.82,79.8799,81.8742,511.03,466.36,26.6502,-5443
2025-07-18 01:45:00,120374.5,120473.2,120250.0,120346.1,852,102569930,119891.88,119939.25,119195.47,234.5589,139.188,95.3709,66.83,58.51,120530.73,119749.23,118967.72,120698.2,76.395,79.4822,475.05,454.78,29.7315,-6295
2025-07-18 02:00:00,120346.1,120362.5,119911.2,120100.0,1566,188050220,120024.67,119971.21,119243.38,188.3327,155.5696,32.7631,55.68,55.59,120581.75,119781.64,118981.53,120718.21,65.9094,74.0614,472.08,454.62,28.7308,-7861
2025-07-18 02:15:00,120100.0,120314.8,119862.0,120215.5,1185,142336100,120116.36,119976.96,119284.12,174.9495,162.0296,12.9199,59.39,56.66,120653.58,119832.27,119010.95,120747.44,58.8184,67.041,469.67,454.53,27.3772,-6675
2025-07-18 02:30:00,120215.5,120400.0,120114.4,120272.7,875,105267704,120184.02,119947.08,119328.11,169.8663,164.6418,5.2245,61.26,57.19,120713.3,119908.32,119103.34,120775.59,52.3042,59.0107,446.66,446.49,26.7935,-5800
2025-07-18 02:45:00,120272.7,120276.0,120053.2,120075.2,624,74929650,120226.44,119921.37,119368.85,121.2536,150.1791,-28.9254,51.67,54.75,120685.19,119983.2,119281.21,120791.79,44.1936,51.7721,418.68,435.83,25.5794,-6424
2025-07-18 03:00:00,120075.3,120149.9,119926.0,120084.6,974,116872744,120204.55,119913.27,119408.76,89.4915,129.9499,-40.4584,52.08,54.84,120549.48,120070.45,119591.41,120808.29,33.7522,43.4166,394.33,425.74,23.0796,-5450
2025-07-18 03:15:00,120084.7,120216.7,119974.0,120046.8,808,97108616,120189.42,119894.9,119452.57,59.8802,106.5933,-46.7131,50.06,54.35,120476.62,120117.52,119758.41,120798.45,25.5819,34.5092,375.38,417.03,21.5492,-6259
2025-07-18 03:30:00,120046.8,120324.0,119986.7,120324.0,754,90642310,120183.11,119906.63,119490.06,92.908,102.0315,-9.1235,62.53,57.29,120470.76,120166.89,119863.02,120780.14,46.622,35.3187,370.62,413.23,21.2436,-5504
2025-07-18 03:45:00,120324.0,120492.2,120160.0,120212.8,883,106310110,120166.45,119909.06,119521.91,86.1759,96.7463,-10.5704,55.98,55.78,120400.57,120206.64,120012.71,120764.88,57.258,43.154,365.82,409.37,22.4167,-6388
2025-07-18 04:00:00,120212.8,120221.4,119726.5,119873.9,1382,165696270,120138.19,119914.1,119542.98,13.673,69.0552,-55.3822,40.81,51.44,120426.27,120174.49,119922.71,120746.38,53.5963,52.4921,381.95,413.44,20.6123,-7769
2025-07-18 04:15:00,119874.0,120076.9,119818.0,120076.9,650,77951530,120120.86,119931.53,119570.75,10.2583,49.4563,-39.1979,50.24,53.7,120423.37,120166.91,119910.46,120743.69,40.2258,50.36,366.57,406.08,19.0335,-7119
2025-07-18 04:30:00,120076.8,120312.1,120070.8,120262.1,895,107596020,120119.54,119962.68,119598.2,43.0948,47.3358,-4.241,57.45,55.68,120394.81,120157.55,119920.28,120753.15,44.9872,46.2697,350.91,398.24,17.9941,-6224
2025-07-18 04:45:00,120262.1,120478.9,120262.0,120387.8,776,93422720,120158.61,120011.62,119633.91,83.7492,59.4736,24.2756,61.83,56.99,120407.94,120161.02,119914.1,120686.72,67.3588,50.8573,334.16,389.6,18.4584,-5448
2025-07-18 05:00:00,120387.8,120628.6,120165.3,120545.3,2321,279315230,120216.2,120076.79,119670.94,132.9923,83.9798,49.0124,66.82,58.61,120506.96,120198.13,119889.3,120677.98,82.3602,64.9021,350.3,393.11,19.9616,-3128
2025-07-18 05:15:00,120545.3,120609.4,120366.0,120537.1,1079,130010180,120277.48,120148.2,119697.29,153.2363,107.0653,46.171,66.3,58.49,120577.06,120224.93,119872.81,120704.66,88.9961,79.5717,336.94,385.98,21.277,-4206
2025-07-18 05:30:00,120537.0,120545.0,120264.5,120267.6,769,92582630,120270.44,120185.6,119722.61,106.174,106.7682,-0.5942,50.91,54.63,120576.45,120224.51,119872.56,120690.39,80.2018,83.8527,329.88,380.96,20.955,-4975
2025-07-18 05:45:00,120267.7,120626.2,120267.6,120588.3,1292,155730560,120317.38,120226.41,119757.73,135.311,116.2825,19.0286,62.87,58.08,120651.52,120267.27,119883.01,120732.48,81.6225,83.6068,333.47,379.9,21.4483,-3683
2025-07-18 06:00:00,120588.3,120846.1,120289.5,120419.7,2351,283423260,120385.6,120258.97,119791.72,113.4031,115.3227,-1.9196,54.7,55.74,120672.54,120295.2,119917.84,120751.25,66.6709,76.1651,361.36,388.31,23.6726,-6034
2025-07-18 06:15:00,120419.7,120419.8,120153.8,120153.9,786,94508960,120395.23,120253.93,119822.74,44.8556,91.8337,-46.9781,44.14,52.26,120665.87,120304.12,119942.37,120759.41,46.6816,64.9917,349.44,382.49,23.553,-6819
2025-07-18 06:30:00,120153.8,120296.0,120076.9,120265.6,843,101367190,120395.66,120258.59,119853.93,24.8258,69.4977,-44.6719,48.97,53.54,120661.3,120299.25,119937.2,120772.09,23.1828,45.5117,333.15,374.71,22.3532,-5976
2025-07-18 06:45:00,120265.6,120463.2,120231.6,120238.5,645,77586540,120377.0,120252.12,119878.2,7.0361,48.6772,-41.6411,47.8,53.18,120662.01,120301.39,119940.77,120778.12,15.1851,28.3498,320.46,367.89,22.9239,-6621
2025-07-18 07:00:00,120238.6,120375.7,119999.9,120081.3,933,112147100,120319.0,120239.51,119903.41,-33.4073,21.3157,-54.723,41.15,51.06,120623.33,120318.67,120014.02,120758.06,18.3868,18.9182,327.38,368.27,20.3671,-7554
2025-07-18 07:15:00,120081.3,120081.4,119625.4,119666.6,2132,255500780,120210.19,120218.87,119921.78,-133.9175,-30.4287,-103.4888,28.81,46.0,120718.12,120284.48,119850.84,120714.51,11.3345,14.9688,343.45,372.44,20.8742,-9686
2025-07-18 07:30:00,119666.5,119867.7,119641.6,119852.8,1538,184152880,120158.34,120201.59,119932.64,-149.5082,-70.1219,-79.3863,38.47,48.41,120734.59,120250.38,119766.16,120625.8,10.5411,13.4208,328.78,365.48,21.318,-8148
2025-07-18 07:45:00,119852.8,119852.9,119300.0,119356.6,3374,403311800,120004.38,120157.97,119935.38,-245.8121,-128.6853,-117.1268,27.05,43.04,120813.38,120164.44,119515.51,120642.27,8.9566,10.2774,356.8,374.4,23.9566,-11522
2025-07-18 08:00:00,119356.5,119483.2,119230.7,119260.2,2461,293644320,119859.44,120119.16,119927.61,-307.4994,-188.29,-119.2094,25.35,42.08,120809.39,120057.35,119305.31,120689.52,8.6294,9.3757,343.76,368.6,26.642,-13983
2025-07-18 08:15:00,119260.2,119425.9,119076.9,119130.2,1885,224792370,119731.48,120073.71,119917.74,-352.8684,-243.1494,-109.7189,23.06,40.8,120771.36,119940.11,119108.86,120745.68,3.7014,7.0958,344.42,367.66,29.7909,-15868
2025-07-18 08:30:00,119130.1,119130.1,118384.6,118460.9,5556,659494900,119505.89,119998.2,119897.35,-489.476,-325.2583,-164.2177,14.96,35.04,120875.53,119789.55,118703.57,120879.17,3.3568,5.2292,394.56,385.66,34.8108,-21424
2025-07-18 08:45:00,118460.9,118731.2,118412.5,118637.3,2283,270616860,119305.73,119917.88,119876.23,-510.629,-387.0485,-123.5805,23.25,37.48,120758.3,119626.97,118495.63,120945.48,7.5232,4.8604,385.08,382.47,39.2032,-19141
2025-07-18 09:00:00,118637.3,118904.0,118450.0,118842.5,2065,245044270,119150.89,119852.62,119861.56,-459.3152,-411.1374,-48.1777,32.22,40.23,120600.27,119495.53,118390.8,120957.3,16.5331,9.1377,393.7,385.88,40.7261,-17076
2025-07-18 09:15:00,118842.5,118847.4,118550.0,118649.7,2172,257872340,119023.77,119794.33,119846.29,-444.8446,-422.3731,-22.4714,28.56,38.56,120486.27,119370.18,118254.09,120975.75,21.2741,15.1101,381.66,381.66,42.0587,-19249
2025-07-18 09:30:00,118649.6,118909.7,118640.0,118813.1,927,110066140,118893.81,119734.15,119843.82,-384.2688,-409.6717,25.4029,35.77,40.75,120281.38,119249.14,118216.91,120985.42,29.3112,22.3728,367.66,376.33,42.2991,-18322
2025-07-18 09:45:00,118813.1,119000.0,118808.3,118885.0,1727,205429900,118834.86,119668.57,119846.07,-317.6603,-379.0012,61.3409,38.94,41.71,120028.43,119136.35,118244.27,120976.18,35.0381,28.5411,345.67,367.54,41.1603,-16595
2025-07-18 10:00:00,118885.0,118939.0,118660.0,118680.9,944,112143660,118762.45,119587.29,119840.2,-303.3478,-353.7834,50.4356,33.48,39.79,119772.38,119019.65,118266.93,120967.3,42.2682,35.5392,337.34,363.32,41.1939,-17539
2025-07-18 10:15:00,118680.8,118899.8,118503.4,118796.7,1421,168622140,118720.77,119504.02,119832.48,-258.667,-322.0779,63.411,39.13,41.39,119617.96,118947.16,118276.35,120958.26,51.0654,42.7906,344.72,364.9,42.1719,-16118
2025-07-18 10:30:00,118796.7,118929.5,118750.2,118929.5,865,102827790,118779.34,119427.47,119823.4,-195.5224,-279.8928,84.3704,45.34,43.22,119327.85,118870.22,118412.58,120938.35,64.1076,52.4804,324.04,356.06,42.5188,-15253
2025-07-18 10:45:00,118929.5,119266.0,118888.5,119240.1,1685,200662660,118854.69,119378.54,119807.86,-90.9672,-216.9176,125.9504,57.25,47.26,119287.35,118860.51,118433.66,120912.7,83.0604,66.0778,330.72,357.08,38.0884,-13568
2025-07-18 11:00:00,119240.2,119292.0,118980.6,118980.8,880,104812856,118871.98,119301.99,119772.96,-76.2802,-170.0384,93.7583,47.23,44.48,119213.01,118837.23,118461.44,120864.83,81.4411,76.203,328.31,354.91,33.9099,-14447
2025-07-18 11:15:00,118980.8,119039.7,118775.1,118890.3,770,91499540,118902.05,119229.16,119741.6,-81.4932,-140.5234,59.0301,44.09,43.55,119160.02,118817.23,118474.45,120824.09,68.7343,77.7453,320.34,350.61,32.2706,-15217
2025-07-18 11:30:00,118890.3,119129.8,118786.9,119104.0,972,115675080,118938.41,119179.17,119720.68,-39.8868,-106.9778,67.0911,52.75,46.35,119180.85,118870.83,118560.8,120802.18,61.9199,70.6984,323.16,350.24,29.6558,-14245
2025-07-18 11:45:00,119104.1,119194.5,119035.4,119175.5,435,51827732,118974.73,119127.27,119697.83,-0.5932,-71.5163,70.9231,55.44,47.27,119231.8,118915.67,118599.55,120763.84,70.1496,66.9346,302.66,341.14,26.5288,-13810
2025-07-18 12:00:00,119175.5,119316.8,119175.5,119304.8,864,103002296,119052.71,119082.8,119683.77,46.5171,-32.1718,78.6889,60.23,48.93,119321.03,118954.2,118587.37,120707.4,86.4231,72.8309,282.49,331.62,24.1399,-12946
2025-07-18 12:15:00,119304.7,119336.8,119126.2,119202.4,658,78517700,119103.42,119040.94,119666.33,51.7174,-4.2088,55.9261,54.79,47.68,119345.64,119000.26,118654.88,120631.79,86.3939,80.9889,273.5,325.86,21.3728,-13605
2025-07-18 12:30:00,119202.5,119498.7,119202.5,119412.0,1146,136806160,119163.73,119028.82,119659.86,92.1501,27.9108,64.2392,62.81,50.4,119434.27,119050.16,118666.06,120534.85,87.3243,86.7138,276.35,324.45,20.9004,-12459
2025-07-18 12:45:00,119411.9,119519.8,119360.2,119428.5,846,101014630,119187.29,119008.62,119654.72,114.0092,56.6103,57.3989,63.4,50.61,119510.39,119095.46,118680.52,120432.29,83.9436,85.8873,261.76,316.6,20.7255,-11613
2025-07-18 13:00:00,119428.6,119440.4,118859.0,118859.0,3921,466994460,119172.06,118984.92,119641.1,12.5949,41.9385,-29.3436,38.54,43.82,119484.67,119110.3,118735.93,120352.34,61.8653,77.7111,301.71,329.21,21.4615,-15535
2025-07-18 13:15:00,118859.0,118911.6,118636.4,118790.9,1865,221562530,119159.64,118962.58,119630.76,-58.9273,8.3166,-67.2438,36.54,43.09,119485.51,119109.82,118734.12,120213.16,38.3556,61.3882,298.4,326.64,23.608,-17400
2025-07-18 13:30:00,118790.8,118888.0,118500.0,118650.1,3493,414455520,119102.9,118939.71,119621.18,-123.8101,-35.7256,-88.0844,32.47,41.59,119519.74,119086.53,118653.33,120089.67,14.0152,38.0787,309.6,329.56,26.2756,-20892
2025-07-18 13:45:00,118650.0,118857.1,118600.0,118766.8,1402,166521870,119051.81,118954.28,119616.26,-132.7617,-68.071,-64.6907,39.03,43.31,119498.6,119047.09,118595.58,119993.32,19.4566,23.9425,303.04,326.11,28.6096,-19490
2025-07-18 14:00:00,118766.9,119250.0,118689.6,118971.0,2309,274836860,119010.09,118970.17,119606.97,-92.6596,-76.2672,-16.3924,49.12,46.21,119498.2,119046.27,118594.35,119864.26,29.022,20.8313,335.21,337.27,25.5953,-17181
2025-07-18 14:15:00,118970.9,119036.5,117730.0,117931.1,9744,1151298700,118851.17,118926.77,119574.23,-263.408,-138.6475,-124.7606,24.77,36.28,119682.41,118966.34,118250.28,119780.34,27.8611,25.4466,456.62,383.42,28.1853,-26925
2025-07-18 14:30:00,117931.1,118091.1,117230.7,117749.8,6987,822059100,118643.4,118883.92,119538.12,-382.9686,-220.0879,-162.8808,22.5,34.91,119784.06,118853.49,117922.92,119725.81,26.9711,27.9514,507.09,406.13,31.838,-33912
2025-07-18 14:45:00,117749.9,118389.6,117731.9,118123.8,4691,553766140,118480.31,118851.09,119499.29,-361.8143,-267.33,-94.4843,36.5,39.84,119744.03,118765.85,117787.67,119680.02,26.3187,27.0503,525.92,418.11,32.6002,-29221
2025-07-18 15:00:00,118123.9,118255.3,117723.8,117730.6,2232,263376460,118339.27,118796.12,119454.98,-407.3921,-314.0174,-93.3747,29.88,36.77,119689.2,118634.66,117580.14,119629.13,30.8254,28.0384,526.61,423.51,33.2969,-31453
2025-07-18 15:15:00,117730.5,117922.0,117453.1,117740.3,2858,336235170,118207.94,118751.34,119407.08,-412.1893,-346.7413,-65.4479,30.24,36.89,119605.01,118512.83,117420.64,119627.77,31.4069,29.517,519.4,425.67,34.8907,-28595
2025-07-18 15:30:00,117740.3,117930.2,117430.0,117632.0,2076,244357170,118080.67,118695.88,119357.73,-415.931,-369.8046,-46.1265,28.33,36.05,119419.37,118364.49,117309.62,119632.63,23.2886,28.507,517.0,429.22,36.3681,-30671
2025-07-18 15:45:00,117632.1,118011.9,117484.0,117830.0,1440,169599340,117963.58,118643.52,119316.46,-360.5487,-366.7193,6.1706,36.86,38.74,119140.53,118231.28,117322.03,119621.73,26.0991,26.9315,518.36,433.92,36.7944,-29231
2025-07-18 16:00:00,117830.1,118053.5,117664.1,117664.1,1471,173444220,117800.21,118568.47,119270.07,-343.3326,-358.9237,15.5911,33.02,37.36,119012.09,118131.71,117251.32,119647.96,30.1528,26.5135,502.24,431.8,36.6998,-30703
2025-07-18 16:15:00,117664.1,117813.9,117518.2,117590.5,1301,153096600,117757.64,118502.27,119221.3,-331.1648,-349.6708,18.506,31.33,36.75,118870.97,118031.67,117192.38,119669.73,29.1036,28.4518,476.42,425.32,37.3915,-32004
2025-07-18 16:30:00,117590.4,118008.0,117460.0,117900.0,1677,197419730,117776.41,118455.1,119181.76,-249.4896,-316.277,66.7875,45.11,41.0,118739.34,117969.16,117198.98,119659.77,37.0241,32.0935,485.37,431.16,35.7144,-30327
2025-07-18 16:45:00,117900.0,117917.1,117483.7,117543.5,1293,152104000,117703.88,118380.8,119135.56,-258.8423,-297.1321,38.2898,35.53,37.92,118528.02,117867.23,117206.43,119673.29,30.6261,32.2513,478.88,431.27,34.2469,-31620
2025-07-18 17:00:00,117543.5,117651.1,117328.6,117567.7,2647,310868740,117683.52,118304.23,119090.48,-247.2514,-280.5052,33.2538,36.6,38.25,118046.29,117750.28,117454.28,119670.73,36.0455,34.5652,459.33,426.09,34.0857,-28974
2025-07-18 17:15:00,117567.7,117983.8,117542.5,117904.9,1184,139471460,117704.09,118237.57,119046.5,-164.6256,-241.8787,77.2531,50.03,42.72,118040.04,117748.1,117456.16,119646.28,43.5627,36.7448,457.07,426.81,30.212,-27789
2025-07-18 17:30:00,117904.9,117950.0,117553.3,117591.5,826,97358904,117699.02,118160.86,118998.84,-169.2667,-217.6747,48.4079,40.68,39.9,118037.05,117734.91,117432.77,119641.09,49.5838,43.064,449.53,425.38,26.8225,-28616
2025-07-18 17:45:00,117591.6,117699.7,117420.7,117580.0,996,117096510,117667.77,118073.62,118957.13,-166.049,-200.4661,34.4171,40.36,39.8,117913.82,117689.59,117465.37,119624.75,50.9236,48.0234,428.21,418.41,25.1246,-29612
2025-07-18 18:00:00,117580.0,117600.7,117331.6,117386.9,901,105790550,117633.12,117976.41,118908.22,-193.0841,-198.0055,4.9213,34.93,38.09,117929.1,117660.95,117392.8,119601.27,27.2838,42.5971,408.32,411.3,24.4459,-30512
2025-07-18 18:15:00,117386.9,117673.2,117318.1,117673.2,785,92295370,117643.46,117919.94,118861.15,-144.805,-180.272,35.467,47.22,41.96,117920.2,117655.36,117390.52,119529.91,32.9756,37.061,401.67,408.62,22.8838,-29727
2025-07-18 18:30:00,117673.2,117716.3,117510.8,117545.3,531,62471484,117599.12,117860.62,118809.47,-134.6833,-165.0757,30.3924,42.99,40.77,117918.5,117648.13,117377.77,119482.34,32.0176,30.759,377.15,398.95,20.9276,-30258
2025-07-18 18:45:00,117545.2,117615.3,117204.5,117297.9,1108,130120530,117568.42,117796.23,118750.42,-169.6098,-166.5871,-3.0227,35.76,38.54,117905.31,117603.79,117302.27,119445.88,33.1523,32.7152,381.36,399.52,22.1714,-31367
2025-07-18 19:00:00,117297.9,117395.9,117109.4,117339.1,2940,344792700,117539.85,117728.25,118692.28,-173.6436,-168.9392,-4.7043,37.79,39.12,117903.01,117576.71,117250.41,119377.51,24.4801,29.8834,369.5,394.13,23.9763,-28426
2025-07-18 19:15:00,117339.1,117866.0,117339.1,117779.4,1730,203662580,117524.16,117671.51,118647.04,-83.8131,-140.5639,56.7507,55.39,44.97,117934.08,117592.45,117250.82,119285.28,42.6216,33.418,389.17,400.46,21.8512,-26696
2025-07-18 19:30:00,117779.4,117779.5,117402.0,117475.9,732,86064750,117509.71,117649.83,118590.44,-86.2999,-122.4759,36.176,45.12,42.04,117858.43,117557.11,117255.79,119167.46,54.7734,40.625,387.71,399.36,19.9918,-27428
2025-07-18 19:45:00,117475.8,117486.9,117286.2,117361.6,824,96744300,117482.41,117631.34,118534.84,-105.3828,-116.7782,11.3954,41.73,40.99,117858.69,117541.95,117225.22,119054.48,56.7759,51.3903,364.34,389.9,17.8657,-28252
2025-07-18 20:00:00,117361.7,117399.2,117102.7,117160.1,1563,183143680,117454.06,117585.45,118480.41,-149.65,-127.7355,-21.9146,36.13,39.17,117876.45,117507.98,117139.51,118895.49,29.7646,47.1046,355.86,385.45,17.755,-29814
2025-07-18 20:15:00,117160.1,117251.7,116886.0,116980.2,2751,321948800,117367.44,117549.72,118420.68,-202.0861,-152.519,-49.5671,31.7,37.61,117817.2,117430.92,117044.66,118714.88,16.8219,34.4541,357.09,384.51,19.3495,-32565
2025-07-18 20:30:00,116980.2,117054.7,116788.9,116994.0,4955,579059600,117298.52,117514.18,118361.69,-219.7978,-174.9453,-44.8525,32.44,37.81,117812.12,117381.13,116950.14,118618.07,12.058,19.5482,345.68,378.86,21.4138,-27610
2025-07-18 20:45:00,116994.0,117532.3,116984.2,117370.1,3093,363005570,117307.55,117501.71,118312.4,-147.8142,-165.9016,18.0874,49.77,43.03,117780.91,117363.64,116946.37,118504.77,27.5379,18.8059,370.98,386.92,19.3859,-24517
2025-07-18 21:00:00,117370.0,117837.2,117330.0,117816.8,1183,139153810,117367.27,117501.08,118278.77,-14.5561,-115.4531,100.897,62.94,48.43,117874.09,117399.47,116924.85,118413.06,57.0185,32.2048,388.01,392.65,19.7523,-23334
2025-07-18 21:15:00,117816.8,117855.8,117654.5,117708.1,1281,150901180,117358.35,117503.18,118239.77,41.5797,-63.1088,104.6885,58.58,47.29,117882.71,117402.38,116922.04,118281.41,79.39,54.6488,364.67,383.54,20.1937,-24615
2025-07-18 21:30:00,117708.1,117832.5,117708.1,117786.8,544,64078996,117397.21,117512.52,118211.23,86.6678,-13.1833,99.8511,60.87,48.22,117936.11,117422.5,116908.89,118067.6,92.5809,76.3298,334.64,371.2,20.5799,-24071
2025-07-18 21:45:00,117786.8,117860.5,117542.3,117648.3,634,74594936,117433.05,117500.54,118181.92,81.9244,18.5193,63.4051,54.67,46.69,117971.9,117451.7,116931.5,118044.98,86.6289,86.1999,332.58,368.67,18.9686,-24705
2025-07-18 22:00:00,117648.3,117662.2,117379.6,117587.1,1017,119452150,117486.42,117502.62,118153.86,63.6556,33.5647,30.0909,51.94,46.02,117992.7,117472.37,116952.03,118036.18,82.7391,87.3163,326.33,364.57,17.3087,-25722
2025-07-18 22:15:00,117587.2,117957.7,117571.5,117862.6,1504,177230580,117596.73,117516.66,118142.98,102.6613,56.5969,46.0644,61.92,49.47,118014.33,117479.3,116944.27,118000.87,81.6386,83.6688,333.82,365.6,17.1423,-24217
2025-07-18 22:30:00,117862.5,117907.2,117754.7,117755.1,581,68458900,117691.86,117509.52,118126.94,99.5854,70.9264,28.659,56.57,48.21,118054.87,117502.57,116950.27,118002.75,77.4804,80.6194,311.15,355.46,16.9967,-24798
2025-07-18 22:45:00,117755.1,117800.0,117568.9,117663.0,730,85872840,117728.48,117512.93,118105.5,75.5427,72.4652,3.0776,52.07,47.13,118079.57,117527.68,116975.8,117997.59,68.9924,76.0371,301.15,349.53,14.964,-25528
2025-07-18 23:00:00,117662.9,117688.2,117433.6,117645.2,761,89407020,117707.02,117516.03,118087.23,54.8163,66.5822,-11.7659,51.16,46.91,118084.38,117568.11,117051.84,117998.27,54.2299,66.9009,295.33,345.01,14.514,-26289
2025-07-18 23:15:00,117645.2,117860.0,117617.3,117808.5,900,105944360,117719.58,117536.11,118068.97,71.4671,68.2105,3.2566,58.9,49.13,118053.52,117637.13,117220.75,117996.19,56.3859,59.8694,288.75,340.14,13.1514,-25389
2025-07-18 23:30:00,117808.5,117886.0,117769.3,117840.0,479,56431350,117726.23,117544.06,118049.97,83.5787,73.3332,10.2454,60.32,49.56,117945.76,117707.63,117469.51,118010.06,66.5917,59.0692,267.24,329.5,12.2331,-24910
2025-07-18 23:45:00,117840.0,118000.0,117804.5,117896.4,1258,148360620,117757.23,117560.77,118035.7,97.2625,81.3097,15.9528,62.98,50.35,117922.76,117751.49,117580.23,118032.62,78.5135,67.1637,258.27,323.12,12.6337,-23652
2025-07-19 00:00:00,117896.5,117920.0,117804.1,117907.9,663,78191130,117797.34,117589.82,118019.55,102.6407,88.42,14.2207,63.57,50.51,117945.09,117759.09,117573.08,118033.49,81.6962,75.6005,240.48,313.25,12.9783,-22989
2025-07-19 00:15:00,117907.9,117940.0,117851.2,117940.0,386,45558772,117807.02,117618.43,118001.56,106.9406,94.5935,12.3471,65.34,50.99,117982.18,117778.41,117574.63,118060.97,84.9517,81.7205,221.52,302.56,13.5219,-22602
2025-07-19 00:30:00,117940.0,118013.7,117820.6,117884.1,698,82340230,117823.14,117623.42,117976.9,93.6577,94.2816,-0.6239,59.46,50.1,117997.02,117786.52,117576.02,118080.59,83.6017,83.4166,217.97,297.35,14.9061,-23301
2025-07-19 00:45:00,117884.3,117916.1,117682.6,117713.0,528,62251340,117829.39,117634.71,117953.85,49.0171,79.1934,-30.1763,44.99,47.46,117993.2,117791.91,117590.62,118065.12,63.736,77.4298,219.91,294.31,13.6511,-23829
2025-07-19 01:00:00,117713.1,117885.0,117588.0,117885.0,662,77971050,117859.36,117659.63,117935.57,53.9359,70.7743,-16.8383,57.2,50.23,117988.59,117816.73,117644.88,118083.91,57.1896,68.1758,229.54,294.44,12.7831,-23167
2025-07-19 01:15:00,117885.0,117988.0,117848.4,117961.1,574,67735760,117878.44,117697.77,117914.79,68.6735,70.074,-1.4005,61.6,51.42,118010.34,117824.94,117639.54,118109.84,60.5179,60.4812,218.3,287.07,11.9574,-22592
2025-07-19 01:30:00,117961.1,118060.0,117894.4,118000.1,470,55404464,117898.45,117746.34,117893.42,81.2534,73.8005,7.453,63.83,52.04,118045.34,117845.36,117645.38,118138.48,81.5736,66.427,211.71,281.28,12.2666,-22123
2025-07-19 01:45:00,118000.0,118094.6,117935.9,118010.0,680,80241700,117912.65,117794.73,117869.88,86.4585,78.0198,8.4386,64.44,52.2,118063.01,117874.27,117685.54,118163.68,86.0845,76.0587,205.09,275.44,13.0302,-21443
2025-07-19 02:00:00,118010.0,118065.0,117886.4,118009.0,521,61475896,117925.29,117825.15,117848.18,85.1252,80.3883,4.7369,64.31,52.18,118057.48,117904.59,117751.7,118190.34,84.5709,84.0763,201.78,270.83,12.6615,-21964
2025-07-19 02:15:00,118008.9,118065.0,117933.3,117957.7,540,63736904,117927.5,117831.86,117821.73,70.5383,77.105,-6.5666,57.49,51.2,118062.43,117917.02,117771.62,118205.07,79.7934,83.483,193.02,264.21,12.3388,-22504
2025-07-19 02:30:00,117957.6,118205.5,117957.6,118119.1,982,115995150,117956.88,117851.43,117797.93,89.5869,81.2656,8.3213,69.4,54.06,118110.03,117940.28,117770.54,118235.09,80.6959,81.6868,199.88,263.43,14.3744,-21522
2025-07-19 02:45:00,118119.2,118275.0,118104.7,118176.7,761,89994560,118014.84,117869.99,117785.52,107.1772,89.9028,17.2744,72.6,55.05,118167.64,117963.64,117759.64,118268.97,78.6474,79.7122,196.18,259.0,17.087,-20760
2025-07-19 03:00:00,118176.7,118190.0,118088.0,118184.1,422,49883724,118052.23,117895.51,117774.49,113.5346,97.78,15.7545,73.02,55.18,118215.09,117986.66,117758.22,118304.85,79.8579,79.7338,184.41,251.52,18.9865,-20338
2025-07-19 03:15:00,118184.1,118286.4,118160.3,118224.3,559,66079732,118085.12,117925.85,117766.75,119.4181,104.9927,14.4254,75.42,55.91,118265.35,118010.35,117755.35,118337.69,79.3469,79.2841,177.12,245.55,21.9633,-19779
2025-07-19 03:30:00,118224.4,118340.7,118187.8,118265.1,843,99682936,118118.25,117945.02,117757.63,124.865,111.6168,13.2482,77.77,56.66,118315.92,118042.1,117768.28,118355.04,81.4808,80.2285,174.09,241.14,25.2179,-18936
2025-07-19 03:45:00,118265.0,118312.3,118160.4,118295.2,553,65400892,118153.9,117970.73,117745.34,127.7649,116.9995,10.7654,79.45,57.23,118326.0,118090.62,117855.23,118341.6,85.5552,82.1276,171.32,236.89,27.1443,-18383
2025-07-19 04:00:00,118295.3,118337.5,118206.4,118319.2,573,67802030,118192.67,118001.98,117752.4,127.9094,120.6361,7.2732,80.81,57.69,118358.87,118126.8,117894.73,118311.28,88.8595,85.2985,166.29,231.85,29.199,-17810
2025-07-19 04:15:00,118319.1,118333.4,118171.4,118171.4,530,62682544,118219.39,118027.04,117760.06,93.7486,111.6736,-17.925,54.84,53.93,118358.77,118144.33,117929.88,118304.27,72.0744,82.163,165.75,228.52,29.6833,-18340
2025-07-19 04:30:00,118171.5,118300.0,118130.4,118137.5,388,45922616,118221.69,118042.71,117760.31,63.3068,95.5513,-32.2445,50.5,53.09,118355.66,118155.77,117955.88,118318.42,48.9933,69.9757,166.23,225.72,28.6227,-18729
2025-07-19 04:45:00,118137.5,118170.0,118063.4,118104.3,417,49206420,118212.64,118055.3,117767.11,36.5731,75.8919,-39.3188,46.31,52.26,118350.0,118163.63,117977.27,118326.34,22.4471,47.8383,158.78,220.04,25.5304,-19145
2025-07-19 05:00:00,118104.3,118155.0,118013.2,118051.1,324,38302828,118196.02,118062.66,117772.76,9.4218,53.7352,-44.3134,40.09,50.92,118345.06,118167.14,117989.22,118331.71,15.3034,28.9146,156.66,216.32,23.2689,-19470
2025-07-19 05:15:00,118051.1,118115.0,118020.0,118107.1,268,31636166,118181.36,118072.15,117781.4,4.1247,37.1984,-33.0737,48.57,52.28,118322.02,118179.59,118037.17,118333.52,18.4255,18.7254,148.95,210.54,21.29,-19202
2025-07-19 05:30:00,118107.2,118256.9,118086.2,118253.3,417,49264676,118179.89,118087.07,117789.09,28.7491,34.3819,-5.6329,64.06,55.63,118333.45,118190.77,118048.09,118340.29,38.1879,23.9723,151.67,208.64,21.5525,-18785
2025-07-19 05:45:00,118253.4,118264.0,118158.8,118174.0,409,48331144,118164.73,118100.88,117798.37,26.3463,31.7034,-5.3571,53.81,53.49,118333.31,118190.55,118047.79,118351.49,51.0699,35.8944,145.86,203.72,21.9368,-19194
2025-07-19 06:00:00,118173.9,118244.1,118152.0,118179.1,363,42907000,118147.23,118123.07,117809.06,24.6902,29.3657,-4.6755,54.35,53.61,118332.98,118190.13,118047.29,118358.02,60.7001,49.9859,139.14,198.4,22.0025,-18831
2025-07-19 06:15:00,118179.1,118179.2,118034.8,118034.8,413,48777804,118130.15,118130.2,117811.52,-4.9176,17.9379,-22.8555,39.05,49.78,118334.95,118174.34,118013.73,118346.73,38.8921,50.2207,139.8,195.83,20.3455,-19244
2025-07-19 06:30:00,118034.8,118131.2,118034.8,118071.2,303,35796250,118121.86,118135.44,117821.11,-14.6689,7.069,-21.7378,43.71,50.71,118318.18,118158.18,117998.19,118330.66,29.8612,43.1511,134.37,191.1,18.8956,-18941
2025-07-19 06:45:00,118071.1,118147.8,118071.1,118136.9,162,19107930,118125.94,118141.96,117831.46,-7.0282,2.3699,-9.3981,51.53,52.39,118286.72,118144.99,118003.26,118329.89,26.5494,31.7676,127.16,185.65,17.015,-18779
2025-07-19 07:00:00,118136.9,118229.7,118136.8,118225.1,289,34158220,118147.69,118152.2,117837.28,14.4726,6.4041,8.0684,60.18,54.57,118253.02,118137.15,118021.27,118336.19,51.3546,35.9217,122.88,181.23,17.0351,-18490
2025-07-19 07:15:00,118225.1,118300.0,118218.1,118244.9,276,32655348,118164.91,118163.43,117849.16,29.841,14.2164,15.6246,61.96,55.05,118270.25,118143.27,118016.3,118345.6,70.0537,49.3192,117.76,176.5,18.7682,-18214
2025-07-19 07:30:00,118245.0,118252.2,118137.5,118138.1,278,32842014,118150.52,118172.02,117859.31,16.8591,15.0973,1.7618,48.36,51.91,118270.3,118143.33,118016.35,118346.11,67.0676,62.8253,117.38,173.56,17.3658,-18492
2025-07-19 07:45:00,118138.2,118178.4,118117.5,118135.0,289,34145884,118145.64,118172.78,117872.91,8.0476,12.7474,-4.6998,48.01,51.82,118271.21,118145.88,118020.56,118347.02,51.9859,63.0357,110.32,168.2,15.4913,-18781
2025-07-19 08:00:00,118134.9,118239.4,118036.1,118036.2,442,52189590,118127.77,118166.09,117879.51,-16.1899,3.1016,-19.2915,37.67,48.98,118273.2,118144.64,118016.09,118341.8,25.7541,48.2692,121.94,169.87,15.6003,-19222
2025-07-19 08:15:00,118036.2,118098.5,118024.0,118063.9,682,80505000,118131.41,118160.37,117888.94,-23.9927,-5.9298,-18.0629,41.77,49.79,118274.7,118141.04,118007.39,118312.46,17.5891,31.7764,116.01,165.33,16.0109,-18540
2025-07-19 08:30:00,118064.0,118064.0,117904.0,118063.2,613,72300130,118130.41,118152.7,117902.85,-27.4423,-13.1006,-14.3416,41.69,49.77,118248.83,118125.2,118001.57,118302.42,18.3955,20.5796,121.51,165.07,18.9525,-19153
2025-07-19 08:45:00,118063.1,118140.0,117965.9,118057.2,523,61771332,118120.45,118142.8,117915.91,-29.2495,-18.4836,-10.7659,40.9,49.58,118240.3,118115.47,117990.64,118298.27,31.1151,22.3666,128.08,165.5,18.8114,-19676
2025-07-19 09:00:00,118057.2,118145.3,118033.9,118100.1,337,39805404,118104.83,118133.51,117921.74,-20.718,-19.2284,-1.4896,48.98,50.97,118228.93,118108.88,117988.84,118296.14,45.069,31.5266,126.0,162.93,18.5075,-19339
2025-07-19 09:15:00,118100.0,118212.3,118095.8,118172.7,252,29796304,118095.8,118126.53,117934.41,-1.0277,-13.1615,12.1338,59.83,53.26,118237.0,118120.38,118003.75,118296.45,58.3728,44.8523,124.81,160.71,16.3346,-19087
2025-07-19 09:30:00,118172.6,118277.5,118155.5,118277.5,426,50362516,118113.23,118131.58,117951.06,30.2348,1.3039,28.9308,70.42,56.35,118274.16,118137.57,118000.98,118305.12,78.8105,60.7508,124.46,158.87,16.2045,-18661
2025-07-19 09:45:00,118277.4,118300.0,118158.3,118205.1,387,45811320,118121.98,118134.8,117970.06,32.8688,11.8256,21.0432,58.08,53.77,118283.91,118143.25,118002.59,118300.52,85.3829,74.1887,126.61,158.05,16.657,-19049
2025-07-19 10:00:00,118205.1,118247.0,118142.2,118196.0,291,34424070,118141.96,118139.16,117992.17,31.0754,18.2422,12.8333,56.62,53.45,118277.6,118140.83,118004.06,118303.02,83.2576,82.4836,123.89,155.52,16.4252,-19340
2025-07-19 10:15:00,118196.0,118299.9,118195.9,118299.9,290,34295790,118171.46,118151.02,118015.91,48.3614,28.2819,20.0794,67.48,56.58,118295.56,118145.41,117995.25,118314.05,83.2476,83.9627,121.4,153.06,17.6706,-19050
2025-07-19 10:30:00,118299.8,118449.9,118280.0,118406.5,633,74919100,118214.38,118165.27,118034.76,76.2409,44.2682,31.9726,74.97,59.51,118366.06,118167.77,117969.49,118340.66,87.7582,84.7545,127.46,153.87,21.5748,-18417
2025-07-19 10:45:00,118406.4,118428.9,118311.8,118410.5,434,51361770,118258.54,118172.76,118045.56,89.3034,59.28,30.0234,75.22,59.61,118421.44,118190.73,117960.02,118363.06,92.8035,87.9365,126.17,152.12,24.9911,-17983
2025-07-19 11:00:00,118410.6,118456.0,118262.5,118270.2,538,63660760,118279.8,118177.34,118055.77,65.7914,61.4504,4.3409,53.4,54.31,118427.61,118210.23,117992.86,118363.5,73.0769,84.5462,134.58,154.09,25.8199,-18521
2025-07-19 11:15:00,118270.1,118436.6,118120.2,118436.5,801,94726590,118312.77,118189.59,118067.59,80.8992,67.9333,12.9658,66.74,58.87,118469.69,118241.28,118012.88,118382.89,74.6188,80.1664,157.31,161.82,23.195,-17720
2025-07-19 11:30:00,118436.6,118436.6,118333.7,118396.7,478,56639412,118327.67,118206.83,118081.19,78.0989,71.3219,6.777,61.8,57.43,118487.31,118269.08,118050.84,118392.62,72.4413,73.379,150.51,159.01,20.8981,-18198
2025-07-19 11:45:00,118396.8,118402.8,118262.0,118300.0,360,42644700,118339.54,118217.73,118094.16,54.3607,65.6681,-11.3074,51.08,54.06,118474.88,118289.3,118103.73,118400.12,76.6925,74.5842,149.3,158.14,20.7222,-18559
2025-07-19 12:00:00,118300.0,118301.4,118113.9,118166.4,558,65964916,118335.84,118219.12,118099.68,12.7598,48.032,-35.2722,39.92,49.82,118464.4,118294.84,118125.27,118400.52,50.4103,66.5147,154.07,159.54,23.2529,-19117
2025-07-19 12:15:00,118166.3,118288.0,118069.4,118175.5,519,61342510,118320.29,118216.77,118107.32,-9.8864,28.7259,-38.6123,40.95,50.1,118464.09,118295.07,118126.05,118400.98,32.1115,53.0714,162.14,162.35,26.0866,-18598
2025-07-19 12:30:00,118175.4,118232.7,118100.0,118112.6,463,54659450,118283.55,118210.47,118115.49,-34.3373,7.7048,-42.0421,35.99,48.15,118473.32,118281.33,118089.33,118399.43,17.9884,33.5034,158.46,160.94,28.5661,-19060
2025-07-19 12:45:00,118112.5,118223.5,118070.5,118218.1,280,33074026,118259.5,118214.27,118125.91,-26.5789,-3.7231,-22.8558,48.24,51.47,118473.12,118282.41,118091.7,118401.12,26.3715,25.4904,157.78,160.56,31.1935,-18780
2025-07-19 13:00:00,118218.1,118258.7,118117.3,118220.0,329,38830964,118253.23,118218.32,118133.39,-20.5179,-9.3213,-11.1966,48.45,51.53,118472.54,118284.41,118096.28,118399.33,30.8944,25.0847,155.73,159.65,31.9113,-18452
2025-07-19 13:15:00,118220.0,118256.1,118174.2,118253.9,239,28299720,118230.4,118228.69,118140.92,-9.6203,-9.421,-0.1993,52.42,52.61,118469.07,118280.58,118092.08,118402.63,45.6159,34.2939,146.5,155.95,32.5393,-18212
2025-07-19 13:30:00,118253.9,118299.0,118197.4,118242.7,256,30314260,118211.15,118237.2,118147.21,-5.0684,-7.9701,2.9018,50.91,52.21,118443.09,118266.92,118090.77,118405.09,57.0168,44.509,140.89,153.36,31.0581,-18469
2025-07-19 13:45:00,118242.7,118242.7,118050.0,118167.0,471,55598224,118194.52,118242.15,118151.92,-16.6449,-10.8617,-5.7832,41.48,49.52,118410.43,118246.63,118082.84,118402.06,59.0084,53.8803,147.36,155.23,32.9127,-18939
2025-07-19 14:00:00,118167.0,118203.0,118000.0,118019.2,548,64769692,118176.12,118240.34,118153.37,-50.6199,-24.1144,-26.5054,29.18,44.8,118423.77,118225.72,118027.66,118404.9,42.7025,52.9092,154.32,157.51,35.2775,-19488
2025-07-19 14:15:00,118019.3,118149.3,117799.9,117860.2,1641,193594380,118136.71,118228.91,118152.93,-97.9094,-48.7128,-49.1966,21.26,40.44,118413.98,118177.7,117941.41,118423.84,21.8304,41.1804,178.7,166.65,39.3582,-21129
2025-07-19 14:30:00,117860.1,117976.4,117632.0,117789.6,2160,254472780,118096.34,118210.67,118154.32,-133.7172,-77.0476,-56.6696,18.64,38.69,118401.43,118127.1,117852.77,118444.02,14.0438,26.1922,199.42,175.11,43.9018,-23289
2025-07-19 14:45:00,117789.9,117878.8,117615.3,117657.4,1054,124162410,118026.25,118181.14,118150.19,-172.9923,-109.0292,-63.9632,14.69,35.65,118416.27,118073.55,117730.83,118473.09,13.9559,16.61,207.43,179.32,47.9589,-24343
2025-07-19 15:00:00,117657.4,117944.6,117637.5,117890.0,851,100290160,117985.0,118166.14,118148.89,-142.8927,-120.317,-22.5757,40.56,43.8,118400.53,118050.52,117700.51,118476.93,23.3214,17.107,219.89,185.4,49.1317,-23492
2025-07-19 15:15:00,117889.9,118176.1,117889.9,118169.2,1106,130664610,117974.41,118164.86,118151.97,-65.7076,-102.1139,36.4063,58.28,51.55,118399.41,118049.99,117700.57,118478.05,44.8737,27.3837,228.17,190.2,44.2095,-22386
2025-07-19 15:30:00,118169.2,118221.7,118071.3,118191.7,652,76988616,117968.04,118159.71,118155.27,-14.1872,-72.805,58.6178,59.42,52.1,118411.99,118056.59,117701.17,118480.98,74.5054,47.5668,218.45,188.31,39.028,-21734
2025-07-19 15:45:00,118191.7,118191.7,118000.0,118025.6,449,53003020,117950.36,118141.57,118155.57,-15.7094,-53.7731,38.0637,48.12,47.83,118385.07,118040.54,117696.02,118481.17,83.6665,67.6819,215.11,188.47,35.7373,-22183
2025-07-19 16:00:00,118025.6,118025.7,117825.1,117869.5,750,88410500,117931.65,118115.81,118153.97,-45.5646,-51.0369,5.4724,39.82,44.25,118350.66,118011.34,117672.02,118486.73,68.2113,75.461,213.3,189.05,35.2892,-22933
2025-07-19 16:15:00,117869.5,118149.8,117826.9,118096.1,792,93412470,117961.14,118107.52,118153.56,-17.293,-39.789,22.496,53.43,49.96,118315.41,117998.18,117680.96,118487.07,62.9562,71.6113,227.0,195.42,32.3693,-22141
2025-07-19 16:30:00,118096.2,118143.7,117988.0,118058.2,450,53165588,117994.71,118089.51,118151.4,-7.5334,-29.0371,21.5037,51.17,49.08,118273.83,117982.8,117691.78,118486.67,64.4067,65.1914,218.08,193.53,29.8143,-22591
2025-07-19 16:45:00,118058.2,118125.6,117925.8,117958.1,319,37609092,118032.3,118068.62,118147.29,-20.6644,-26.2462,5.5818,45.27,46.79,118238.74,117965.4,117692.06,118485.2,61.6119,62.9916,215.8,193.83,28.5811,-22910
2025-07-19 17:00:00,117958.1,117971.3,117856.6,117867.0,410,48305170,118029.42,118048.0,118140.79,-44.5362,-32.3429,-12.1933,40.34,44.79,118228.45,117952.72,117676.98,118479.95,38.7043,54.9076,203.16,190.06,28.5404,-23320
2025-07-19 17:15:00,117867.1,117906.9,117781.1,117807.0,466,54909944,117984.15,118030.88,118132.46,-67.485,-44.0569,-23.4281,37.22,43.5,118230.04,117948.28,117666.52,118480.96,16.8026,39.0396,193.49,187.0,29.5322,-23786
2025-07-19 17:30:00,117807.0,117852.5,117711.6,117785.5,634,74687820,117933.38,118012.31,118123.2,-81.4803,-56.5314,-24.9489,36.06,43.04,118230.33,117947.94,117665.56,118481.66,11.2457,22.2508,186.92,184.81,31.254,-24420
2025-07-19 17:45:00,117785.5,117836.1,117703.2,117786.5,374,44063700,117903.48,117996.79,118113.51,-85.4071,-66.1566,-19.2505,36.17,43.07,118210.91,117958.7,117706.48,118472.14,13.9414,13.9966,180.16,182.33,32.8644,-24046
2025-07-19 18:00:00,117786.4,117928.6,117728.6,117913.6,341,40218956,117909.0,117982.29,118108.82,-59.3745,-63.8959,4.5214,48.99,46.77,118211.41,117960.66,117709.91,118444.3,27.7601,17.6491,182.64,183.17,31.4705,-23705
2025-07-19 18:15:00,117913.7,117975.3,117824.4,117901.1,406,47933650,117884.62,117967.1,118104.52,-44.0523,-57.2814,13.2291,47.89,46.46,118162.99,117938.33,117713.66,118413.25,37.7558,26.4858,178.68,181.64,28.9976,-24111
2025-07-19 18:30:00,117901.1,118018.1,117901.1,117926.2,396,46736296,117868.12,117951.49,118101.29,-28.4181,-47.6603,19.2422,50.5,47.2,118093.94,117916.2,117738.45,118396.54,55.1438,40.2199,170.97,178.56,25.725,-23715
2025-07-19 18:45:00,117926.3,117976.3,117818.0,117841.2,284,33523452,117853.52,117932.38,118097.47,-34.3215,-43.214,8.8925,42.15,44.98,118071.47,117900.84,117730.2,118356.77,53.8303,48.9099,169.38,177.6,24.6816,-23999
2025-07-19 19:00:00,117841.1,117900.3,117562.1,117710.8,1060,124792750,117833.98,117910.66,118090.27,-60.8986,-49.1089,-11.7897,32.52,41.82,118082.63,117887.61,117692.58,118324.26,49.0831,52.6857,190.49,185.24,27.3343,-25060
2025-07-19 19:15:00,117710.8,117837.1,117702.5,117835.6,360,42411856,117837.56,117901.91,118082.67,-49.4141,-49.2106,-0.2035,46.23,45.66,118025.59,117865.9,117706.2,118296.79,45.4704,49.4612,183.5,182.83,29.6555,-24700
2025-07-19 19:30:00,117835.7,118124.9,117835.6,118095.9,559,65932324,117876.36,117913.13,118081.25,9.0824,-29.7796,38.862,64.02,52.53,118041.58,117869.04,117696.51,118290.8,62.4783,52.3439,196.72,187.9,26.3477,-24141
2025-07-19 19:45:00,118095.9,118096.0,117946.8,117978.3,699,82459520,117900.34,117922.12,118077.6,19.6765,-13.2942,32.9707,54.51,49.56,118046.34,117870.73,117695.11,118277.36,76.259,61.4026,190.78,186.06,23.4533,-24840
2025-07-19 20:00:00,117978.4,118125.7,117929.2,117984.8,423,49935044,117909.23,117937.71,118076.69,26.0314,-0.1857,26.2171,54.95,49.72,118065.04,117880.54,117696.05,118269.62,81.2663,73.3345,191.5,186.56,21.4458,-24417
2025-07-19 20:15:00,117984.9,117984.9,117873.9,117977.2,201,23758466,117918.75,117941.86,118074.98,26.9756,8.8681,18.1075,54.24,49.52,118080.33,117894.73,117709.12,118249.96,74.2011,77.2421,181.44,182.96,18.9756,-24618
2025-07-19 20:30:00,117977.2,117980.5,117918.8,117953.4,222,26216176,117922.15,117931.59,118071.64,21.6972,13.1444,8.5528,51.83,48.88,118086.27,117908.72,117731.16,118227.89,72.6934,76.0536,166.47,177.18,16.8142,-24840
2025-07-19 20:45:00,117953.4,118054.4,117666.8,117682.3,526,62027044,117902.29,117907.33,118061.77,-33.9903,-2.5671,-31.4232,32.54,42.31,118102.73,117900.03,117697.33,118203.41,48.8193,65.2379,194.11,187.2,19.0362,-25367
2025-07-19 21:00:00,117682.3,117809.0,117500.0,117572.8,1290,151790220,117885.04,117885.77,118049.56,-85.0503,-30.0615,-54.9888,27.69,40.03,118131.12,117871.63,117612.14,118185.3,28.1471,49.8866,208.47,193.0,22.6323,-26657
2025-07-19 21:15:00,117572.8,117670.1,117245.9,117662.3,2636,309578080,117863.38,117875.9,118040.91,-93.1298,-51.0843,-42.0455,36.69,42.68,118130.39,117851.73,117573.07,118166.33,20.7805,32.5823,235.44,204.01,27.4767,-24021
2025-07-19 21:30:00,117662.4,117681.9,117384.6,117445.6,1124,132075370,117782.09,117844.92,118028.37,-134.5881,-78.9189,-55.6692,27.15,38.36,118151.52,117811.68,117471.84,118180.32,27.2207,25.3828,243.17,208.45,31.4407,-25145
2025-07-19 21:45:00,117445.6,117716.0,117445.5,117666.1,542,63749800,117743.06,117826.25,118021.64,-109.8696,-89.2358,-20.6338,44.34,44.37,118143.92,117797.09,117450.27,118181.35,40.6667,29.556,246.59,211.41,34.0525,-24603
2025-07-19 22:00:00,117666.0,117750.0,117491.3,117733.9,584,68646740,117711.7,117815.58,118015.64,-77.5986,-85.3567,7.7581,48.68,46.07,118144.48,117799.02,117453.56,118181.56,45.0099,37.6325,248.1,213.66,35.4474,-24019
2025-07-19 22:15:00,117734.0,117779.9,117661.2,117675.2,604,71110790,117673.95,117806.44,118008.59,-66.6438,-79.1191,12.4753,45.13,44.83,118135.71,117785.65,117435.59,118180.91,55.1433,46.94,231.93,209.14,35.8531,-24623
2025-07-19 22:30:00,117675.2,117816.6,117662.0,117802.0,269,31707248,117655.02,117806.2,118003.94,-33.058,-63.7654,30.7074,53.66,48.01,118068.87,117761.16,117453.45,118178.62,70.2996,56.8176,222.26,206.54,35.181,-24354
2025-07-19 22:45:00,117802.0,117825.4,117737.7,117758.1,219,25771358,117664.5,117804.9,117997.73,-20.6538,-49.3948,28.741,50.49,47.02,118027.17,117742.8,117458.44,118149.68,79.6422,68.3617,205.44,200.88,34.3324,-24573
2025-07-19 23:00:00,117758.1,117915.8,117706.9,117881.0,350,41207012,117703.02,117809.4,117992.42,10.8273,-29.3208,40.1481,58.5,50.04,117998.67,117734.16,117469.65,118117.13,93.0924,81.0114,205.87,201.26,31.0553,-24223
2025-07-19 23:15:00,117881.1,117881.1,117704.2,117758.8,218,25669024,117715.09,117802.03,117982.99,5.0248,-17.8723,22.897,49.26,47.23,117946.41,117715.96,117485.51,118102.43,82.8175,85.184,202.25,200.1,28.2495,-24441
2025-07-19 23:30:00,117758.8,117906.1,117758.8,117767.3,211,24864152,117755.3,117795.66,117975.03,3.0888,-10.8853,13.974,49.9,47.45,117894.92,117700.45,117505.98,118099.55,75.0278,83.6459,195.38,197.59,25.0654,-24230
2025-07-19 23:45:00,117767.2,117858.7,117756.5,117814.4,202,23754512,117773.84,117790.34,117968.09,10.8069,-3.6546,14.4614,53.69,48.67,117913.56,117711.46,117509.36,118075.03,63.9358,73.927,183.73,193.05,22.3475,-24028
2025-07-20 00:00:00,117814.3,117846.7,117666.0,117673.3,306,35983020,117766.27,117782.34,117956.7,-12.1736,-6.4942,-5.6794,42.46,45.36,117909.09,117719.84,117530.58,118053.56,43.2143,60.726,183.36,192.46,22.4052,-24334
2025-07-20 00:15:00,117673.4,117774.9,117620.6,117620.6,254,29914042,117759.44,117778.04,117942.41,-34.7637,-15.9174,-18.8463,38.91,44.18,117910.12,117716.36,117522.59,118044.1,21.5417,42.8973,179.72,190.64,23.4552,-24588
2025-07-20 00:30:00,117620.6,117772.1,117618.0,117646.6,370,43550068,117740.02,117769.04,117928.52,-41.0646,-24.2998,-16.7648,41.72,44.92,117867.85,117733.11,117598.37,118040.13,4.6854,23.1471,176.52,188.9,24.4321,-24218
2025-07-20 00:45:00,117646.5,117974.5,117646.5,117912.5,411,48437756,117759.31,117760.31,117922.02,7.938,-13.5538,21.4919,62.33,51.79,117909.41,117753.64,117597.87,118046.77,30.7375,18.9882,195.46,195.53,23.6169,-23807
2025-07-20 01:00:00,117912.5,118054.5,117855.5,117960.2,728,85839384,117769.21,117759.44,117913.36,44.6472,5.8465,38.8007,64.93,52.9,117958.32,117772.5,117586.68,118058.3,56.8696,30.7641,195.9,195.69,24.3889,-23079
2025-07-20 01:15:00,117960.2,118119.6,117951.1,117956.2,635,74907340,117793.89,117758.09,117905.35,62.736,24.8097,37.9263,64.49,52.79,117994.18,117795.91,117597.66,118068.88,76.1431,54.5834,192.47,194.4,26.1055,-23714
2025-07-20 01:30:00,117956.2,118035.6,117916.5,117974.5,324,38204588,117819.79,117757.96,117899.43,73.5707,41.0633,32.5073,65.72,53.25,118027.63,117810.29,117592.94,118074.34,72.2977,68.4368,183.3,190.81,26.447,-23390
2025-07-20 01:45:00,117974.4,118015.5,117875.1,117908.8,262,30895114,117831.59,117755.84,117894.75,63.7443,48.6236,15.1206,57.42,51.39,118043.33,117822.85,117602.37,118074.91,65.4904,71.3104,177.94,188.41,25.39,-23652
2025-07-20 02:00:00,117908.9,117925.9,117785.8,117870.6,378,44590004,117856.25,117764.8,117889.2,47.8176,48.3549,-0.5374,52.89,50.32,118041.78,117821.98,117602.18,118070.96,59.802,65.8634,173.21,186.11,22.5021,-24030
2025-07-20 02:15:00,117870.5,117900.0,117769.2,117769.3,247,29125154,117874.84,117774.16,117882.96,17.1443,37.9514,-20.8071,42.51,47.55,118041.91,117822.86,117603.81,118068.49,44.7633,56.6852,167.91,183.48,20.4054,-24278
2025-07-20 02:30:00,117769.2,117892.0,117741.4,117858.4,198,23290050,117901.31,117783.49,117876.42,15.7718,30.5582,-14.7864,52.14,50.08,118047.94,117830.45,117612.96,118072.24,35.7504,46.7719,165.74,181.91,19.3151,-24080
2025-07-20 02:45:00,117858.3,117990.0,117841.6,117957.8,493,58175120,117906.98,117807.88,117871.66,33.1698,31.4287,1.741,60.72,52.76,118068.56,117842.4,117616.24,118080.66,38.037,39.5169,163.58,180.32,18.2721,-23587
2025-07-20 03:00:00,117957.8,118085.2,117957.7,117969.4,313,36989044,117908.12,117822.33,117866.48,43.7415,35.533,8.2085,61.65,53.06,118081.11,117867.08,117653.04,118064.86,51.4907,41.7594,159.07,177.8,19.405,-23273
2025-07-20 03:15:00,117969.4,117970.0,117938.7,117956.8,71,8353311,117908.2,117832.94,117861.29,45.2995,38.7885,6.511,59.85,52.67,118065.5,117895.09,117724.69,118062.69,62.0629,50.5302,143.1,170.82,19.7558,-23344
