open_time,开盘价,最高价,最低价,收盘价,成交量,成交额,MA20,MA50,MA_LONG,MACD,MACD_Signal,MACD_Hist,MACD_Long,RSI,RSI_Long,BB_Upper,BB_Middle,BB_Lower,BB_Long_Upper,Stoch_SlowK,Stoch_SlowD,ATR,ATR_Long,ADX,OBV
2025-06-03 12:00:00,105240.1,106775.0,104969.4,106556.1,42237,4477072400,104808.48,,,,,,,65.95,,106217.43,104808.48,103399.52,,67.8882,65.858,966.29,,,76178
2025-06-03 16:00:00,106556.1,106619.6,105526.2,106171.8,25039,2655054800,104944.02,,,,,,,62.45,61.58,106329.73,104944.02,103558.31,,77.0746,67.7601,975.37,,,51139
2025-06-03 20:00:00,106179.7,106208.0,105200.4,105330.1,17373,1834021600,104985.67,,,,,,,55.49,56.87,106365.21,104985.67,103606.14,,76.195,73.7192,977.67,,,33766
2025-06-04 00:00:00,105330.1,105800.0,105072.0,105474.9,15155,1598544500,105026.73,,,,,,,56.39,57.46,106413.17,105026.73,103640.28,,64.8416,72.7037,959.84,,,48921
2025-06-04 04:00:00,105474.8,105566.4,105200.0,105260.2,9967,1049952400,105062.5,,,,,,,54.63,56.27,106434.2,105062.5,103690.8,,55.2692,65.4353,917.45,,,38954
2025-06-04 08:00:00,105260.1,105967.2,105039.1,105044.1,22229,2344837600,105097.88,,,,,,,52.84,55.06,106428.73,105097.88,103767.04,,52.266,57.459,918.21,,,16724
2025-06-04 12:00:00,105044.2,105510.2,104111.7,105254.7,44030,4617509400,105149.07,,,,,,,54.4,56.02,106420.02,105149.07,103878.12,,49.9538,52.4964,952.52,,,60755
2025-06-04 16:00:00,105254.7,105437.8,104824.0,104870.4,14054,1477469700,105190.69,,,,,,,51.07,53.8,106364.15,105190.69,104017.23,,45.8606,49.3602,928.32,,25.2908,46700
2025-06-04 20:00:00,104870.4,105006.3,104350.0,104641.8,13099,1371249500,105189.58,,,,,,,49.13,52.51,106365.07,105189.58,104014.09,,38.5692,44.7945,908.89,,23.7053,33602
2025-06-05 00:00:00,104641.8,105225.6,104594.8,104991.4,11856,1243924000,105185.39,,,,,,,52.12,54.28,106363.08,105185.39,104007.7,,32.2101,38.88,889.03,,22.524,45458
2025-06-05 04:00:00,104991.5,105183.0,104321.2,104473.0,15488,1621008400,105129.88,,,,,,,47.65,51.3,106331.73,105129.88,103928.02,,23.3984,31.3926,887.08,,21.0179,29970
2025-06-05 08:00:00,104473.1,104880.0,104373.0,104772.7,10288,1076735900,105129.42,,,,,,,50.3,52.87,106331.8,105129.42,103927.03,,23.8051,26.4712,859.93,,19.6194,40259
2025-06-05 12:00:00,104772.7,105878.3,103825.0,104490.5,68597,7188311600,105086.62,,,,,,,47.85,51.24,106315.7,105086.62,103857.55,,20.3147,22.506,945.18,,19.6195,-28338
2025-06-05 16:00:00,104490.5,104547.9,101500.0,101872.9,76338,7856618500,104980.27,,,-163.7298,220.2057,-383.9355,,32.16,39.38,106795.44,104980.27,103165.1,,18.1491,20.7563,1095.37,,19.5194,-104677
2025-06-05 20:00:00,101873.0,102163.9,100305.1,101458.6,63671,6439935500,104833.36,,,-390.3516,98.0942,-488.4459,,30.46,37.92,107204.2,104833.36,102462.52,,15.9653,18.143,1149.9,,20.2967,-168348
2025-06-06 00:00:00,101458.7,102464.7,101003.4,102444.9,24398,2482944000,104737.28,,,-484.7768,-18.48,-466.2968,,38.77,43.18,107322.1,104737.28,102152.47,,20.5289,18.2144,1172.14,,20.657,-143950
2025-06-06 04:00:00,102445.0,103424.5,102321.1,103096.8,28924,2976248800,104601.41,,,-501.2286,-115.0297,-386.1989,,43.57,46.34,107230.8,104601.41,101972.02,,34.6075,23.7006,1167.23,,19.9377,-115026
2025-06-06 08:00:00,103096.7,103953.9,103096.7,103866.0,24303,2517654500,104522.27,,,-447.0455,-181.4328,-265.6127,,48.68,49.79,107140.12,104522.27,101904.41,,49.4817,34.8727,1145.09,,18.7536,-90724
2025-06-06 12:00:00,103865.9,105283.0,103471.4,105035.4,61774,6448969000,104517.32,,,-306.2144,-206.3892,-99.8252,,55.3,54.47,107130.9,104517.32,101903.74,,65.2461,49.7784,1192.7,,18.2826,-28949
2025-06-06 16:00:00,105035.4,105240.0,104010.0,104176.9,25549,2673572000,104464.16,,,-260.8713,-217.2856,-43.5857,,50.18,50.82,107059.96,104464.16,101868.36,,71.9684,62.2321,1195.36,,17.8452,-54498
2025-06-06 20:00:00,104177.0,104574.9,104109.2,104240.0,9354,975714500,104348.35,,,-217.3396,-217.2964,-0.0432,,50.54,51.07,106760.69,104348.35,101936.02,,74.5396,70.5847,1143.24,,17.4391,-45144
2025-06-07 00:00:00,104240.1,104856.0,103800.1,104822.4,15788,1648329200,104280.88,,,-134.2975,-200.6966,66.3991,,53.88,53.4,106557.09,104280.88,102004.68,,73.7099,73.406,1137.0,,16.7271,-29356
2025-06-07 04:00:00,104822.4,105293.0,104591.9,104813.6,13412,1407220000,104255.06,,,-68.4076,-174.2388,105.8312,,53.82,53.36,106494.48,104255.06,102015.64,,77.518,75.2558,1105.87,,16.4614,-42769
2025-06-07 08:00:00,104813.7,105222.0,104632.0,105094.5,10912,1145449100,104236.04,,,6.4032,-138.1104,144.5136,,55.5,54.5,106439.88,104236.04,102032.2,,82.6288,77.9522,1069.02,,16.2147,-31856
2025-06-07 12:00:00,105094.5,105758.8,105094.4,105507.9,19661,2073433500,104248.42,,,97.9204,-90.9042,188.8246,,57.92,56.17,106477.78,104248.42,102019.07,,86.7288,82.2918,1040.12,,16.4736,-12195
2025-06-07 16:00:00,105507.9,105850.0,105222.6,105694.2,13309,1405280000,104280.93,,,183.3675,-36.0499,219.4174,,59.01,56.92,106573.8,104280.93,101988.06,,91.9956,87.1177,1010.64,,16.7951,1114
2025-06-07 20:00:00,105694.1,105878.3,105482.7,105507.5,6750,713619650,104293.57,,,233.3302,17.8261,215.5041,102.477,57.41,55.91,106610.43,104293.57,101976.71,,94.4658,91.0634,966.71,,17.1202,-5636
2025-06-08 00:00:00,105507.5,105760.5,105347.0,105436.4,8070,851205600,104321.87,,,264.1439,67.0897,197.0542,127.4417,56.78,55.52,106679.69,104321.87,101964.06,,94.0381,93.4998,927.19,,17.2162,-13706
2025-06-08 04:00:00,105436.5,105617.2,105358.2,105380.4,5649,595752450,104358.8,,,280.8083,109.8334,170.9749,145.3493,56.26,55.2,106758.27,104358.8,101959.33,,91.7347,93.4129,879.46,,17.3054,-19355
2025-06-08 08:00:00,105380.5,105666.6,104927.4,105619.2,15764,1659862400,104390.19,104694.27,,309.7139,149.8095,159.9044,171.8736,58.03,56.33,106837.89,104390.19,101942.49,,91.5245,92.4325,869.45,,16.7077,-3591
2025-06-08 12:00:00,105619.2,106200.0,105450.0,105917.5,19487,2060724500,104462.41,104738.61,,352.6272,190.373,162.2542,208.6075,60.21,57.72,106999.25,104462.41,101925.59,,91.1331,91.4641,860.91,960.29,16.7827,15896
2025-06-08 16:00:00,105917.6,106300.0,105888.5,106242.6,13203,1401587700,104535.91,104794.24,,408.1642,233.9312,174.2329,255.2269,62.49,59.21,107187.04,104535.91,101884.78,,93.8612,92.173,828.81,949.31,16.9649,29099
2025-06-08 20:00:00,106242.6,106482.6,105511.0,105676.5,12933,1369880600,104595.21,104817.83,,401.8656,267.5181,134.3475,265.5054,56.42,55.63,107292.28,104595.21,101898.14,,86.2724,90.4223,839.01,949.76,16.5177,16166
2025-06-09 00:00:00,105676.5,105929.8,105253.2,105617.0,12641,1334426900,104782.41,104837.09,,387.6047,291.5354,96.0693,269.991,55.81,55.26,107203.29,104782.41,102361.55,,78.5507,86.2281,827.41,944.29,15.703,3525
2025-06-09 04:00:00,105617.0,105685.7,105265.0,105516.7,8731,920920640,104985.32,104856.53,,364.0133,306.031,57.9823,267.4612,54.73,54.62,106881.16,104985.32,103089.48,,67.2246,77.3492,798.36,933.82,14.9465,-5206
2025-06-09 08:00:00,105516.7,107774.8,105429.2,107707.9,49256,5265295000,105248.47,104923.96,,516.1784,348.0605,168.1179,373.5209,68.89,64.15,107121.7,105248.47,103375.25,,76.5408,74.1054,908.88,962.06,16.4256,44050
2025-06-09 12:00:00,107707.8,107985.0,106800.3,107564.3,43731,4702663000,105471.84,104990.62,,618.0584,402.0601,215.9983,455.1544,67.4,63.24,107330.89,105471.84,103612.8,,83.1146,75.6266,928.58,966.51,17.954,319
2025-06-09 16:00:00,107564.3,108791.8,107563.4,108515.1,31629,3423205600,105704.3,105080.17,,766.6827,474.9846,291.6982,570.2152,71.75,66.55,107843.56,105704.3,103565.04,,92.7303,84.1286,949.99,971.75,19.9162,31949
2025-06-09 20:00:00,108515.1,110653.6,108383.0,110227.9,46967,5153878000,105963.92,105191.44,,1011.0228,582.1923,428.8306,751.3811,77.56,71.43,108846.62,105963.92,103081.23,,90.9528,88.9326,1044.32,997.72,22.6468,78916
2025-06-10 00:00:00,110228.0,110280.0,109340.0,109525.8,20879,2291430400,106231.37,105280.46,,1134.9277,692.7394,442.1884,867.4161,71.1,67.21,109381.38,106231.37,103081.37,,88.57,90.7511,1036.87,996.57,25.1823,58037
2025-06-10 04:00:00,109525.9,109690.8,109041.1,109178.0,17640,1928940300,106478.27,105352.35,,1191.3259,792.4567,398.8693,944.8989,68.08,65.21,109737.43,106478.27,103219.11,,82.367,87.2966,1009.22,989.63,27.0669,40396
2025-06-10 08:00:00,109178.1,109800.0,109010.2,109498.1,22099,2418273300,106712.06,105446.68,,1247.4712,883.4596,364.0116,1022.4272,69.37,66.18,110129.51,106712.06,103294.6,,78.1187,83.0186,993.54,985.64,28.8726,62495
2025-06-10 12:00:00,109498.0,109852.9,108282.0,108975.3,44121,4808446000,106920.14,105519.26,,1235.5386,953.8754,281.6632,1057.4618,64.77,63.15,110356.62,106920.14,103483.66,,74.9141,78.4666,1034.78,997.34,29.4216,18374
2025-06-10 16:00:00,108975.2,110367.2,108467.5,109460.0,29873,3268602600,107138.41,105628.45,,1250.775,1013.2553,237.5197,1106.364,66.96,64.73,110637.33,107138.41,103639.5,,76.1365,76.3898,1096.56,1015.39,30.2625,48247
2025-06-10 20:00:00,109460.1,110265.5,109189.0,110235.4,17604,1931962100,107374.79,105745.23,,1310.3138,1072.667,237.6468,1181.4137,70.15,67.08,111036.14,107374.79,103713.44,,80.2816,77.1108,1095.13,1016.61,31.0433,65851
2025-06-11 00:00:00,110235.4,110247.0,109500.0,109664.1,12285,1348645000,107573.28,105851.18,,1296.4548,1117.4246,179.0303,1211.109,65.15,63.79,111278.84,107573.28,103867.73,,83.9438,80.1206,1070.26,1011.22,31.7684,53566
2025-06-11 04:00:00,109664.1,109715.4,109322.0,109396.9,9256,1013623500,107767.76,105922.84,,1249.5072,1143.8411,105.6661,1217.083,62.89,62.28,111427.2,107767.76,104108.31,,83.5543,82.5932,1021.92,998.86,32.1328,44311
2025-06-11 08:00:00,109396.9,109629.3,109133.8,109200.1,11892,1300114300,107955.94,105997.86,,1182.7864,1151.6301,31.1562,1206.2654,61.21,61.17,111501.8,107955.94,104410.08,,77.1444,81.5475,984.32,988.79,32.142,32418
2025-06-11 12:00:00,109200.1,110350.0,108950.1,109694.8,47347,5194213000,108171.66,106089.07,,1156.4963,1152.6034,3.8929,1215.7198,63.83,62.92,111587.08,108171.66,104756.24,,77.1345,79.2777,1014.0,997.02,32.7406,79765
2025-06-11 16:00:00,109694.9,109776.5,108331.7,108684.5,33334,3631790300,108324.92,106157.95,,1042.1256,1130.5078,-88.3823,1167.21,55.58,57.37,111537.51,108324.92,105112.34,,67.8575,74.0455,1044.77,1005.97,32.2797,46431
2025-06-11 20:00:00,108684.5,109164.8,108001.2,108600.0,20309,2203255800,108459.05,106198.84,,933.902,1091.1866,-157.2846,1115.6729,54.94,56.92,111476.45,108459.05,105441.65,,54.6969,66.563,1053.26,1009.13,31.3549,26122
2025-06-12 00:00:00,108600.1,108782.1,107650.0,107820.5,24194,2618183400,108537.94,106231.8,,776.2864,1028.2067,-251.9202,1027.0554,49.3,52.98,111397.81,108537.94,105678.08,,29.3732,50.6425,1058.89,1011.58,29.9906,1929
2025-06-12 04:00:00,107820.5,107951.0,107300.0,107577.0,17433,1876768000,108632.97,106276.74,,624.5273,947.4708,-322.9434,933.9771,47.65,51.8,111219.44,108632.97,106046.5,,16.0841,33.3847,1029.76,1004.37,28.2439,-15504
2025-06-12 08:00:00,107577.0,107798.0,106830.0,106862.9,20490,2198214000,108695.27,106304.51,,441.5454,846.2857,-404.7403,814.0203,43.11,48.48,111036.57,108695.27,106353.95,,5.2126,16.89,1025.34,1003.65,26.4313,-35994
2025-06-12 12:00:00,106862.9,107769.1,106539.1,106960.6,44438,4761155600,108767.46,106338.52,,300.9453,737.2176,-436.2722,712.2721,43.9,48.95,110777.94,108767.46,106756.98,,6.9906,9.4291,1039.96,1008.17,25.098,8444
2025-06-12 16:00:00,106960.6,108398.4,106621.0,106749.6,36094,3884725500,108719.55,106372.62,,170.5272,623.8795,-453.3524,611.1661,42.52,47.96,110869.59,108719.55,106569.51,,5.8132,6.0055,1092.64,1023.56,23.5597,-27649
2025-06-12 20:00:00,106749.5,106929.9,105602.0,105609.5,43142,4577175000,108621.8,106379.72,,-24.5438,494.1948,-518.7387,464.6596,35.99,43.01,111122.21,108621.8,106121.4,,5.5556,6.1198,1109.44,1029.64,22.7682,-70791
2025-06-13 00:00:00,105609.4,105661.0,102614.0,104233.9,98663,10251103000,108407.74,106366.99,,-286.832,337.9895,-624.8215,268.2932,29.99,38.04,111556.91,108407.74,105258.59,,8.8653,6.7447,1247.84,1069.99,24.0866,-169453
2025-06-13 04:00:00,104233.9,104891.4,103733.7,104831.4,27313,2848242200,108137.92,106370.78,,-441.3959,182.1124,-623.5083,128.9335,35.05,41.14,111532.24,108137.92,104743.59,,16.5868,10.3359,1241.4,1071.75,25.3108,-142140
2025-06-13 08:00:00,104831.4,105459.7,104360.0,104989.9,28155,2952484000,107911.12,106370.75,,-544.8189,36.7261,-581.545,17.0613,36.37,41.95,111504.52,107911.12,104317.73,,26.7718,17.408,1231.28,1072.3,25.7662,-113985
2025-06-13 12:00:00,104990.0,105750.0,104069.5,105391.9,46775,4908131000,107721.82,106389.13,,-587.5712,-88.1333,-499.4379,-58.5748,39.7,44.0,111425.52,107721.82,104018.12,,31.7615,25.04,1263.37,1084.47,26.3639,-67210
2025-06-13 16:00:00,105392.0,105912.0,104607.0,105050.0,31939,3362047700,107499.41,106394.68,,-641.6446,-198.8356,-442.8091,-140.0457,37.88,42.66,111283.09,107499.41,103715.73,,32.7034,30.4122,1266.34,1088.88,26.717,-99149
2025-06-13 20:00:00,105050.1,106141.1,104963.1,106027.3,13091,1382789800,107352.02,106425.41,,-598.7365,-278.8158,-319.9208,-160.1382,45.55,47.48,111123.9,107352.02,103580.13,,38.351,34.2719,1260.03,1090.66,26.7531,-86058
2025-06-14 00:00:00,106027.3,106173.6,105150.1,105189.4,16568,1749651200,107138.48,106491.74,,-625.1368,-348.08,-277.0568,-218.4115,40.89,44.14,110892.34,107138.48,103384.63,,39.4862,36.8469,1243.13,1089.32,26.7437,-102625
2025-06-14 04:00:00,105189.3,105374.9,104738.7,105025.1,9864,1036657400,106877.97,106563.07,,-651.8033,-408.8246,-242.9786,-275.3582,40.02,43.51,110454.98,106877.97,103300.95,,42.0198,39.9523,1199.78,1080.26,27.0524,-112489
2025-06-14 08:00:00,105025.0,105088.0,104772.3,105030.6,7913,830398900,106646.3,106614.79,,-664.8292,-460.0255,-204.8036,-322.3957,40.07,43.54,110068.34,106646.3,103224.25,,40.0607,40.5222,1136.63,1064.96,27.3391,-104576
2025-06-14 12:00:00,105030.5,105084.2,104570.0,104783.4,11378,1192916500,106415.62,106648.52,,-687.1779,-505.456,-181.7218,-373.3609,38.65,42.53,109683.41,106415.62,103147.83,,39.4573,40.5126,1092.17,1053.95,27.7696,-115954
2025-06-14 16:00:00,104783.4,105011.0,104290.0,104582.3,18624,1948121200,106184.73,106662.84,,-712.8986,-546.9445,-165.9541,-425.1243,37.48,41.71,109280.98,106184.73,103088.48,,37.77,39.096,1065.66,1047.29,28.3951,-134578
2025-06-14 20:00:00,104584.2,105438.0,104225.4,105359.9,15566,1633921200,105967.98,106669.34,,-662.8951,-570.1346,-92.7605,-428.3764,44.47,45.96,108627.08,105967.98,103308.89,109512.27,39.6676,38.965,1076.16,1050.6,28.2715,-119012
2025-06-15 00:00:00,105359.8,105631.6,105208.7,105425.6,7896,832707840,105805.04,106694.3,,-610.9233,-578.2924,-32.6309,-425.7301,45.02,46.3,108160.36,105805.04,103449.72,109506.88,48.8812,42.1063,1029.5,1038.04,27.8484,-111116
2025-06-15 04:00:00,105425.6,106099.4,105137.0,105374.1,16601,1753451800,105643.74,106716.99,,-567.3508,-576.1041,8.7532,-423.9138,44.65,46.06,107623.2,105643.74,103664.29,109496.84,63.3852,50.6447,1024.7,1036.53,26.7439,-127717
2025-06-15 08:00:00,105374.2,105444.9,104812.2,104924.5,10938,1148842200,105498.94,106719.03,,-562.6128,-573.4058,10.793,-442.7213,41.37,43.94,107228.16,105498.94,103769.73,109496.02,63.83,58.6988,996.7,1028.45,26.0775,-138656
2025-06-15 12:00:00,104924.6,105810.6,104900.0,105526.0,16415,1730202200,105396.4,106733.28,,-504.5063,-559.6259,55.1196,-426.5131,46.98,47.35,106840.21,105396.4,103952.58,109498.27,65.189,64.1347,990.55,1026.1,24.913,-122241
2025-06-15 16:00:00,105525.9,105744.0,104999.9,105252.0,10212,1076225900,105315.85,106736.43,,-475.0894,-542.7186,67.6292,-424.2226,44.87,46.01,106593.62,105315.85,104038.08,109498.34,58.0757,62.3649,972.95,1020.46,23.8317,-132453
2025-06-15 20:00:00,105251.9,105571.4,104399.9,105534.6,16757,1758322600,105244.55,106736.96,,-424.0842,-518.9917,94.9075,-406.013,47.49,47.61,106284.21,105244.55,104204.89,109498.83,64.2074,62.4907,987.13,1023.48,23.5376,-115696
2025-06-16 00:00:00,105534.7,105927.0,104920.0,105865.6,17793,1878350200,105200.35,106740.39,,-352.8855,-485.7705,132.885,-371.8638,50.45,49.45,106035.33,105200.35,104365.38,109501.36,69.1969,63.8267,988.55,1023.15,22.7028,-97903
2025-06-16 04:00:00,105865.6,107250.0,105817.3,107023.8,30101,3208710000,105271.06,106770.72,,-200.6895,-428.7543,228.0648,-282.8969,59.14,55.24,106415.05,105271.06,104127.08,109522.67,81.3041,71.5695,1020.28,1031.34,21.8995,-67802
2025-06-16 08:00:00,107023.8,107199.9,106540.0,106842.5,16344,1747263500,105401.49,106798.84,,-93.6233,-361.7281,268.1048,-214.4807,57.44,54.22,106634.13,105401.49,104168.86,109543.4,87.7463,79.4158,994.53,1023.91,21.1536,-84146
2025-06-16 12:00:00,106842.6,107759.8,106446.6,107374.9,32297,3461664500,105528.67,106838.73,,33.7981,-282.6228,316.421,-128.2925,60.98,56.69,107001.27,105528.67,104056.07,109577.96,89.3861,86.1455,1017.3,1029.7,21.0478,-51849
2025-06-16 16:00:00,107375.0,108882.0,107258.0,108594.2,31767,3436495400,105708.88,106898.23,,230.5106,-179.9961,410.5068,7.0049,67.63,61.66,107673.59,105708.88,103744.17,109653.89,89.8189,88.9838,1060.63,1041.58,21.9069,-20082
2025-06-16 20:00:00,108594.2,108900.0,106640.1,106750.1,38512,4154725000,105776.8,106914.88,,234.8955,-97.0178,331.9134,30.4442,52.94,52.15,107786.37,105776.8,103767.23,109670.98,78.9794,86.0615,1146.29,1065.95,21.8488,-58593
2025-06-17 00:00:00,106750.1,107727.4,106068.0,107553.3,37290,3985877500,105901.96,106941.09,,299.727,-17.6688,317.3959,90.4926,57.29,55.3,108023.58,105901.96,103780.34,109707.89,73.0065,80.6016,1182.94,1077.82,21.0824,-21304
2025-06-17 04:00:00,107553.3,107655.6,106413.4,106711.1,17587,1881318300,105936.15,106961.79,,279.9212,41.8492,238.0721,99.2714,51.88,51.57,108086.59,105936.15,103785.71,109716.16,58.853,70.2796,1187.18,1081.1,20.3707,-38891
2025-06-17 08:00:00,106711.0,106785.2,105461.4,105592.9,28140,2983648500,105956.33,106961.3,,172.0128,67.8819,104.1308,50.371,45.7,47.13,108085.83,105956.33,103826.82,109714.15,49.6868,60.5154,1196.94,1085.96,19.2102,-67030
2025-06-17 12:00:00,105592.9,105816.5,104068.0,104199.2,60675,6371741700,105915.03,106934.95,,-25.6696,49.1716,-74.8412,-61.3757,39.4,42.35,108144.84,105915.03,103685.23,109715.91,26.8615,45.1338,1236.33,1099.21,19.35,-127706
2025-06-17 16:00:00,104199.2,105288.0,103300.0,104630.6,58960,6140887600,105895.03,106873.41,,-145.8426,10.1688,-156.0114,-135.0423,42.06,44.19,108163.06,105895.03,103627.01,109714.56,17.6622,31.4035,1290.02,1116.99,20.0173,-68746
2025-06-17 20:00:00,104630.5,104865.8,104143.4,104508.0,23401,2444920000,105881.26,106812.28,,-248.1134,-41.4877,-206.6257,-203.482,41.5,43.78,108179.26,105881.26,103583.26,109716.13,16.0158,20.1798,1249.48,1109.09,20.637,-92146
2025-06-18 00:00:00,104508.0,105192.2,104312.2,105132.2,14529,1522890800,105908.76,106744.62,,-275.6188,-88.3139,-187.3049,-229.7705,45.47,46.47,108156.54,105908.76,103660.97,109716.13,26.0167,19.8982,1223.09,1104.51,20.7993,-77617
2025-06-18 04:00:00,105132.1,105500.0,104660.0,104925.7,17151,1803293200,105887.05,106638.58,,-310.5006,-132.7512,-177.7494,-261.4233,44.4,45.71,108163.81,105887.05,103610.27,109716.22,27.7732,23.2686,1195.72,1099.22,20.5669,-94768
2025-06-18 08:00:00,104925.6,105276.8,104111.4,104791.2,24837,2598417200,105855.33,106543.89,,-345.0205,-175.2051,-169.8154,-293.9044,43.68,45.2,108174.22,105855.33,103536.44,109703.74,29.4589,27.7496,1193.56,1100.54,20.8064,-119606
2025-06-18 12:00:00,104791.1,105300.0,103750.0,104744.2,52719,5511269400,105823.83,106455.21,,-371.8835,-214.5408,-157.3427,-322.5562,43.41,45.02,108184.73,105823.83,103462.92,109697.06,27.1494,28.1272,1219.02,1109.53,21.3112,-172324
2025-06-18 16:00:00,104744.2,104795.0,103426.1,103773.3,44221,4603954000,105766.27,106340.72,,-466.1427,-264.8612,-201.2815,-393.9857,38.23,41.39,108264.23,105766.27,103268.31,109706.45,20.2899,25.6327,1229.72,1114.72,22.0261,-216545
2025-06-18 20:00:00,103773.3,105098.0,103601.5,104832.8,19249,2013128000,105731.61,106257.87,,-450.1618,-301.9213,-148.2405,-400.113,45.83,46.35,108260.98,105731.61,103202.23,109705.54,20.5375,22.6589,1248.78,1122.36,22.2592,-197296
2025-06-19 00:00:00,104832.8,105185.7,104364.5,105054.4,15051,1577193600,105721.73,106169.76,,-414.8336,-324.5038,-90.3299,-392.2712,47.29,47.33,108260.05,105721.73,103183.41,109705.22,22.3839,21.0704,1218.24,1116.33,22.3493,-182245
2025-06-19 04:00:00,105054.4,105184.0,104560.6,104585.9,12631,1324179700,105674.3,106056.77,,-419.8006,-343.5631,-76.2375,-407.0302,44.55,45.48,108259.84,105674.3,103088.74,109706.37,29.248,24.0565,1175.75,1106.48,22.433,-194876
2025-06-19 08:00:00,104585.8,105032.1,104570.1,104717.7,9031,946802400,105616.9,105957.84,,-408.3941,-356.5293,-51.8648,-411.024,45.51,46.1,108233.69,105616.9,103000.11,109706.57,30.9739,27.5353,1124.77,1093.59,22.5108,-185845
2025-06-19 12:00:00,104717.8,104861.0,104021.3,104055.1,21664,2260888800,105468.47,105851.0,,-447.6603,-374.7555,-72.9048,-445.5135,41.63,43.49,108085.99,105468.47,102850.94,109711.87,27.753,29.325,1104.41,1088.51,23.1256,-207509
2025-06-19 16:00:00,104055.2,104795.2,103870.3,104202.6,19358,2019501400,105336.47,105751.06,,-461.5565,-392.1157,-69.4408,-465.3995,42.8,44.23,107929.66,105336.47,102743.28,109714.88,30.0274,29.5847,1091.58,1085.24,23.8372,-188152
2025-06-19 20:00:00,104202.6,104869.4,104094.6,104607.1,9976,1042089700,105198.08,105649.3,,-434.9161,-400.6758,-34.2403,-459.8501,45.99,46.25,107631.88,105198.08,102764.28,109715.75,38.9823,32.2542,1068.96,1079.03,24.3563,-178175
2025-06-20 00:00:00,104607.1,104770.0,104338.5,104555.1,8187,856278850,104996.12,105566.71,,-413.2359,-403.1878,-10.0481,-455.406,45.64,46.03,106876.6,104996.12,103115.65,109715.29,49.9065,39.6387,1023.42,1066.08,24.8383,-186363
2025-06-20 04:00:00,104555.0,105765.8,104185.3,105763.5,22782,2390620000,104946.8,105509.98,,-295.1441,-381.5791,86.435,-388.9093,54.39,51.76,106687.18,104946.8,103206.41,109718.5,71.2513,53.38,1063.22,1076.36,23.5224,-163581
2025-06-20 08:00:00,105763.6,106486.2,105715.0,105928.6,35130,3725277000,104865.56,105472.14,,-186.0882,-342.4809,156.3927,-321.8551,55.45,52.48,106220.76,104865.56,103510.36,109721.89,78.7062,66.6213,1042.36,1070.26,22.3564,-128451
2025-06-20 12:00:00,105928.7,106111.9,103805.9,104168.5,58185,6101879300,104738.43,105403.97,,-238.9318,-321.7711,82.8393,-350.9195,43.81,44.94,105828.34,104738.43,103648.52,109665.73,68.6469,72.8681,1132.62,1094.98,22.2934,-186637
2025-06-20 16:00:00,104168.5,104221.0,102255.3,103263.9,58188,6002988000,104621.98,105331.99,,-349.7724,-327.3713,-22.401,-419.2449,39.25,41.7,105814.66,104621.98,103429.3,109604.91,43.2926,63.5486,1192.12,1112.39,23.2983,-244825
2025-06-20 20:00:00,103263.8,103796.8,102903.6,103246.1,16630,1718509000,104574.33,105257.7,,-434.0472,-348.7065,-85.3407,-476.4569,39.16,41.64,105899.56,104574.33,103249.09,109582.07,23.8392,45.2596,1170.77,1108.01,24.2314,-261455
2025-06-21 00:00:00,103246.1,103641.0,103067.7,103434.5,8660,894965500,104514.52,105191.4,,-480.099,-374.985,-105.114,-513.5709,40.65,42.59,105929.14,104514.52,103099.9,109574.12,25.0427,30.7249,1128.09,1097.31,25.0978,-252795
2025-06-21 04:00:00,103434.6,103550.0,103268.6,103402.2,6144,635231170,104459.23,105147.26,,-513.285,-402.645,-110.64,-544.3505,40.47,42.46,105954.68,104459.23,102963.78,109582.88,26.1323,25.0048,1067.62,1080.99,25.9024,-258939
2025-06-21 08:00:00,103402.1,103940.6,103401.9,103827.5,12050,1250226800,104393.99,105139.12,,-499.5088,-422.0178,-77.4911,-546.6804,44.04,44.69,105880.12,104393.99,102907.87,109593.22,30.7129,27.296,1029.84,1070.15,26.0616,-246889
2025-06-21 12:00:00,103827.5,103899.0,103222.7,103516.7,17939,1857920800,104323.55,105112.83,,-507.8164,-439.1775,-68.6389,-561.4789,42.05,43.4,105835.54,104323.55,102811.56,109603.53,31.3605,29.4019,1004.58,1062.27,26.358,-264828
2025-06-21 16:00:00,103516.7,103600.0,102128.2,102207.5,22756,2340380200,104194.36,105057.19,,-612.9756,-473.9371,-139.0385,-636.7844,34.91,38.49,105946.83,104194.36,102441.89,109649.87,22.9312,28.3349,1037.96,1070.46,27.4309,-287584
2025-06-21 20:00:00,102207.5,102849.2,100789.9,102079.8,53222,5411432000,104061.14,104990.94,,-698.5668,-518.863,-179.7037,-704.3715,34.3,38.04,106019.2,104061.14,102103.09,109702.06,18.0927,24.1282,1110.91,1090.24,29.1559,-340806
2025-06-22 00:00:00,102079.8,103362.6,101781.8,102340.0,46914,4805703700,103989.48,104936.74,,-736.9078,-562.472,-174.4358,-745.6267,36.73,39.53,106084.55,103989.48,101894.41,109743.1,17.2255,19.4165,1144.47,1100.05,30.0314,-293893
2025-06-22 04:00:00,102340.0,102910.7,102220.9,102399.0,16170,1659093800,103867.78,104864.18,,-753.8427,-600.7461,-153.0966,-774.2218,37.3,39.87,106034.3,103867.78,101701.27,109780.26,26.035,20.4511,1112.0,1091.85,30.8444,-277722
2025-06-22 08:00:00,102399.1,102770.6,102022.5,102693.7,14959,1532175600,103749.75,104814.27,,-735.0112,-627.5991,-107.412,-780.0644,40.18,41.61,105901.98,103749.75,101597.52,109805.53,29.6274,24.296,1086.0,1084.97,31.7214,-262763
2025-06-22 12:00:00,102693.7,102789.7,98786.9,98849.9,119444,11973913000,103462.95,104690.76,,-1018.5088,-705.7811,-312.7278,-973.3496,24.42,29.82,106457.11,103462.95,100468.79,109995.06,20.8294,25.4973,1294.35,1143.33,33.9125,-382207
2025-06-22 16:00:00,98849.7,100348.7,98608.9,98829.7,44659,4435979000,103168.55,104566.74,,-1230.6268,-810.7502,-419.8766,-1134.7517,24.36,29.77,106717.75,103168.55,99619.35,110166.54,12.3943,20.9504,1326.16,1155.26,35.9999,-426866
2025-06-22 20:00:00,98829.7,100993.5,98115.4,100904.7,51417,5123976700,103011.03,104489.16,,-1217.2649,-892.0532,-325.2117,-1163.3267,39.25,39.89,106666.9,103011.03,99355.16,110228.31,16.4818,16.5685,1437.02,1189.71,37.1074,-375449
2025-06-23 00:00:00,100904.7,101580.6,100425.6,101104.4,27456,2772309000,102856.12,104419.61,,-1176.9937,-949.0413,-227.9524,-1171.9567,40.47,40.75,106559.16,102856.12,99153.09,110279.14,33.3129,20.7296,1416.87,1189.02,37.4286,-347994
2025-06-23 04:00:00,101104.3,102155.1,100899.3,101874.5,23145,2352863500,102719.49,104349.9,,-1070.5966,-973.3523,-97.2443,-1134.9706,45.03,44.01,106355.06,102719.49,99083.92,110302.52,53.8425,34.5457,1405.37,1190.35,37.0752,-324849
2025-06-23 08:00:00,101874.4,102028.9,101071.1,101248.5,18847,1912930400,102554.16,104266.36,,-1024.9739,-983.6766,-41.2972,-1128.9725,42.2,42.04,106141.2,102554.16,98967.12,110335.48,56.5428,47.8994,1373.4,1185.7,36.747,-343696
2025-06-23 12:00:00,101248.4,102596.5,100749.8,101369.7,54411,5535184400,102334.47,104186.27,,-967.8806,-980.5174,12.6368,-1112.1394,42.95,42.56,105635.14,102334.47,99033.8,110355.96,58.061,56.1488,1407.21,1198.92,35.7917,-289285
2025-06-23 16:00:00,101369.6,103273.7,99547.6,103114.2,96847,9839181000,102193.75,104150.06,,-772.957,-939.0053,166.0483,-1004.9614,52.48,49.45,105083.95,102193.75,99303.55,110351.56,65.3606,59.9881,1572.84,1249.47,35.6466,-192439
2025-06-23 20:00:00,103114.2,106050.0,102818.4,105290.9,76517,8011654000,102249.87,104145.36,,-437.7906,-838.7624,400.9718,-799.4643,61.2,56.32,105328.7,102249.87,99171.04,110347.79,77.5765,66.9994,1691.32,1289.11,33.103,-115921
2025-06-24 00:00:00,105291.0,105454.1,104658.0,104870.0,22863,2400756200,102330.17,104137.72,105175.52,-203.7828,-711.7665,507.9836,-640.812,58.94,54.81,105589.12,102330.17,99071.23,110341.83,87.3307,76.7559,1627.38,1279.25,30.741,-138785
2025-06-24 04:00:00,104870.0,105775.9,104651.4,104891.8,27515,2895681000,102412.46,104124.87,105183.8,-16.382,-572.6896,556.3076,-500.8703,59.03,54.87,105838.58,102412.46,98986.34,110286.91,86.9882,83.9651,1591.46,1276.15,28.7769,-111270
2025-06-24 08:00:00,104891.8,105525.0,104570.8,105134.6,23690,2488575500,102497.47,104110.24,105195.42,149.9973,-428.1522,578.1495,-366.5757,60.01,55.63,106100.59,102497.47,98894.34,110237.68,86.3316,86.8835,1545.94,1269.72,26.8885,-87580
2025-06-24 12:00:00,105134.5,105675.0,104750.0,105184.4,32531,3423245000,102586.58,104073.46,105200.2,282.6147,-285.9988,568.6135,-247.431,60.22,55.79,106358.97,102586.58,98814.19,110153.57,87.6524,86.9907,1501.59,1262.82,25.2554,-55050
2025-06-24 16:00:00,105184.3,106239.0,105125.3,105582.1,27243,2880287000,102674.3,104048.25,105206.64,415.0219,-145.7947,560.8166,-124.4401,61.95,57.08,106634.96,102674.3,98713.65,109987.12,89.8226,87.9355,1473.88,1259.84,24.1868,-27807
2025-06-24 20:00:00,105582.1,106073.9,105382.4,106034.9,10609,1122642700,102800.22,104021.45,105216.98,550.151,-6.6055,556.7565,3.9793,63.87,58.53,107012.12,102800.22,98588.3,109862.88,92.8307,90.1019,1418.0,1248.47,23.1946,-17198
2025-06-25 00:00:00,106034.9,106750.9,105755.6,106177.0,25837,2747141600,102998.69,103973.11,105229.77,661.0874,126.933,534.1544,120.863,64.47,58.99,107447.61,102998.69,98549.77,109756.76,94.2518,92.3017,1387.8,1243.41,22.8074,8639
2025-06-25 04:00:00,106176.9,106664.2,105949.2,106547.5,11858,1260214500,103222.08,103969.06,105245.85,770.0252,255.5515,514.4738,238.7193,66.07,60.19,107906.44,103222.08,98537.72,109640.09,96.006,94.3628,1339.75,1232.84,22.4479,20497
2025-06-25 08:00:00,106547.5,107187.6,106286.5,107136.3,25271,2698874000,103461.89,103960.71,105267.37,893.57,383.1552,510.4148,367.7328,68.49,62.05,108423.92,103461.89,98499.85,109565.47,96.6197,95.6258,1308.42,1226.21,22.5226,45768
2025-06-25 12:00:00,107136.3,108095.7,106700.0,106982.6,62656,6734665000,103691.07,103966.14,105283.47,967.9201,500.1082,467.812,468.5157,67.14,61.26,108854.87,103691.07,98527.27,109459.03,94.4944,95.7067,1314.65,1229.6,23.2204,-16888
2025-06-25 16:00:00,106982.7,107863.1,106859.0,107698.2,20971,2251596800,103941.3,104008.25,105301.69,1072.2262,614.5317,457.6944,588.1224,70.1,63.51,109365.94,103941.3,98516.64,109327.8,93.8856,94.9999,1292.47,1225.09,23.8685,4083
2025-06-25 20:00:00,107698.1,107965.9,107022.6,107280.0,12685,1363084000,104362.8,104069.87,105313.47,1108.3677,713.299,395.0687,666.5356,66.34,61.33,109438.34,104362.8,99287.26,109214.23,90.9286,93.1029,1267.53,1219.45,24.5421,-8602
2025-06-26 00:00:00,107280.1,108249.9,107041.4,107809.3,21443,2309419500,104811.78,104133.44,105334.49,1166.276,803.8944,362.3816,756.7112,68.63,63.02,109416.93,104811.78,100206.62,109134.91,92.5652,92.4598,1263.31,1219.23,25.3696,12841
2025-06-26 04:00:00,107809.4,108044.9,107467.6,107768.5,10863,1170526300,105154.97,104198.65,105351.31,1195.1002,882.1356,312.9647,827.9878,68.25,62.8,109563.11,105154.97,100746.83,109064.2,89.7536,91.0824,1214.31,1206.39,26.138,1978
2025-06-26 08:00:00,107768.6,108135.0,107050.0,107272.8,17853,1918227600,105463.39,104241.46,105374.04,1164.5209,938.6126,225.9083,860.0043,63.58,60.09,109545.89,105463.39,101380.89,108942.27,84.0817,88.8002,1205.07,1203.96,26.1961,-15875
2025-06-26 12:00:00,107272.8,107724.5,106500.0,107260.0,33277,3563856400,105732.66,104288.15,105393.92,1126.2708,976.1442,150.1265,882.4385,63.46,60.02,109533.49,105732.66,101931.84,108877.54,77.817,83.8841,1206.46,1204.38,25.4588,-49151
2025-06-26 16:00:00,107259.9,107630.8,106952.0,107476.1,13298,1426738000,106044.05,104341.84,105415.52,1100.7064,1001.0567,99.6498,908.0124,64.68,60.83,109306.69,106044.05,102781.4,108824.98,74.8089,78.9026,1168.77,1193.86,24.7741,-35854
2025-06-26 20:00:00,107476.0,107971.3,106789.9,106913.7,17701,1898224800,106321.24,104385.23,105423.16,1023.27,1005.4993,17.7706,897.2181,59.15,57.64,108794.88,106321.24,103847.62,108789.28,69.407,74.011,1169.67,1193.61,24.4927,-53554
2025-06-27 00:00:00,106913.8,107462.5,106345.2,107428.0,15904,1701100500,106536.94,104458.33,105436.9,991.9659,1002.7927,-10.8267,909.2179,62.32,59.67,108566.89,106536.94,104506.98,108783.15,68.8214,71.0124,1165.93,1192.09,23.5704,-37650
2025-06-27 04:00:00,107428.1,107686.0,106801.0,106816.9,13996,1500915600,106613.23,104498.02,105448.59,907.3868,983.7115,-76.3247,884.3766,56.68,56.31,108563.26,106613.23,104663.21,108781.62,57.0408,65.0898,1145.87,1185.95,22.9653,-51646
2025-06-27 08:00:00,106816.9,107125.9,106616.8,106943.7,18757,2005105900,106716.92,104535.8,105460.41,840.8956,955.1483,-114.2527,865.0554,57.54,56.84,108498.39,106716.92,104935.44,108781.03,52.3708,59.411,1100.38,1172.41,22.123,-32889
2025-06-27 12:00:00,106943.7,107378.6,106313.1,107261.3,34012,3630785300,106835.4,104589.3,105465.31,804.5541,925.0295,-120.4753,860.0906,59.7,58.17,108419.87,106835.4,105250.92,108799.08,45.1412,51.5176,1097.89,1170.27,20.8873,1122
2025-06-27 16:00:00,107261.2,107659.9,106373.3,106748.1,27344,2924216000,106916.07,104629.91,105469.31,725.9737,885.2183,-159.2446,825.8851,54.85,55.27,108297.2,106916.07,105534.94,108828.03,38.4448,45.3189,1111.37,1172.6,20.1063,-26222
2025-06-27 20:00:00,106748.2,107232.1,106736.7,107010.7,8626,923281000,107007.38,104689.02,105480.98,677.0828,843.5912,-166.5084,805.6401,56.79,56.44,108137.08,107007.38,105877.69,108879.8,36.0422,39.876,1067.37,1159.05,19.3811,-17596
2025-06-28 00:00:00,107010.6,107313.4,106767.0,107248.0,8574,917593600,107090.68,104749.94,105493.3,649.9918,804.8713,-154.8795,796.1673,58.51,57.49,108014.66,107090.68,106166.7,108935.58,35.5828,36.6899,1030.16,1146.8,18.8218,-9022
2025-06-28 04:00:00,107248.0,107458.4,107127.2,107433.0,5267,565190300,107160.59,104806.45,105508.39,636.1172,771.1205,-135.0033,793.3373,59.86,58.32,107957.27,107160.59,106363.91,108995.77,47.3702,39.665,980.23,1130.49,18.5108,-3755
2025-06-28 08:00:00,107433.1,107450.0,107194.7,107320.3,5081,545105340,107217.75,104861.76,105524.2,609.0073,738.6979,-129.6906,781.3159,58.61,57.6,107875.96,107217.75,106559.54,109045.72,53.7918,45.5816,928.45,1112.98,18.2219,-8836
2025-06-28 12:00:00,107320.2,107538.0,107039.8,107407.6,6988,749361860,107260.76,104894.64,105539.14,587.7912,708.5165,-120.7253,771.4961,59.32,58.02,107846.59,107260.76,106674.91,109102.51,57.7266,52.9629,897.72,1100.69,17.6329,-1848
2025-06-28 16:00:00,107407.7,107494.0,107157.0,107162.5,6568,704905860,107262.06,104919.31,105555.06,544.9183,675.7969,-130.8786,746.9877,56.4,56.38,107846.91,107262.06,106677.23,109134.16,55.5273,55.6819,857.67,1085.42,17.086,-8416
2025-06-28 20:00:00,107162.5,107324.8,107096.7,107241.0,3194,342414980,107274.98,104980.77,105573.11,511.3806,642.9136,-131.533,726.223,57.13,56.79,107845.8,107274.98,106704.16,109182.11,55.7524,56.3354,812.7,1068.27,16.4413,-5222
2025-06-29 00:00:00,107240.9,107464.0,107112.6,107156.5,6341,680425200,107247.9,105058.62,105588.15,472.5362,608.8381,-136.302,700.6131,56.05,56.19,107786.31,107247.9,106709.48,109228.27,52.6816,54.6538,779.75,1053.93,16.1152,-11563
2025-06-29 04:00:00,107156.5,107372.6,107156.4,107367.2,3360,360436580,107252.26,105141.04,105608.24,453.5255,577.7756,-124.2501,685.7486,58.18,57.37,107793.05,107252.26,106711.47,109280.87,61.1999,56.5446,739.5,1037.18,15.8123,-8203
2025-06-29 08:00:00,107367.3,108460.0,107351.6,108448.3,25225,2722544400,107284.21,105241.31,105633.77,519.7043,566.1613,-46.4571,723.6656,67.01,62.75,108000.04,107284.21,106568.38,109378.27,75.6988,63.1935,765.85,1038.6,17.2503,17022
2025-06-29 12:00:00,108448.3,108499.0,107580.6,107686.9,14700,1587816200,107280.13,105327.01,105655.97,504.8927,553.9076,-49.0149,714.3964,57.76,57.39,107985.73,107280.13,106574.53,109442.88,79.6941,72.1976,776.74,1036.2,18.6334,2322
2025-06-29 16:00:00,107686.9,107735.7,107233.1,107346.5,13327,1432321400,107283.81,105397.39,105693.98,460.3801,535.2021,-74.822,685.8793,54.16,55.18,107989.99,107283.81,106577.64,109488.16,69.8597,75.0842,757.16,1025.53,19.0292,-11005
2025-06-29 20:00:00,107346.5,108400.0,107203.8,108309.8,16495,1779858000,107336.3,105493.25,105741.56,497.1034,527.5824,-30.4789,706.2327,61.48,59.79,108171.82,107336.3,106500.79,109568.56,67.0745,72.2094,788.52,1028.94,20.2518,5490
2025-06-30 00:00:00,108309.8,108783.9,108193.5,108466.7,16475,1788053800,107385.84,105618.44,105783.38,532.7265,528.6112,4.1153,727.9487,62.52,60.48,108355.33,107385.84,106416.34,109654.8,74.2936,70.4092,774.37,1020.17,21.795,21965
2025-06-30 04:00:00,108466.8,108500.0,107427.5,107562.6,20237,2182961400,107418.28,105728.09,105814.39,482.4435,519.3776,-36.9342,697.6711,53.48,54.76,108365.58,107418.28,106470.98,109708.48,71.6839,71.0173,795.67,1021.21,21.5943,1728
2025-06-30 08:00:00,107562.6,107916.6,107320.0,107608.1,14358,1544862100,107427.28,105833.45,105840.38,441.1796,503.738,-62.5584,670.5705,53.85,54.98,108378.2,107427.28,106476.38,109757.14,52.1788,66.0521,781.45,1012.72,21.2057,16086
2025-06-30 12:00:00,107608.1,107821.8,106686.4,107525.6,38964,4179128000,107462.72,105935.98,105857.66,397.2415,482.4387,-85.1972,639.9216,53.04,54.47,108371.91,107462.72,106553.52,109805.38,37.3468,53.7365,806.73,1015.18,19.7565,-22878
2025-06-30 16:00:00,107525.7,107775.0,107057.9,107689.6,15502,1665802400,107500.02,106035.91,105882.06,371.3727,460.2255,-88.8528,618.7172,54.5,55.34,108381.77,107500.02,106618.27,109855.38,40.1407,43.2221,800.33,1009.21,18.4108,-7376
2025-06-30 20:00:00,107689.6,107714.9,106863.8,107087.4,9144,980446000,107491.32,106200.66,105901.84,298.8342,427.9473,-129.113,567.3838,48.54,51.52,108385.66,107491.32,106596.98,109881.73,35.652,37.7131,803.95,1006.05,17.3513,-16521
2025-07-01 00:00:00,107087.3,107499.9,106972.9,107149.4,9333,1000577000,107511.38,106367.05,105917.99,243.5424,391.0663,-147.5239,523.7568,49.16,51.88,108354.67,107511.38,106668.09,109885.2,29.6734,35.1554,784.17,996.47,16.3674,-7188
2025-07-01 04:00:00,107149.4,107164.5,106557.4,107134.9,15897,1698591200,107517.59,106491.65,105934.12,196.2905,352.1112,-155.8206,483.112,49.01,51.79,108347.77,107517.59,106687.42,109892.99,22.3765,29.234,771.52,988.68,16.1395,-23085
2025-07-01 08:00:00,107134.8,107139.1,106222.0,106556.8,16028,1707440500,107483.03,106600.7,105944.27,110.9166,303.8722,-192.9556,417.0401,43.41,48.13,108407.43,107483.03,106558.64,109871.34,20.36,24.1366,781.92,987.25,16.4218,-39113
2025-07-01 12:00:00,106556.8,107140.7,105578.0,105908.3,45292,4810425000,107406.8,106681.38,105947.05,-8.9679,241.3042,-250.2721,326.0384,38.14,44.44,108558.63,107406.8,106254.97,109791.56,16.4363,19.7242,837.69,998.76,17.491,-84405
2025-07-01 16:00:00,105908.3,106248.6,105333.0,105340.1,21726,2298191000,107307.79,106763.21,105944.59,-148.1189,163.4196,-311.5385,218.1918,34.22,41.51,108770.75,107307.79,105844.83,109766.73,7.859,14.8851,843.26,997.1,18.7523,-106131
2025-07-01 20:00:00,105340.1,106066.1,105182.6,105637.9,12159,1283742100,107219.3,106848.57,105945.5,-231.6962,84.3964,-316.0926,139.782,37.83,43.56,108851.68,107219.3,105586.93,109721.66,7.7171,10.6708,846.13,994.83,20.0852,-93973
2025-07-02 00:00:00,105637.9,106165.1,105010.0,106140.0,15209,1606918100,107168.18,106909.09,105950.38,-254.483,16.6205,-271.1036,97.1477,43.46,46.85,108867.16,107168.18,105469.2,109709.12,14.2636,9.9466,868.2,998.03,21.5081,-78763
2025-07-02 04:00:00,106140.0,107144.4,106074.2,107026.0,21403,2283208700,107157.43,106943.79,105961.81,-198.7578,-26.4551,-172.3027,104.5096,51.75,52.04,108857.15,107157.43,105457.71,109738.77,32.0016,17.9941,882.63,999.47,20.8106,-57361
2025-07-02 08:00:00,107026.1,107799.9,107026.1,107439.6,30093,3236493000,107171.59,106995.18,105974.45,-119.8397,-45.132,-74.7076,130.9615,55.07,54.23,108875.75,107171.59,105467.42,109788.36,50.9927,32.4193,874.86,994.96,19.4992,-27267
2025-07-02 12:00:00,107439.7,108754.6,107132.3,108695.3,42934,4633323500,107237.99,107071.25,105993.74,43.5263,-27.4004,70.9267,215.7081,63.31,60.05,109066.44,107237.99,105409.54,109884.01,73.8173,52.2705,928.25,1007.51,19.4391,15667
2025-07-02 16:00:00,108695.4,109690.4,108603.9,109621.9,52472,5732834300,107296.67,107161.0,106017.21,244.9403,27.0678,217.8726,333.4179,67.98,63.63,109339.48,107296.67,105253.86,110021.59,88.8563,71.2221,939.55,1009.09,20.2503,68139
2025-07-02 20:00:00,109621.8,109621.9,108682.5,108800.0,15455,1686858800,107352.33,107233.31,106038.9,334.3874,88.5317,245.8557,391.2977,60.61,58.73,109492.94,107352.33,105211.71,110114.01,92.6429,85.1055,939.54,1007.7,21.0035,52684
2025-07-03 00:00:00,108800.0,109075.1,108480.6,108594.8,12861,1398870300,107414.74,107293.56,106059.58,384.287,147.6827,236.6043,428.5684,58.9,57.56,109622.77,107414.74,105206.71,110196.96,85.3681,88.9558,914.9,999.43,21.3666,39823
2025-07-03 04:00:00,108594.8,109516.3,108509.1,109235.0,16803,1833625900,107461.0,107357.56,106085.4,470.0729,212.1608,257.9121,490.302,62.47,60.15,109778.17,107461.0,105143.83,110305.89,82.6126,86.8745,921.49,999.59,22.1161,56626
2025-07-03 08:00:00,109234.9,110265.1,109234.9,109551.0,26021,2856674300,107515.22,107425.05,106098.2,557.1351,281.1556,275.9795,556.4327,64.12,61.37,109970.59,107515.22,105059.84,110426.68,84.4244,84.135,929.26,1000.2,23.4199,82648
2025-07-03 12:00:00,109551.1,110484.0,108706.0,109089.8,60449,6626799600,107591.58,107475.89,106108.8,582.2062,341.3658,240.8405,587.1323,59.96,58.62,110141.27,107591.58,105041.88,110520.27,83.7373,83.5914,989.88,1015.76,23.7607,22199
2025-07-03 16:00:00,109089.9,109865.9,108966.0,109743.9,17644,1930409600,107698.37,107528.05,106117.33,647.393,402.5712,244.8218,643.1498,63.57,61.21,110415.3,107698.37,104981.42,110643.45,82.4738,83.5452,983.45,1013.44,24.0771,39843
2025-07-03 20:00:00,109743.8,109963.1,109488.8,109545.2,7710,845949900,107799.34,107579.3,106112.59,675.2368,457.1043,218.1324,677.894,61.75,60.01,110630.8,107799.34,104967.88,110753.54,81.2867,82.4993,947.08,1002.66,24.4641,32133
2025-07-04 00:00:00,109545.1,109732.3,109050.0,109195.6,10659,1165549000,107874.65,107609.24,106110.3,661.4684,497.9771,163.4913,686.7309,58.57,57.92,110769.81,107874.65,104979.48,110846.35,81.931,81.8972,928.17,996.25,24.0732,21474
2025-07-04 04:00:00,109195.7,109283.2,108661.0,108661.0,15466,1684571600,107953.33,107636.87,106106.7,600.497,518.4811,82.0158,664.1227,53.99,54.85,110844.16,107953.33,105062.48,110916.5,75.3368,79.5181,906.32,988.77,23.0993,6008
2025-07-04 08:00:00,108661.1,109071.1,108456.4,108842.3,16635,1809991600,108037.97,107657.52,106102.15,560.3467,526.8542,33.4925,650.5372,55.27,55.68,110928.84,108037.97,105147.11,110988.88,68.644,75.3039,885.49,981.29,21.8865,22643
2025-07-04 12:00:00,108842.2,108929.3,107436.0,107534.7,48983,5289706000,108057.96,107652.85,106092.15,418.1943,505.1222,-86.928,570.2888,45.47,48.83,110929.03,108057.96,105186.89,111020.25,48.059,64.0132,928.9,991.53,21.2021,-26341
2025-07-04 16:00:00,107534.6,107868.6,107200.0,107429.6,28293,3042880800,108101.6,107655.98,106078.05,293.6715,462.8321,-169.1606,493.57,44.78,48.33,110905.83,108101.6,105297.38,111049.79,28.7833,48.4954,910.31,985.07,20.8262,-54634
2025-07-04 20:00:00,107429.6,108229.0,107385.9,107935.4,12270,1323723900,108202.95,107669.49,106062.07,233.113,416.8882,-183.7753,450.7976,48.79,50.88,110823.27,108202.95,105582.65,111091.07,15.324,30.7221,905.51,982.23,19.9487,-42364
2025-07-05 00:00:00,107935.3,108218.0,107688.3,108093.5,7916,854893000,108340.62,107681.84,106051.16,195.6222,372.635,-177.0128,419.8782,50.02,51.66,110610.73,108340.62,106070.52,111133.33,19.4904,21.1992,878.66,973.18,19.1338,-34448
2025-07-05 04:00:00,108093.4,108368.1,107946.1,108000.9,7573,818764000,108458.77,107703.59,106041.47,156.6329,329.4346,-172.8017,386.7127,49.28,51.16,110371.81,108458.77,106545.73,111171.08,24.663,19.8258,846.05,962.15,18.1453,-42021
2025-07-05 08:00:00,108000.8,108175.0,107828.1,108059.1,5892,636324540,108554.73,107716.2,106033.55,128.9435,289.3364,-160.3929,359.3326,49.78,51.47,110160.81,108554.73,106948.65,111210.76,25.9186,23.3573,810.39,949.85,17.3945,-36129
2025-07-05 12:00:00,108059.2,108194.4,107908.8,108012.7,5090,550072700,108604.06,107740.12,106021.87,102.0786,251.8848,-149.8062,331.806,49.36,51.2,110074.13,108604.06,107133.99,111236.57,25.0985,25.2267,772.91,936.56,16.6638,-41219
2025-07-05 16:00:00,108012.6,108130.7,107809.2,108092.1,6157,664801600,108636.69,107763.09,106017.75,86.2012,218.7481,-132.5469,310.5818,50.14,51.66,110028.84,108636.69,107244.54,111261.73,26.0242,25.6804,740.66,924.26,16.1412,-35062
2025-07-05 20:00:00,108092.2,108183.8,107930.1,108153.4,4032,435798300,108609.59,107780.93,106014.65,77.6694,190.5324,-112.863,293.9471,50.76,52.03,110017.13,108609.59,107202.06,111289.15,28.8057,26.6428,705.88,910.85,15.5518,-31029
2025-07-06 00:00:00,108153.4,108211.0,107968.1,107996.3,4372,472608450,108528.31,107805.9,106015.88,57.5676,163.9394,-106.3718,270.3997,49.06,50.99,109879.25,108528.31,107177.38,111309.45,30.1629,28.3309,672.81,897.49,14.9484,-35402
2025-07-06 04:00:00,107996.2,108180.0,107901.0,107991.3,3924,423914530,108487.88,107825.51,106018.75,40.7634,139.3042,-98.5408,248.6647,49.0,50.95,109852.21,108487.88,107123.56,111333.93,31.524,30.1642,644.68,885.12,14.5142,-39326
2025-07-06 08:00:00,107991.4,108087.2,107743.4,108017.3,7597,819774300,108459.01,107840.89,106026.77,29.2073,117.2848,-88.0776,230.138,49.33,51.13,109837.43,108459.01,107080.58,111352.2,33.1001,31.5957,623.19,874.3,14.4095,-31729
2025-07-06 12:00:00,108017.3,109079.1,107984.7,108856.8,25569,2778009000,108440.09,107869.37,106039.94,86.7891,111.1857,-24.3966,255.1219,58.56,56.49,109785.4,108440.09,107094.79,111360.03,52.8837,39.1693,656.85,878.7,14.3629,-6159
2025-07-06 16:00:00,108856.8,108917.0,108209.6,108493.8,10930,1186759000,108387.23,107892.84,106052.05,101.9568,109.3399,-7.3831,257.0575,53.98,53.81,109633.2,108387.23,107141.27,111346.91,65.4183,50.4674,660.46,875.27,14.3196,-17089
2025-07-06 20:00:00,108493.8,109684.7,108477.9,109145.8,19995,2183356200,108390.03,107927.6,106076.6,164.6898,120.4099,44.2799,290.0272,60.03,57.61,109642.53,108390.03,107137.54,111356.86,78.4444,65.5821,699.48,881.9,15.3605,2906
2025-07-07 00:00:00,109145.8,109667.3,108622.6,109348.9,15643,1707859700,108370.28,107971.33,106112.12,228.1645,141.9608,86.2037,326.9212,61.71,58.72,109546.93,108370.28,107193.64,111369.73,77.5186,73.7938,724.14,885.16,16.327,18549
2025-07-07 04:00:00,109349.0,109409.7,108611.0,109016.3,11505,1253814900,108343.84,108006.84,106141.19,248.763,163.3213,85.4418,340.2009,57.44,56.19,109434.29,108343.84,107253.39,111374.62,76.7411,77.568,729.47,883.43,17.1963,7044
2025-07-07 08:00:00,109016.3,109041.2,108525.0,108599.9,12004,1305657700,108314.06,108035.7,106166.26,228.8495,176.4269,52.4226,329.0341,52.53,53.18,109340.48,108314.06,107287.63,111149.82,65.344,73.2012,714.23,876.09,17.7842,-4960
2025-07-07 12:00:00,108599.8,108612.2,107903.2,108249.0,30363,3287434000,108293.45,108053.34,106186.09,182.6477,177.6711,4.9766,300.2963,48.75,50.77,109307.66,108293.45,107279.25,110871.28,45.5614,62.5488,713.86,872.74,16.9247,-35323
2025-07-07 16:00:00,108248.9,108460.8,107456.0,107999.9,28557,3082737200,108251.34,108044.38,106206.59,124.497,167.0362,-42.5392,261.769,46.21,49.11,109240.53,108251.34,107262.14,110708.9,31.5229,47.4761,734.64,875.38,16.1232,-63879
2025-07-07 20:00:00,107999.9,108250.1,107728.5,108203.9,8327,899179800,108284.8,108054.71,106221.7,93.7921,152.3874,-58.5953,237.7192,48.57,50.5,109218.48,108284.8,107351.11,110540.33,28.0021,35.0288,719.42,868.31,15.379,-55553
2025-07-08 00:00:00,108203.9,108475.0,107400.0,107852.6,17984,1940061000,108305.94,108064.84,106240.2,40.6428,130.0385,-89.3957,198.4032,44.91,48.13,109178.34,108305.94,107433.56,110394.64,25.924,28.483,744.82,872.44,15.257,-73537
2025-07-08 04:00:00,107852.5,108445.8,107696.5,108440.7,10190,1101987700,108331.21,108067.45,106263.91,45.4524,113.1213,-67.6689,193.2009,51.5,52.09,109188.34,108331.21,107474.08,110186.59,32.9729,28.9663,745.14,869.98,15.1438,-63347
2025-07-08 08:00:00,108440.7,108964.1,108172.4,108713.1,15944,1731500200,108362.19,108072.38,106289.48,70.4325,104.5835,-34.151,201.4069,54.23,53.8,109227.47,108362.19,107496.91,109954.33,40.9448,33.2806,748.47,868.41,14.1728,-47404
2025-07-08 12:00:00,108713.2,109180.0,108151.0,108217.0,24144,2622919200,108372.99,108085.47,106313.33,49.6263,93.5921,-43.9658,182.6111,48.84,50.36,109225.26,108372.99,107520.73,109824.01,46.2614,40.0597,768.51,871.63,13.6696,-71548
2025-07-08 16:00:00,108217.0,109115.4,108041.0,108723.6,20875,2269034000,108406.22,108107.78,106342.09,73.1721,89.5081,-16.336,190.9576,53.88,53.55,109258.75,108406.22,107553.69,109820.16,50.3888,45.865,790.36,875.68,12.9717,-50673
2025-07-08 20:00:00,108723.6,108928.0,108570.1,108873.1,6019,654827970,108449.24,108134.73,106366.48,102.7117,92.1488,10.5629,204.614,55.29,54.46,109304.83,108449.24,107593.65,109799.62,52.7232,49.7911,759.47,865.33,12.3236,-44653
2025-07-09 00:00:00,108873.2,109107.4,108284.2,108311.9,11602,1260970600,108460.23,108147.18,106386.53,79.9167,89.7024,-9.7857,187.2072,49.24,50.56,109302.73,108460.23,107617.73,109757.09,54.1078,52.4066,764.02,864.48,11.7832,-56255
2025-07-09 04:00:00,108311.9,108900.0,108273.5,108674.8,9999,1085981800,108486.3,108178.92,106409.45,90.0959,89.7811,0.3148,189.5334,52.83,52.85,109321.45,108486.3,107651.15,109730.91,53.5385,53.4565,754.2,859.72,11.3042,-46256
2025-07-09 08:00:00,108674.7,109074.0,108510.0,109008.3,9544,1038620500,108536.9,108216.1,106437.81,123.6483,96.5545,27.0938,207.2496,55.92,54.87,109369.79,108536.9,107704.01,109713.59,58.7219,55.4561,740.61,853.81,10.5497,-36712
2025-07-09 12:00:00,109008.3,109738.5,108429.0,109020.0,44232,4827958300,108588.34,108253.8,106462.08,149.46,107.1356,42.3244,221.9457,56.03,54.94,109407.03,108588.34,107769.63,109709.94,68.5092,60.2565,781.24,862.92,11.1641,7520
2025-07-09 16:00:00,109019.9,112036.8,108975.9,111718.8,55843,6173988000,108773.41,108357.05,106506.98,383.2686,162.3622,220.9064,368.3411,72.74,67.37,110331.62,108773.41,107215.2,109906.5,80.8146,69.3486,944.08,906.88,14.0941,63363
2025-07-09 20:00:00,111718.8,111931.5,110508.0,111199.9,36615,4070682600,108890.56,108462.88,106546.33,520.6904,234.0278,286.6626,465.7225,67.43,63.82,110774.52,108890.56,107006.61,110046.57,81.456,76.9266,978.32,917.22,16.8149,26748
2025-07-10 00:00:00,111199.8,111548.3,110834.6,111028.2,13062,1451853400,109017.28,108576.64,106582.18,608.7264,308.9676,299.7589,538.0699,65.72,62.67,111107.13,109017.28,106927.44,110173.08,84.4469,82.2392,959.42,913.14,19.3413,13686
2025-07-10 04:00:00,111028.3,111399.7,110894.2,111186.1,10504,1167258200,109119.3,108687.6,106611.08,683.3595,383.846,299.5136,605.1317,66.56,63.3,111413.48,109119.3,106825.12,110311.58,80.6174,82.1734,927.0,904.99,21.6873,24189
2025-07-10 08:00:00,111186.2,111370.3,110800.0,110972.2,12367,1373314800,109200.47,108784.24,106639.76,716.9819,450.4731,266.5087,648.7488,64.27,61.8,111632.14,109200.47,106768.79,110426.85,78.4577,81.174,901.52,898.3,23.6262,11822
2025-07-10 12:00:00,110972.1,111363.5,110432.2,111350.0,29487,3270598700,109317.15,108870.73,106667.37,765.2913,513.4368,251.8546,701.6877,66.47,63.41,111920.2,109317.15,106714.09,110564.88,79.979,79.6847,903.65,898.96,24.5255,41309
2025-07-10 16:00:00,111350.0,113760.0,111267.7,113246.1,78710,8885879000,109549.46,108986.86,106699.67,945.6752,599.8845,345.7907,838.2471,74.84,70.06,112638.87,109549.46,106460.05,110852.9,83.0993,80.512,1017.12,930.82,27.0598,120019
2025-07-10 20:00:00,113246.1,117500.0,113208.4,115979.2,81440,9424812000,109935.97,109132.53,106763.76,1294.2498,738.7575,555.4922,1087.469,81.86,76.52,114044.13,109935.97,105827.81,111409.26,85.9161,82.9981,1251.01,998.04,30.5138,201460
2025-07-11 00:00:00,115979.2,116945.8,115186.7,116839.5,29918,3473788700,110377.95,109276.88,106828.25,1621.2281,915.2516,705.9764,1338.1315,83.43,78.08,115365.7,110377.95,105390.2,111992.26,89.2592,86.0915,1287.3,1013.26,33.7212,231378
2025-07-11 04:00:00,116839.5,118395.9,116429.2,117522.7,57157,6724351500,110843.89,109451.34,106903.33,1913.4325,1114.8878,798.5447,1579.9172,84.57,79.23,116612.2,110843.89,105075.58,112581.44,89.379,88.1848,1335.83,1032.33,36.9587,288535
2025-07-11 08:00:00,117522.7,118882.8,117522.7,117790.1,30866,3646639900,111340.77,109635.24,106988.03,2141.893,1320.2888,821.6042,1792.1145,85.01,79.67,117676.88,111340.77,105004.66,113136.15,91.3051,89.9811,1337.57,1038.89,40.0409,319401
2025-07-11 12:00:00,117790.0,118226.0,116725.1,116910.3,41835,4919845400,111764.24,109788.75,107076.3,2226.294,1501.4899,724.804,1920.5925,77.28,74.25,118393.79,111764.24,105134.7,113561.06,87.4018,89.362,1349.23,1048.13,41.8469,277566
2025-07-11 16:00:00,116910.3,118128.0,116611.1,118072.7,25631,3008974800,112232.23,109959.19,107169.65,2359.7761,1673.1471,686.629,2078.9583,79.88,76.47,119244.52,112232.23,105219.93,114056.16,87.6942,88.8004,1361.21,1057.5,43.3765,303197
2025-07-11 20:00:00,118072.7,118072.7,117130.0,117500.0,14412,1694688600,112696.38,110127.39,107259.88,2391.7786,1816.8734,574.9053,2175.3313,75.31,73.2,119812.27,112696.38,105580.48,114469.52,86.4747,87.1902,1331.32,1055.21,44.7968,288785
2025-07-12 00:00:00,117500.0,117818.6,117055.0,117730.0,8465,994891600,113146.7,110287.11,107347.36,2407.9429,1935.0873,472.8555,2258.3535,75.91,73.68,120339.45,113146.7,105953.94,114873.74,88.217,87.4619,1290.76,1049.37,46.0058,297250
2025-07-12 04:00:00,117730.0,118036.7,117454.9,117689.7,9787,1152341400,113587.52,110450.0,107436.0,2389.9512,2026.06,363.8911,2316.0308,75.56,73.44,120759.23,113587.52,106415.81,115252.66,86.094,86.9286,1240.12,1040.02,47.2068,287463
2025-07-12 08:00:00,117689.6,118176.9,117579.8,117773.6,10654,1256257200,114060.61,110621.56,107526.15,2355.3123,2091.9104,263.4017,2357.9595,75.81,73.62,121023.11,114060.61,107098.11,115619.2,86.3714,86.8941,1194.19,1031.16,48.3737,298117
2025-07-12 12:00:00,117773.5,117819.8,116862.4,117075.6,20538,2410040600,114480.65,110789.85,107611.79,2245.6514,2122.6587,122.9926,2347.119,69.53,69.36,121097.85,114480.65,107863.45,115918.37,83.7901,85.4185,1177.28,1029.69,48.3252,277579
2025-07-12 16:00:00,117075.6,117609.4,117012.0,117525.7,8166,958212160,114906.52,110963.52,107707.29,2170.0486,2132.1367,37.9119,2348.6196,71.19,70.51,121145.67,114906.52,108667.37,116234.78,83.1432,84.4349,1135.86,1021.04,48.2802,285745
2025-07-12 20:00:00,117525.7,117527.8,116960.0,117389.3,6113,717041500,115324.98,111160.62,107794.48,2075.2048,2120.7502,-45.5454,2331.3396,69.95,69.68,121028.42,115324.98,109621.55,116530.14,80.981,82.6381,1095.28,1011.98,48.1532,279632
2025-07-13 00:00:00,117389.4,117794.7,117164.3,117711.5,7179,843428700,115624.62,111366.25,107882.38,2002.9506,2097.1904,-94.2397,2321.0186,71.22,70.54,121166.12,115624.62,110083.12,116833.84,81.2289,81.7844,1062.08,1004.35,48.1986,286811
2025-07-13 04:00:00,117711.6,118040.8,117639.7,117950.0,7310,861361800,115962.12,111566.55,107975.19,1942.5411,2066.2605,-123.7194,2312.514,72.17,71.18,121198.38,115962.12,110725.87,117139.16,78.1695,80.1264,1014.87,992.28,48.3898,294121
2025-07-13 08:00:00,117950.0,118058.3,117641.3,118036.1,6330,745909950,116312.52,111765.4,108067.68,1879.943,2028.997,-149.054,2297.9849,72.52,71.42,121099.89,116312.52,111525.16,117437.66,73.2041,77.5341,972.16,980.78,48.5782,300450
2025-07-13 12:00:00,118036.0,119655.0,117933.4,118610.6,39023,4631601700,116683.74,111977.59,108168.76,1855.304,1994.2584,-138.9544,2302.7976,74.79,72.97,120946.12,116683.74,112421.37,117757.2,68.6476,73.3404,1025.69,995.59,49.5718,339473
2025-07-13 16:00:00,118610.6,119454.9,118325.4,118923.0,14954,1777365400,117081.28,112194.87,108270.98,1839.7777,1963.3623,-123.5846,2311.0186,75.96,73.78,120547.44,117081.28,113615.13,118082.86,69.0441,70.2986,1033.11,998.27,50.4943,354427
2025-07-13 20:00:00,118922.9,119333.0,118197.7,119038.3,15257,1810873700,117465.7,112415.38,108371.2,1815.8448,1933.8588,-118.014,2312.2573,76.39,74.08,119836.26,117465.7,115095.14,118401.39,73.7935,70.4951,1040.41,1001.01,51.1044,369684
2025-07-14 00:00:00,119038.3,121800.0,118862.6,120733.2,43343,5205877000,117840.06,112668.2,108483.55,1911.6063,1929.4083,-17.802,2386.5002,81.64,77.99,119746.17,117840.06,115933.94,118814.13,78.0287,73.6221,1175.91,1039.74,52.5678,413027
2025-07-14 04:00:00,120733.2,123300.0,120515.9,122731.0,55897,6822136000,118177.65,112959.76,108601.38,2124.217,1968.37,155.847,2537.9353,85.68,81.45,120873.78,118177.65,115481.51,119350.12,83.0985,78.3069,1290.78,1074.63,54.2658,468924
2025-07-14 08:00:00,122731.0,122772.7,121357.0,121474.5,26389,3220271600,118409.4,113229.32,108709.34,2166.3513,2007.9663,158.385,2591.8977,74.57,73.79,121387.66,118409.4,115431.13,119771.47,80.3996,80.5089,1299.7,1081.45,55.8426,442535
2025-07-14 12:00:00,121474.5,122113.9,119590.9,119863.1,50636,6125216300,118526.41,113466.76,108818.33,2046.1299,2015.599,30.5309,2544.506,63.24,65.49,121539.83,118526.41,115513.0,120077.52,69.8055,77.7679,1387.08,1110.28,54.966,391898
2025-07-14 16:00:00,119863.1,120510.9,119200.0,119920.0,31948,3829449000,118632.91,113704.8,108933.99,1933.1606,1999.1113,-65.9507,2494.1086,63.45,65.64,121685.01,118632.91,115580.81,120380.01,55.2504,68.4852,1381.64,1114.29,53.717,423846
2025-07-14 20:00:00,119920.3,120430.0,119505.0,119816.5,13343,1601498600,118778.22,113924.0,109049.06,1814.3652,1962.1621,-147.7969,2433.3733,62.74,65.12,121764.44,118778.22,115792.0,120667.09,46.3878,57.1479,1349.02,1110.5,52.5573,410503
2025-07-15 00:00:00,119816.5,119919.4,116870.0,117209.2,58092,6865069000,118735.05,114098.31,109144.73,1492.6256,1868.2548,-375.6292,2238.9128,48.19,53.9,121785.11,118735.05,115684.98,120823.09,32.6088,44.749,1470.48,1149.28,49.0349,352411
2025-07-15 04:00:00,117209.2,117761.3,116227.0,116777.1,43593,5101474000,118698.9,114250.94,109237.6,1189.0709,1732.4181,-543.347,2039.8494,46.28,52.34,121822.89,118698.9,115574.91,120958.1,19.3693,32.7886,1475.04,1156.98,45.7537,308818
2025-07-15 08:00:00,116777.1,117229.9,116300.0,117110.4,23334,2725626400,118667.92,114406.16,109329.84,964.2806,1578.7905,-614.51,1876.116,47.99,53.43,121841.62,118667.92,115494.22,121100.03,8.5142,20.1641,1436.1,1152.44,42.7068,332152
2025-07-15 12:00:00,117110.4,118499.8,115678.1,116393.0,79630,9318353000,118603.09,114553.7,109419.27,719.9454,1407.0215,-687.0762,1690.8734,44.68,50.79,121904.48,118603.09,115301.69,121213.19,9.8823,12.5886,1535.07,1185.83,40.3433,252522
2025-07-15 16:00:00,116393.1,117727.4,116050.0,116428.9,45663,5340867000,118535.85,114710.28,109518.02,523.174,1230.252,-707.0781,1525.8315,44.89,50.92,121954.76,118535.85,115116.94,121317.62,10.5733,9.6566,1545.24,1195.66,38.1487,298185
2025-07-15 20:00:00,116428.8,117965.6,116189.0,117738.5,19664,2305211100,118568.99,114900.07,109626.77,467.5157,1077.7047,-610.189,1442.5717,51.89,55.35,121943.2,118568.99,115194.79,121464.73,15.4209,11.9588,1561.76,1207.28,36.2795,317850
2025-07-16 00:00:00,117738.6,118208.6,117017.1,117477.6,17006,2000071600,118566.59,115089.62,109731.89,397.7685,941.7175,-543.949,1351.1266,50.51,54.32,121943.83,118566.59,115189.35,121595.9,20.1643,15.3862,1535.31,1206.96,34.7193,300844
2025-07-16 04:00:00,117477.7,118297.1,117252.2,118181.2,14568,1718084700,118606.19,115289.17,109841.48,394.7179,832.3176,-437.5997,1301.3654,54.05,56.6,121945.64,118606.19,115266.73,121739.97,27.8277,21.1376,1500.28,1203.72,33.3366,315412
2025-07-16 08:00:00,118181.2,119299.9,118113.6,118755.1,24816,2948895700,118658.37,115507.22,109953.02,433.6108,752.5762,-318.9654,1281.0077,56.77,58.38,121972.8,118658.37,115343.94,121888.62,32.2737,26.7552,1477.86,1203.37,32.7583,340228
2025-07-16 12:00:00,118755.1,119786.7,118156.0,119056.0,52951,6294144000,118713.66,115719.52,110093.34,483.1444,698.6898,-215.5454,1272.242,58.16,59.3,122015.86,118713.66,115411.48,122029.07,40.2746,33.4586,1488.77,1211.92,32.5282,393179
2025-07-16 16:00:00,119055.9,119888.0,118430.3,119186.7,27063,3226271000,118771.2,115929.0,110234.71,526.8731,664.3265,-137.4534,1264.9209,58.79,59.7,122064.24,118771.2,115478.15,122171.7,47.4999,40.016,1486.55,1216.83,32.3787,420242
2025-07-16 20:00:00,119186.7,120100.0,118359.4,118590.7,22762,2715757000,118770.2,116136.47,110357.53,507.5851,632.9782,-125.3931,1222.5369,54.78,56.99,122063.45,118770.2,115476.94,122291.4,54.1322,47.3022,1504.7,1227.31,32.3783,397480
2025-07-17 00:00:00,118590.7,119151.3,117663.6,118090.9,24347,2878403300,118728.59,116323.82,110475.49,446.8188,595.7463,-148.9275,1155.1958,51.61,54.79,122034.08,118728.59,115423.11,122400.94,55.1866,52.2729,1503.49,1232.52,31.53,373132
2025-07-17 04:00:00,118090.8,118763.4,117810.4,118293.9,15838,1873802500,118691.38,116512.23,110589.52,410.3117,558.6594,-148.3477,1101.9933,52.8,55.52,121998.84,118691.38,115383.91,122517.9,56.7328,55.3505,1464.17,1226.93,30.7423,388971
2025-07-17 08:00:00,118293.8,119216.4,117915.2,117968.9,19525,2313430300,118553.16,116705.38,110705.63,351.1074,517.149,-166.0416,1034.7451,50.64,54.05,121736.47,118553.16,115369.85,122633.27,53.9123,55.2772,1452.53,1228.41,30.3709,369446
2025-07-17 12:00:00,117968.8,119100.0,117412.8,118875.0,33486,3956965400,118360.36,116909.38,110827.2,373.0026,488.3197,-115.3171,1017.3792,56.04,57.36,120912.73,118360.36,115807.98,122783.83,61.0861,57.2437,1469.29,1237.59,29.3947,402932
2025-07-17 16:00:00,118875.0,119879.1,118293.6,118948.8,24071,2868611800,118234.08,117108.19,110937.16,391.7934,469.0145,-77.2211,1001.1345,56.46,57.62,120374.29,118234.08,116093.87,122925.71,66.0229,60.3404,1477.59,1244.55,29.1143,427003
2025-07-17 20:00:00,118948.8,120951.5,118343.2,119176.6,47007,5637912600,118199.75,117311.32,111033.59,420.2227,459.2561,-39.0334,993.6295,57.79,58.44,120254.67,118199.75,116144.83,123068.36,70.0172,65.7087,1558.35,1271.82,29.5721,474010
2025-07-18 00:00:00,119176.5,120799.0,119003.8,120212.8,22720,2727068000,118214.39,117481.2,111140.13,520.3673,471.4783,48.889,1034.0547,63.29,61.97,120321.63,118214.39,116107.15,123252.96,74.0813,70.0405,1575.27,1282.29,29.9973,496730
2025-07-18 04:00:00,120212.8,120846.1,119300.0,119356.6,21766,2614303700,118191.4,117644.34,111240.59,524.5972,482.1021,42.4951,1020.6379,56.71,57.72,120237.35,118191.4,116145.44,123399.97,69.2469,71.1151,1573.19,1287.57,30.4236,474965
2025-07-18 08:00:00,119356.5,119483.2,118384.6,119175.5,27047,3215032600,118289.71,117807.28,111338.09,507.4862,487.179,20.3073,995.0083,55.4,56.85,120326.38,118289.71,116253.04,123530.85,65.3143,69.5475,1539.29,1283.79,29.6053,447918
2025-07-18 12:00:00,119175.5,119519.8,117230.7,117830.0,46533,5504404000,118342.35,117940.16,111425.91,380.9635,465.9358,-84.9723,900.845,46.75,50.89,120271.5,118342.35,116413.21,123619.03,42.5201,59.0271,1592.85,1303.89,27.6127,401384
2025-07-18 16:00:00,117830.1,118053.5,117109.4,117361.6,20948,2462802400,118354.91,118067.94,111507.71,240.1294,420.7746,-180.6452,792.4112,44.16,49.02,120254.87,118354.91,116454.96,123688.96,24.8873,44.2406,1546.51,1296.7,25.645,380436
2025-07-18 20:00:00,117361.7,118000.0,116788.9,117896.4,23233,2727044400,118430.09,118198.88,111590.08,169.7148,370.5626,-200.8478,722.4782,47.72,51.17,120121.07,118430.09,116739.1,123766.76,16.4256,27.9443,1522.55,1294.98,24.1227,403669
2025-07-19 00:00:00,117896.5,118340.7,117588.0,118295.2,9845,1161944200,118523.4,118299.86,111674.23,144.4257,325.3352,-180.9095,679.0131,50.26,52.74,119947.23,118523.4,117099.57,123845.18,23.1189,21.4772,1467.56,1284.14,22.4472,413514
2025-07-19 04:00:00,118295.3,118337.5,118013.2,118135.0,5699,673538900,118543.23,118342.97,111754.7,110.187,282.3056,-172.1186,630.4454,49.23,52.04,119933.44,118543.23,117153.02,123916.58,31.7102,23.7515,1385.9,1264.94,20.8913,407815
2025-07-19 08:00:00,118134.9,118456.0,117904.0,118300.0,7488,885213800,118584.34,118372.18,111832.23,95.2684,244.8981,-149.6297,594.0178,50.36,52.72,119892.26,118584.34,117276.43,123964.52,34.9421,29.9237,1326.34,1250.68,19.5811,415303
2025-07-19 12:00:00,118300.0,118301.4,117615.3,118025.6,11576,1366029700,118576.56,118382.24,111908.91,60.605,208.0395,-147.4345,546.182,48.42,51.44,119895.78,118576.56,117257.35,123995.57,32.7832,33.1452,1280.6,1239.39,18.3475,403726
2025-07-19 16:00:00,118025.6,118149.8,117562.1,117978.3,8301,978573060,118537.73,118386.01,111980.3,28.9831,172.2282,-143.2451,500.1866,48.08,51.22,119879.18,118537.73,117196.27,124029.7,31.5284,33.0846,1231.11,1226.36,17.2671,395426
2025-07-19 20:00:00,117978.4,118125.7,117245.9,117814.4,9622,1131861000,118475.65,118404.09,112053.46,-9.1968,135.9432,-145.14,450.1646,46.84,50.41,119830.27,118475.65,117121.02,124056.74,27.6398,30.6504,1206.02,1219.43,16.6529,385804
2025-07-20 00:00:00,117814.3,118119.6,117618.0,117965.6,4978,586964200,118414.59,118401.94,112123.99,-26.9434,103.3659,-130.3093,412.7049,48.17,51.16,119745.38,118414.59,117083.8,124079.74,27.1593,28.7758,1155.7,1205.07,16.0825,390782
