open_time,开盘价,最高价,最低价,收盘价,成交量,成交额,成交笔数,主动买入量,主动买入额,MA20,MA50,MA_LONG,MACD,MACD_Signal,MACD_Hist,RSI,RSI_Secondary,RSI_Long,BB_Upper,BB_Middle,BB_Lower,BB_Long_Upper,BB_Long_Middle,BB_Long_Lower,Stoch_SlowK,Stoch_SlowD,OBV,ATR,ATR_Long,ATR_Ratio,ADX
2025-07-17 20:30:00,119003.7,119390.0,118999.7,119221.4,1263,150585300,37132,636,75832430,119306.95,119080.93,118587.73,-15.8523,52.6788,-68.5311,52.2,54.09,53.94,119938.85,119356.45,118774.06,119800.67,118863.3,117925.94,42.4637,32.9053,-14535,415.54,381.48,1.0893,31.0503
2025-07-17 20:45:00,119221.5,119440.8,119076.9,119428.8,1291,153890910,24069,834,99466560,119287.73,119097.19,118613.0,40.6473,48.6683,-8.021,58.36,57.11,56.01,119951.56,119370.91,118790.25,119810.34,118914.6,118018.87,57.1864,42.5503,-13244,409.08,380.64,1.0747,28.1845
2025-07-17 21:00:00,119428.8,120145.9,119410.5,120094.9,7681,920671170,101639,4864,583023740,119324.77,119155.27,118652.77,197.8734,98.4033,99.47,71.93,65.07,61.81,120118.46,119444.97,118771.48,119865.31,118996.52,118127.74,75.2442,58.2981,-5563,449.87,397.53,1.1317,27.9721
2025-07-17 21:15:00,120095.0,120951.5,120094.9,120900.1,9397,1132973400,135197,5388,649576100,119481.02,119262.1,118695.84,431.6657,209.4908,222.1749,80.77,71.87,67.28,120534.12,119546.02,118557.93,120115.38,119084.48,118053.59,88.8612,73.764,3833,500.71,419.39,1.1939,30.495
2025-07-17 21:30:00,120900.0,120930.8,120033.4,120615.2,6635,799413200,103619,3391,408584740,119621.75,119360.43,118738.06,490.4392,303.1403,187.2989,71.48,66.91,63.88,120747.34,119624.55,118501.76,120277.51,119156.27,118035.02,94.1023,86.0692,-2801,550.3,442.16,1.2446,32.2382
2025-07-17 21:45:00,120615.2,120752.1,120177.0,120254.8,1405,169276060,34376,574,69113610,119785.0,119446.48,118776.95,432.0222,346.1009,85.9213,61.11,61.16,59.86,120845.59,119680.58,118515.56,120372.91,119207.6,118042.3,85.2261,89.3966,-4206,553.4,448.49,1.2339,33.7634
2025-07-17 22:00:00,120254.8,120450.0,120112.5,120432.4,1729,207934600,37409,865,103993410,119993.9,119536.1,118816.88,411.8971,368.033,43.8641,64.1,62.85,61.13,120956.93,119733.38,118509.84,120478.84,119270.37,118061.89,77.0177,85.4487,-2477,526.41,443.2,1.1877,34.4986
2025-07-17 22:15:00,120432.4,120706.1,120041.7,120077.6,2029,244176930,39042,821,98855070,120128.15,119591.99,118847.77,313.2019,349.756,-36.554,54.35,57.46,57.33,121003.14,119769.02,118534.89,120537.44,119314.52,118091.59,65.7762,76.0067,-4507,543.66,453.73,1.1982,36.1297
2025-07-17 22:30:00,120077.6,120272.5,120077.4,120162.0,941,113055060,20694,530,63716304,120245.73,119661.88,118881.38,257.9665,319.1595,-61.1929,56.2,58.37,57.99,121063.41,119825.07,118586.73,120587.58,119372.48,118157.38,58.5177,67.1039,-3566,500.09,441.42,1.1329,37.5569
2025-07-17 22:45:00,120162.1,120336.4,119451.3,119767.8,3250,389367100,59489,1399,167510350,120288.1,119714.81,118903.7,139.0336,259.1175,-120.0839,46.03,52.68,53.95,121038.72,119893.32,118747.91,120600.65,119414.44,118228.23,41.0821,55.1253,-6816,548.22,462.55,1.1852,33.3678
2025-07-17 23:00:00,119767.8,119878.4,119569.8,119711.0,1407,168466960,37798,757,90709350,120240.11,119736.51,118914.2,53.6322,190.6224,-136.9902,44.67,51.89,53.39,120949.49,119972.47,118995.44,120619.98,119435.23,118250.47,29.1391,42.913,-8223,518.26,455.22,1.1385,29.7024
2025-07-17 23:15:00,119711.1,119883.3,119428.4,119608.0,1999,239022700,49277,1039,124228504,120078.6,119755.64,118925.64,-17.3415,121.3011,-138.6426,42.05,50.42,52.35,120876.52,120022.84,119169.16,120630.57,119459.66,118288.74,17.4061,29.2091,-10221,510.34,455.2,1.1211,26.5247
2025-07-17 23:30:00,119608.0,119665.6,119250.0,119360.1,1085,129573030,29150,391,46720480,119921.71,119740.06,118936.58,-104.2912,46.1037,-150.3949,36.09,46.97,49.89,120855.06,120034.39,119213.72,120623.58,119483.1,118342.62,12.8942,19.8132,-11306,498.5,453.31,1.0997,24.9818
2025-07-17 23:45:00,119360.1,119470.5,119155.0,119176.6,1417,168986030,27257,560,66750490,119786.94,119716.42,118946.78,-183.9629,-30.5852,-153.3777,32.16,44.54,48.14,120891.85,120013.38,119134.9,120606.46,119503.98,118401.49,7.5073,12.6025,-12722,475.63,446.75,1.0646,24.267
2025-07-18 00:00:00,119176.5,119370.0,119003.8,119037.6,1207,143806640,36408,494,58930600,119612.59,119690.48,118955.64,-247.2056,-102.792,-144.4136,29.34,42.74,46.83,120926.2,119925.27,118924.34,120580.63,119523.63,118466.64,3.8301,8.0772,-13929,461.95,442.92,1.043,24.6231
2025-07-18 00:15:00,119037.6,119592.1,119037.5,119482.0,1339,159849040,33752,937,111829100,119538.14,119675.4,118977.54,-186.925,-130.8363,-56.0887,46.78,49.74,51.28,120674.89,119807.09,118939.29,120560.66,119554.7,118548.72,13.2712,8.2029,-12590,473.53,448.23,1.0564,22.7046
2025-07-18 00:30:00,119481.9,119749.8,119478.0,119731.5,1541,184361440,36847,905,108298424,119484.33,119679.27,119003.0,-96.0539,-119.2422,23.1883,54.18,53.2,53.57,120482.27,119733.45,118984.63,120565.72,119582.28,118598.84,40.3871,19.1628,-11049,448.31,439.83,1.0193,20.1037
2025-07-18 00:45:00,119731.5,119785.1,119500.0,119735.8,1345,161002860,32194,602,71994160,119480.33,119691.01,119030.5,-38.7345,-92.4063,53.6718,54.31,53.26,53.61,120383.94,119690.2,118996.45,120555.41,119617.0,118678.58,67.2847,40.3143,-9703,427.91,432.46,0.9895,18.1404
2025-07-18 01:00:00,119735.9,120485.8,119636.0,120259.7,3386,406545920,63020,2195,263588780,119548.91,119753.43,119068.72,95.6544,-29.7194,125.3738,67.28,59.97,58.16,120323.45,119675.8,119028.16,120573.94,119670.44,118766.94,83.571,63.7476,-6317,480.65,452.34,1.0626,20.8008
2025-07-18 01:15:00,120259.7,120441.9,120010.4,120167.8,2252,270721020,53524,859,103231400,119618.89,119820.41,119105.5,150.3883,30.3165,120.0718,63.59,58.38,57.13,120347.42,119683.33,119019.23,120607.18,119700.86,118794.54,82.1717,77.6758,-8570,474.5,451.35,1.0513,23.1287
2025-07-18 01:30:00,120167.8,120799.0,120032.3,120374.5,3127,376693600,62522,1827,220165490,119745.69,119885.7,119149.23,213.8749,91.5026,122.3723,68.18,60.88,58.85,120413.16,119701.03,118988.9,120655.82,119739.8,118823.79,79.8799,81.8742,-5443,511.03,466.36,1.0958,26.6502
2025-07-18 01:45:00,120374.5,120473.2,120250.0,120346.1,852,102569930,26858,351,42265710,119891.88,119939.25,119195.47,234.5589,139.188,95.3709,66.83,60.35,58.51,120530.73,119749.23,118967.72,120698.2,119761.76,118825.32,76.395,79.4822,-6295,475.05,454.78,1.0446,29.7315
2025-07-18 02:00:00,120346.1,120362.5,119911.2,120100.0,1566,188050220,42009,658,78985030,120024.67,119971.21,119243.38,188.3327,155.5696,32.7631,55.68,55.76,55.59,120581.75,119781.64,118981.53,120718.21,119776.0,118833.78,65.9094,74.0614,-7861,472.08,454.62,1.0384,28.7308
2025-07-18 02:15:00,120100.0,120314.8,119862.0,120215.5,1185,142336100,29954,707,84911150,120116.36,119976.96,119284.12,174.9495,162.0296,12.9199,59.39,57.4,56.66,120653.58,119832.27,119010.95,120747.44,119797.09,118846.76,58.8184,67.041,-6675,469.67,454.53,1.0333,27.3772
2025-07-18 02:30:00,120215.5,120400.0,120114.4,120272.7,875,105267704,25247,508,61139060,120184.02,119947.08,119328.11,169.8663,164.6418,5.2245,61.26,58.22,57.19,120713.3,119908.32,119103.34,120775.59,119812.9,118850.21,52.3042,59.0107,-5800,446.66,446.49,1.0004,26.7935
2025-07-18 02:45:00,120272.7,120276.0,120053.2,120075.2,624,74929650,20501,197,23624642,120226.44,119921.37,119368.85,121.2536,150.1791,-28.9254,51.67,54.32,54.75,120685.19,119983.2,119281.21,120791.79,119827.07,118862.35,44.1936,51.7721,-6424,418.68,435.83,0.9606,25.5794
2025-07-18 03:00:00,120075.3,120149.9,119926.0,120084.6,974,116872744,23276,435,52222364,120204.55,119913.27,119408.76,89.4915,129.9499,-40.4584,52.08,54.47,54.84,120549.48,120070.45,119591.41,120808.29,119846.91,118885.53,33.7522,43.4166,-5450,394.33,425.74,0.9262,23.0796
2025-07-18 03:15:00,120084.7,120216.7,119974.0,120046.8,808,97108616,21303,326,39215620,120189.42,119894.9,119452.57,59.8802,106.5933,-46.7131,50.06,53.68,54.35,120476.62,120117.52,119758.41,120798.45,119883.51,118968.57,25.5819,34.5092,-6259,375.38,417.03,0.9001,21.5492
2025-07-18 03:30:00,120046.8,120324.0,119986.7,120324.0,754,90642310,17897,545,65498692,120183.11,119906.63,119490.06,92.908,102.0315,-9.1235,62.53,58.47,57.29,120470.76,120166.89,119863.02,120780.14,119935.6,119091.06,46.622,35.3187,-5504,370.62,413.23,0.8969,21.2436
2025-07-18 03:45:00,120324.0,120492.2,120160.0,120212.8,883,106310110,19731,460,55360972,120166.45,119909.06,119521.91,86.1759,96.7463,-10.5704,55.98,55.97,55.78,120400.57,120206.64,120012.71,120764.88,119975.91,119186.94,57.258,43.154,-6388,365.82,409.37,0.8936,22.4167
2025-07-18 04:00:00,120212.8,120221.4,119726.5,119873.9,1382,165696270,28395,510,61133610,120138.19,119914.1,119542.98,13.673,69.0552,-55.3822,40.81,49.07,51.44,120426.27,120174.49,119922.71,120746.38,119997.66,119248.94,53.5963,52.4921,-7769,381.95,413.44,0.9238,20.6123
2025-07-18 04:15:00,119874.0,120076.9,119818.0,120076.9,650,77951530,17127,400,48009630,120120.86,119931.53,119570.75,10.2583,49.4563,-39.1979,50.24,52.82,53.7,120423.37,120166.91,119910.46,120743.69,120019.27,119294.84,40.2258,50.36,-7119,366.57,406.08,0.9027,19.0335
2025-07-18 04:30:00,120076.8,120312.1,120070.8,120262.1,895,107596020,23895,486,58393710,120119.54,119962.68,119598.2,43.0948,47.3358,-4.241,57.45,56.01,55.68,120394.81,120157.55,119920.28,120753.15,120024.84,119296.52,44.9872,46.2697,-6224,350.91,398.24,0.8812,17.9941
2025-07-18 04:45:00,120262.1,120478.9,120262.0,120387.8,776,93422720,21510,413,49675136,120158.61,120011.62,119633.91,83.7492,59.4736,24.2756,61.83,58.07,56.99,120407.94,120161.02,119914.1,120686.72,120007.76,119328.8,67.3588,50.8573,-5448,334.16,389.6,0.8577,18.4584
2025-07-18 05:00:00,120387.8,120628.6,120165.3,120545.3,2321,279315230,42216,1048,126197680,120216.2,120076.79,119670.94,132.9923,83.9798,49.0124,66.82,60.57,58.61,120506.96,120198.13,119889.3,120677.98,120005.43,119332.88,82.3602,64.9021,-3128,350.3,393.11,0.8911,19.9616
2025-07-18 05:15:00,120545.3,120609.4,120366.0,120537.1,1079,130010180,30615,586,70652110,120277.48,120148.2,119697.29,153.2363,107.0653,46.171,66.3,60.37,58.49,120577.06,120224.93,119872.81,120704.66,120014.84,119325.02,88.9961,79.5717,-4206,336.94,385.98,0.8729,21.277
2025-07-18 05:30:00,120537.0,120545.0,120264.5,120267.6,769,92582630,21360,250,30078914,120270.44,120185.6,119722.61,106.174,106.7682,-0.5942,50.91,54.0,54.63,120576.45,120224.51,119872.56,120690.39,120009.34,119328.3,80.2018,83.8527,-4975,329.88,380.96,0.8659,20.955
2025-07-18 05:45:00,120267.7,120626.2,120267.6,120588.3,1292,155730560,23721,853,102760550,120317.38,120226.41,119757.73,135.311,116.2825,19.0286,62.87,59.48,58.08,120651.52,120267.27,119883.01,120732.48,120026.37,119320.27,81.6225,83.6068,-3683,333.47,379.9,0.8778,21.4483
2025-07-18 06:00:00,120588.3,120846.1,120289.5,120419.7,2351,283423260,44384,1203,145152720,120385.6,120258.97,119791.72,113.4031,115.3227,-1.9196,54.7,55.72,55.74,120672.54,120295.2,119917.84,120751.25,120034.96,119318.67,66.6709,76.1651,-6034,361.36,388.31,0.9306,23.6726
2025-07-18 06:15:00,120419.7,120419.8,120153.8,120153.9,786,94508960,17869,243,29228862,120395.23,120253.93,119822.74,44.8556,91.8337,-46.9781,44.14,50.33,52.26,120665.87,120304.12,119942.37,120759.41,120047.83,119336.25,46.6816,64.9917,-6819,349.44,382.49,0.9136,23.553
2025-07-18 06:30:00,120153.8,120296.0,120076.9,120265.6,843,101367190,22251,506,60849300,120395.66,120258.59,119853.93,24.8258,69.4977,-44.6719,48.97,52.41,53.54,120661.3,120299.25,119937.2,120772.09,120066.32,119360.55,23.1828,45.5117,-5976,333.15,374.71,0.8891,22.3532
2025-07-18 06:45:00,120265.6,120463.2,120231.6,120238.5,645,77586540,17590,393,47287892,120377.0,120252.12,119878.2,7.0361,48.6772,-41.6411,47.8,51.84,53.18,120662.01,120301.39,119940.77,120778.12,120087.34,119396.54,15.1851,28.3498,-6621,320.46,367.89,0.8711,22.9239
2025-07-18 07:00:00,120238.6,120375.7,119999.9,120081.3,933,112147100,26404,444,53335444,120319.0,120239.51,119903.41,-33.4073,21.3157,-54.723,41.15,48.55,51.06,120623.33,120318.67,120014.02,120758.06,120111.38,119464.68,18.3868,18.9182,-7554,327.38,368.27,0.889,20.3671
2025-07-18 07:15:00,120081.3,120081.4,119625.4,119666.6,2132,255500780,42623,854,102290650,120210.19,120218.87,119921.78,-133.9175,-30.4287,-103.4888,28.81,41.13,46.0,120718.12,120284.48,119850.84,120714.51,120127.7,119540.91,11.3345,14.9688,-9686,343.45,372.44,0.9222,20.8742
2025-07-18 07:30:00,119666.5,119867.7,119641.6,119852.8,1538,184152880,33066,907,108608136,120158.34,120201.59,119932.64,-149.5082,-70.1219,-79.3863,38.47,45.18,48.41,120734.59,120250.38,119766.16,120625.8,120154.88,119683.95,10.5411,13.4208,-8148,328.78,365.48,0.8996,21.318
2025-07-18 07:45:00,119852.8,119852.9,119300.0,119356.6,3374,403311800,52602,1192,142430800,120004.38,120157.97,119935.38,-245.8121,-128.6853,-117.1268,27.05,37.73,43.04,120813.38,120164.44,119515.51,120642.27,120150.7,119659.13,8.9566,10.2774,-11522,356.8,374.4,0.953,23.9566
2025-07-18 08:00:00,119356.5,119483.2,119230.7,119260.2,2461,293644320,43144,1334,159207330,119859.44,120119.16,119927.61,-307.4994,-188.29,-119.2094,25.35,36.47,42.08,120809.39,120057.35,119305.31,120689.52,120134.99,119580.46,8.6294,9.3757,-13983,343.76,368.6,0.9326,26.642
2025-07-18 08:15:00,119260.2,119425.9,119076.9,119130.2,1885,224792370,37416,792,94504070,119731.48,120073.71,119917.74,-352.8684,-243.1494,-109.7189,23.06,34.79,40.8,120771.36,119940.11,119108.86,120745.68,120114.8,119483.92,3.7014,7.0958,-15868,344.42,367.66,0.9368,29.7909
2025-07-18 08:30:00,119130.1,119130.1,118384.6,118460.9,5556,659494900,98514,2248,266829920,119505.89,119998.2,119897.35,-489.476,-325.2583,-164.2177,14.96,27.7,35.04,120875.53,119789.55,118703.57,120879.17,120054.84,119230.52,3.3568,5.2292,-21424,394.56,385.66,1.0231,34.8108
2025-07-18 08:45:00,118460.9,118731.2,118412.5,118637.3,2283,270616860,44162,1389,164656240,119305.73,119917.88,119876.23,-510.629,-387.0485,-123.5805,23.25,31.65,37.48,120758.3,119626.97,118495.63,120945.48,120003.83,119062.16,7.5232,4.8604,-19141,385.08,382.47,1.0068,39.2032
2025-07-18 09:00:00,118637.3,118904.0,118450.0,118842.5,2065,245044270,39955,1243,147525540,119150.89,119852.62,119861.56,-459.3152,-411.1374,-48.1777,32.22,36.04,40.23,120600.27,119495.53,118390.8,120957.3,119952.76,118948.23,16.5331,9.1377,-17076,393.7,385.88,1.0203,40.7261
2025-07-18 09:15:00,118842.5,118847.4,118550.0,118649.7,2172,257872340,36101,932,110628424,119023.77,119794.33,119846.29,-444.8446,-422.3731,-22.4714,28.56,33.84,38.56,120486.27,119370.18,118254.09,120975.75,119896.21,118816.67,21.2741,15.1101,-19249,381.66,381.66,1.0,42.0587
2025-07-18 09:30:00,118649.6,118909.7,118640.0,118813.1,927,110066140,24616,530,62945148,118893.81,119734.15,119843.82,-384.2688,-409.6717,25.4029,35.77,37.33,40.75,120281.38,119249.14,118216.91,120985.42,119853.32,118721.22,29.3112,22.3728,-18322,367.66,376.33,0.977,42.2991
2025-07-18 09:45:00,118813.1,119000.0,118808.3,118885.0,1727,205429900,30912,1060,126022216,118834.86,119668.57,119846.07,-317.6603,-379.0012,61.3409,38.94,38.85,41.71,120028.43,119136.35,118244.27,120976.18,119808.97,118641.76,35.0381,28.5411,-16595,345.67,367.54,0.9405,41.1603
2025-07-18 10:00:00,118885.0,118939.0,118660.0,118680.9,944,112143660,26936,435,51681040,118762.45,119587.29,119840.2,-303.3478,-353.7834,50.4356,33.48,36.16,39.79,119772.38,119019.65,118266.93,120967.3,119755.91,118544.52,42.2682,35.5392,-17539,337.34,363.32,0.9285,41.1939
2025-07-18 10:15:00,118680.8,118899.8,118503.4,118796.7,1421,168622140,30234,585,69412710,118720.77,119504.02,119832.48,-258.667,-322.0779,63.411,39.13,38.75,41.39,119617.96,118947.16,118276.35,120958.26,119713.29,118468.33,51.0654,42.7906,-16118,344.72,364.9,0.9447,42.1719
2025-07-18 10:30:00,118796.7,118929.5,118750.2,118929.5,865,102827790,23661,408,48538676,118779.34,119427.47,119823.4,-195.5224,-279.8928,84.3704,45.34,41.68,43.22,119327.85,118870.22,118412.58,120938.35,119674.79,118411.23,64.1076,52.4804,-15253,324.04,356.06,0.9101,42.5188
2025-07-18 10:45:00,118929.5,119266.0,118888.5,119240.1,1685,200662660,34645,969,115370904,118854.69,119378.54,119807.86,-90.9672,-216.9176,125.9504,57.25,47.94,47.26,119287.35,118860.51,118433.66,120912.7,119647.9,118383.1,83.0604,66.0778,-13568,330.72,357.08,0.9262,38.0884
2025-07-18 11:00:00,119240.2,119292.0,118980.6,118980.8,880,104812856,23180,314,37409870,118871.98,119301.99,119772.96,-76.2802,-170.0384,93.7583,47.23,43.72,44.48,119213.01,118837.23,118461.44,120864.83,119603.12,118341.41,81.4411,76.203,-14447,328.31,354.91,0.9251,33.9099
2025-07-18 11:15:00,118980.8,119039.7,118775.1,118890.3,770,91499540,17867,299,35484960,118902.05,119229.16,119741.6,-81.4932,-140.5234,59.0301,44.09,42.32,43.55,119160.02,118817.23,118474.45,120824.09,119559.04,118293.99,68.7343,77.7453,-15217,320.34,350.61,0.9137,32.2706
2025-07-18 11:30:00,118890.3,119129.8,118786.9,119104.0,972,115675080,20210,628,74697110,118938.41,119179.17,119720.68,-39.8868,-106.9778,67.0911,52.75,46.67,46.35,119180.85,118870.83,118560.8,120802.18,119533.38,118264.57,61.9199,70.6984,-14245,323.16,350.24,0.9227,29.6558
2025-07-18 11:45:00,119104.1,119194.5,119035.4,119175.5,435,51827732,11994,225,26749418,118974.73,119127.27,119697.83,-0.5932,-71.5163,70.9231,55.44,48.08,47.27,119231.8,118915.67,118599.55,120763.84,119503.33,118242.83,70.1496,66.9346,-13810,302.66,341.14,0.8872,26.5288
2025-07-18 12:00:00,119175.5,119316.8,119175.5,119304.8,864,103002296,19712,442,52692000,119052.71,119082.8,119683.77,46.5171,-32.1718,78.6889,60.23,50.62,48.93,119321.03,118954.2,118587.37,120707.4,119471.42,118235.44,86.4231,72.8309,-12946,282.49,331.62,0.8518,24.1399
2025-07-18 12:15:00,119304.7,119336.8,119126.2,119202.4,658,78517700,18928,238,28440114,119103.42,119040.94,119666.33,51.7174,-4.2088,55.9261,54.79,48.59,47.68,119345.64,119000.26,118654.88,120631.79,119431.91,118232.02,86.3939,80.9889,-13605,273.5,325.86,0.8393,21.3728
2025-07-18 12:30:00,119202.5,119498.7,119202.5,119412.0,1146,136806160,23550,769,91840180,119163.73,119028.82,119659.86,92.1501,27.9108,64.2392,62.81,52.76,50.4,119434.27,119050.16,118666.06,120534.85,119394.13,118253.41,87.3243,86.7138,-12459,276.35,324.45,0.8517,20.9004
2025-07-18 12:45:00,119411.9,119519.8,119360.2,119428.5,846,101014630,17865,422,50451580,119187.29,119008.62,119654.72,114.0092,56.6103,57.3989,63.4,53.09,50.61,119510.39,119095.46,118680.52,120432.29,119357.18,118282.06,83.9436,85.8873,-11613,261.76,316.6,0.8268,20.7255
2025-07-18 13:00:00,119428.6,119440.4,118859.0,118859.0,3921,466994460,55724,1402,167015070,119172.06,118984.92,119641.1,12.5949,41.9385,-29.3436,38.54,42.33,43.82,119484.67,119110.3,118735.93,120352.34,119310.23,118268.11,61.8653,77.7111,-15535,301.71,329.21,0.9165,21.4615
2025-07-18 13:15:00,118859.0,118911.6,118636.4,118790.9,1865,221562530,38697,856,101658480,119159.64,118962.58,119630.76,-58.9273,8.3166,-67.2438,36.54,41.26,43.09,119485.51,119109.82,118734.12,120213.16,119250.31,118287.45,38.3556,61.3882,-17400,298.4,326.64,0.9135,23.608
2025-07-18 13:30:00,118790.8,118888.0,118500.0,118650.1,3493,414455520,60517,1351,160310030,119102.9,118939.71,119621.18,-123.8101,-35.7256,-88.0844,32.47,39.04,41.59,119519.74,119086.53,118653.33,120089.67,119191.32,118292.98,14.0152,38.0787,-20892,309.6,329.56,0.9394,26.2756
2025-07-18 13:45:00,118650.0,118857.1,118600.0,118766.8,1402,166521870,36627,794,94318584,119051.81,118954.28,119616.26,-132.7617,-68.071,-64.6907,39.03,41.83,43.31,119498.6,119047.09,118595.58,119993.32,119145.09,118296.85,19.4566,23.9425,-19490,303.04,326.11,0.9292,28.6096
2025-07-18 14:00:00,118766.9,119250.0,118689.6,118971.0,2309,274836860,54084,1172,139459020,119010.09,118970.17,119606.97,-92.6596,-76.2672,-16.3924,49.12,46.43,46.21,119498.2,119046.27,118594.35,119864.26,119101.93,118339.61,29.022,20.8313,-17181,335.21,337.27,0.9939,25.5953
2025-07-18 14:15:00,118970.9,119036.5,117730.0,117931.1,9744,1151298700,158900,4258,502945280,118851.17,118926.77,119574.23,-263.408,-138.6475,-124.7606,24.77,32.37,36.28,119682.41,118966.34,118250.28,119780.34,119025.02,118269.7,27.8611,25.4466,-26925,456.62,383.42,1.1909,28.1853
2025-07-18 14:30:00,117931.1,118091.1,117230.7,117749.8,6987,822059100,123950,3169,372984000,118643.4,118883.92,119538.12,-382.9686,-220.0879,-162.8808,22.5,30.63,34.91,119784.06,118853.49,117922.92,119725.81,118947.3,118168.8,26.9711,27.9514,-33912,507.09,406.13,1.2486,31.838
2025-07-18 14:45:00,117749.9,118389.6,117731.9,118123.8,4691,553766140,80390,2794,329779300,118480.31,118851.09,119499.29,-361.8143,-267.33,-94.4843,36.5,38.04,39.84,119744.03,118765.85,117787.67,119680.02,118895.88,118111.74,26.3187,27.0503,-29221,525.92,418.11,1.2578,32.6002
2025-07-18 15:00:00,118123.9,118255.3,117723.8,117730.6,2232,263376460,57355,939,110791096,118339.27,118796.12,119454.98,-407.3921,-314.0174,-93.3747,29.88,33.94,36.77,119689.2,118634.66,117580.14,119629.13,118825.13,118021.14,30.8254,28.0384,-31453,526.61,423.51,1.2434,33.2969
2025-07-18 15:15:00,117730.5,117922.0,117453.1,117740.3,2858,336235170,66192,1359,159932050,118207.94,118751.34,119407.08,-412.1893,-346.7413,-65.4479,30.24,34.12,36.89,119605.01,118512.83,117420.64,119627.77,118771.26,117914.75,31.4069,29.517,-28595,519.4,425.67,1.2202,34.8907
2025-07-18 15:30:00,117740.3,117930.2,117430.0,117632.0,2076,244357170,49308,976,114958350,118080.67,118695.88,119357.73,-415.931,-369.8046,-46.1265,28.33,32.99,36.05,119419.37,118364.49,117309.62,119632.63,118716.98,117801.34,23.2886,28.507,-30671,517.0,429.22,1.2045,36.3681
2025-07-18 15:45:00,117632.1,118011.9,117484.0,117830.0,1440,169599340,38367,836,98519480,117963.58,118643.52,119316.46,-360.5487,-366.7193,6.1706,36.86,37.1,38.74,119140.53,118231.28,117322.03,119621.73,118673.65,117725.56,26.0991,26.9315,-29231,518.36,433.92,1.1946,36.7944
2025-07-18 16:00:00,117830.1,118053.5,117664.1,117664.1,1471,173444220,41770,761,89691816,117800.21,118568.47,119270.07,-343.3326,-358.9237,15.5911,33.02,35.16,37.36,119012.09,118131.71,117251.32,119647.96,118647.09,117646.21,30.1528,26.5135,-30703,502.24,431.8,1.1631,36.6998
2025-07-18 16:15:00,117664.1,117813.9,117518.2,117590.5,1301,153096600,41861,584,68709016,117757.64,118502.27,119221.3,-331.1648,-349.6708,18.506,31.33,34.3,36.75,118870.97,118031.67,117192.38,119669.73,118612.2,117554.66,29.1036,28.4518,-32004,476.42,425.32,1.1202,37.3915
2025-07-18 16:30:00,117590.4,118008.0,117460.0,117900.0,1677,197419730,39814,864,101752590,117776.41,118455.1,119181.76,-249.4896,-316.277,66.7875,45.11,40.85,41.0,118739.34,117969.16,117198.98,119659.77,118580.77,117501.79,37.0241,32.0935,-30327,485.37,431.16,1.1257,35.7144
2025-07-18 16:45:00,117900.0,117917.1,117483.7,117543.5,1293,152104000,30008,561,66018424,117703.88,118380.8,119135.56,-258.8423,-297.1321,38.2898,35.53,36.35,37.92,118528.02,117867.23,117206.43,119673.29,118543.91,117414.52,30.6261,32.2513,-31620,478.88,431.27,1.1104,34.2469
2025-07-18 17:00:00,117543.5,117651.1,117328.6,117567.7,2647,310868740,44344,1231,144652290,117683.52,118304.23,119090.48,-247.2514,-280.5052,33.2538,36.6,36.86,38.25,118046.29,117750.28,117454.28,119670.73,118502.39,117334.06,36.0455,34.5652,-28974,459.33,426.09,1.078,34.0857
2025-07-18 17:15:00,117567.7,117983.8,117542.5,117904.9,1184,139471460,29192,694,81753656,117704.09,118237.57,119046.5,-164.6256,-241.8787,77.2531,50.03,43.61,42.72,118040.04,117748.1,117456.16,119646.28,118469.72,117293.16,43.5627,36.7448,-27789,457.07,426.81,1.0709,30.212
2025-07-18 17:30:00,117904.9,117950.0,117553.3,117591.5,826,97358904,24829,378,44496660,117699.02,118160.86,118998.84,-169.2667,-217.6747,48.4079,40.68,39.4,39.9,118037.05,117734.91,117432.77,119641.09,118433.41,117225.72,49.5838,43.064,-28616,449.53,425.38,1.0568,26.8225
2025-07-18 17:45:00,117591.6,117699.7,117420.7,117580.0,996,117096510,25600,380,44725844,117667.77,118073.62,118957.13,-166.049,-200.4661,34.4171,40.36,39.25,39.8,117913.82,117689.59,117465.37,119624.75,118392.85,117160.94,50.9236,48.0234,-29612,428.21,418.41,1.0234,25.1246
2025-07-18 18:00:00,117580.0,117600.7,117331.6,117386.9,901,105790550,23077,404,47433310,117633.12,117976.41,118908.22,-193.0841,-198.0055,4.9213,34.93,36.72,38.09,117929.1,117660.95,117392.8,119601.27,118341.43,117081.59,27.2838,42.5971,-30512,408.32,411.3,0.9928,24.4459
2025-07-18 18:15:00,117386.9,117673.2,117318.1,117673.2,785,92295370,24692,414,48693444,117643.46,117919.94,118861.15,-144.805,-180.272,35.467,47.22,42.62,41.96,117920.2,117655.36,117390.52,119529.91,118289.2,117048.48,32.9756,37.061,-29727,401.67,408.62,0.983,22.8838
2025-07-18 18:30:00,117673.2,117716.3,117510.8,117545.3,531,62471484,19006,296,34843540,117599.12,117860.62,118809.47,-134.6833,-165.0757,30.3924,42.99,40.79,40.77,117918.5,117648.13,117377.77,119482.34,118241.35,117000.36,32.0176,30.759,-30258,377.15,398.95,0.9454,20.9276
2025-07-18 18:45:00,117545.2,117615.3,117204.5,117297.9,1108,130120530,26206,450,52799736,117568.42,117796.23,118750.42,-169.6098,-166.5871,-3.0227,35.76,37.44,38.54,117905.31,117603.79,117302.27,119445.88,118188.27,116930.66,33.1523,32.7152,-31367,381.36,399.52,0.9545,22.1714
2025-07-18 19:00:00,117297.9,117395.9,117109.4,117339.1,2940,344792700,44887,1416,166076670,117539.85,117728.25,118692.28,-173.6436,-168.9392,-4.7043,37.79,38.35,39.12,117903.01,117576.71,117250.41,119377.51,118129.44,116881.37,24.4801,29.8834,-28426,369.5,394.13,0.9375,23.9763
2025-07-18 19:15:00,117339.1,117866.0,117339.1,117779.4,1730,203662580,40915,922,108545416,117524.16,117671.51,118647.04,-83.8131,-140.5639,56.7507,55.39,47.17,44.97,117934.08,117592.45,117250.82,119285.28,118082.91,116880.52,42.6216,33.418,-26696,389.17,400.46,0.9718,21.8512
2025-07-18 19:30:00,117779.4,117779.5,117402.0,117475.9,732,86064750,19765,322,37824344,117509.71,117649.83,118590.44,-86.2999,-122.4759,36.176,45.12,42.64,42.04,117858.43,117557.11,117255.79,119167.46,118021.94,116876.42,54.7734,40.625,-27428,387.71,399.36,0.9708,19.9918
2025-07-18 19:45:00,117475.8,117486.9,117286.2,117361.6,824,96744300,23153,458,53717668,117482.41,117631.34,118534.84,-105.3828,-116.7782,11.3954,41.73,41.04,40.99,117858.69,117541.95,117225.22,119054.48,117960.58,116866.68,56.7759,51.3903,-28252,364.34,389.9,0.9344,17.8657
2025-07-18 20:00:00,117361.7,117399.2,117102.7,117160.1,1563,183143680,37254,703,82368820,117454.06,117585.45,118480.41,-149.65,-127.7355,-21.9146,36.13,38.32,39.17,117876.45,117507.98,117139.51,118895.49,117885.52,116875.54,29.7646,47.1046,-29814,355.86,385.45,0.9232,17.755
2025-07-18 20:15:00,117160.1,117251.7,116886.0,116980.2,2751,321948800,44660,893,104480070,117367.44,117549.72,118420.68,-202.0861,-152.519,-49.5671,31.7,36.02,37.61,117817.2,117430.92,117044.66,118714.88,117803.91,116892.94,16.8219,34.4541,-32565,357.09,384.51,0.9287,19.3495
2025-07-18 20:30:00,116980.2,117054.7,116788.9,116994.0,4955,579059600,57104,2492,291171970,117298.52,117514.18,118361.69,-219.7978,-174.9453,-44.8525,32.44,36.33,37.81,117812.12,117381.13,116950.14,118618.07,117741.74,116865.41,12.058,19.5482,-27610,345.68,378.86,0.9124,21.4138
2025-07-18 20:45:00,116994.0,117532.3,116984.2,117370.1,3093,363005570,42094,1381,162108540,117307.55,117501.71,118312.4,-147.8142,-165.9016,18.0874,49.77,44.39,43.03,117780.91,117363.64,116946.37,118504.77,117694.38,116883.99,27.5379,18.8059,-24517,370.98,386.92,0.9588,19.3859
2025-07-18 21:00:00,117370.0,117837.2,117330.0,117816.8,1183,139153810,25281,769,90372376,117367.27,117501.08,118278.77,-14.5561,-115.4531,100.897,62.94,52.13,48.43,117874.09,117399.47,116924.85,118413.06,117666.6,116920.15,57.0185,32.2048,-23334,388.01,392.65,0.9882,19.7523
2025-07-18 21:15:00,117816.8,117855.8,117654.5,117708.1,1281,150901180,28458,608,71612296,117358.35,117503.18,118239.77,41.5797,-63.1088,104.6885,58.58,50.3,47.29,117882.71,117402.38,116922.04,118281.41,117631.31,116981.22,79.39,54.6488,-24615,364.67,383.54,0.9508,20.1937
2025-07-18 21:30:00,117708.1,117832.5,117708.1,117786.8,544,64078996,16102,285,33541616,117397.21,117512.52,118211.23,86.6678,-13.1833,99.8511,60.87,51.63,48.22,117936.11,117422.5,116908.89,118067.6,117591.84,117116.08,92.5809,76.3298,-24071,334.64,371.2,0.9015,20.5799
2025-07-18 21:45:00,117786.8,117860.5,117542.3,117648.3,634,74594936,16151,201,23627414,117433.05,117500.54,118181.92,81.9244,18.5193,63.4051,54.67,49.14,46.69,117971.9,117451.7,116931.5,118044.98,117582.41,117119.84,86.6289,86.1999,-24705,332.58,368.67,0.9021,18.9686
2025-07-18 22:00:00,117648.3,117662.2,117379.6,117587.1,1017,119452150,22325,489,57415956,117486.42,117502.62,118153.86,63.6556,33.5647,30.0909,51.94,48.04,46.02,117992.7,117472.37,116952.03,118036.18,117576.99,117117.8,82.7391,87.3163,-25722,326.33,364.57,0.8951,17.3087
2025-07-18 22:15:00,117587.2,117957.7,117571.5,117862.6,1504,177230580,26326,1016,119731590,117596.73,117516.66,118142.98,102.6613,56.5969,46.0644,61.92,53.13,49.47,118014.33,117479.3,116944.27,118000.87,117568.28,117135.7,81.6386,83.6688,-24217,333.82,365.6,0.9131,17.1423
2025-07-18 22:30:00,117862.5,117907.2,117754.7,117755.1,581,68458900,13375,242,28491102,117691.86,117509.52,118126.94,99.5854,70.9264,28.659,56.57,51.03,48.21,118054.87,117502.57,116950.27,118002.75,117569.1,117135.45,77.4804,80.6194,-24798,311.15,355.46,0.8754,16.9967
2025-07-18 22:45:00,117755.1,117800.0,117568.9,117663.0,730,85872840,16303,247,29017442,117728.48,117512.93,118105.5,75.5427,72.4652,3.0776,52.07,49.23,47.13,118079.57,117527.68,116975.8,117997.59,117566.52,117135.46,68.9924,76.0371,-25528,301.15,349.53,0.8616,14.964
2025-07-18 23:00:00,117662.9,117688.2,117433.6,117645.2,761,89407020,19879,355,41707590,117707.02,117516.03,118087.23,54.8163,66.5822,-11.7659,51.16,48.87,46.91,118084.38,117568.11,117051.84,117998.27,117566.96,117135.66,54.2299,66.9009,-26289,295.33,345.01,0.856,14.514
2025-07-18 23:15:00,117645.2,117860.0,117617.3,117808.5,900,105944360,19770,474,55768520,117719.58,117536.11,118068.97,71.4671,68.2105,3.2566,58.9,52.3,49.13,118053.52,117637.13,117220.75,117996.19,117566.25,117136.31,56.3859,59.8694,-25389,288.75,340.14,0.8489,13.1514
2025-07-18 23:30:00,117808.5,117886.0,117769.3,117840.0,479,56431350,11732,247,29070014,117726.23,117544.06,118049.97,83.5787,73.3332,10.2454,60.32,52.96,49.56,117945.76,117707.63,117469.51,118010.06,117572.11,117134.16,66.5917,59.0692,-24910,267.24,329.5,0.8111,12.2331
2025-07-18 23:45:00,117840.0,118000.0,117804.5,117896.4,1258,148360620,17835,774,91283150,117757.23,117560.77,118035.7,97.2625,81.3097,15.9528,62.98,54.17,50.35,117922.76,117751.49,117580.23,118032.62,117582.3,117132.0,78.5135,67.1637,-23652,258.27,323.12,0.7993,12.6337
2025-07-19 00:00:00,117896.5,117920.0,117804.1,117907.9,663,78191130,16123,280,33037726,117797.34,117589.82,118019.55,102.6407,88.42,14.2207,63.57,54.43,50.51,117945.09,117759.09,117573.08,118033.49,117582.57,117131.65,81.6962,75.6005,-22989,240.48,313.25,0.7677,12.9783
2025-07-19 00:15:00,117907.9,117940.0,117851.2,117940.0,386,45558772,8902,217,25561758,117807.02,117618.43,118001.56,106.9406,94.5935,12.3471,65.34,55.19,50.99,117982.18,117778.41,117574.63,118060.97,117595.79,117130.6,84.9517,81.7205,-22602,221.52,302.56,0.7321,13.5219
2025-07-19 00:30:00,117940.0,118013.7,117820.6,117884.1,698,82340230,16300,312,36742690,117823.14,117623.42,117976.9,93.6577,94.2816,-0.6239,59.46,53.52,50.1,117997.02,117786.52,117576.02,118080.59,117606.34,117132.07,83.6017,83.4166,-23301,217.97,297.35,0.733,14.9061
2025-07-19 00:45:00,117884.3,117916.1,117682.6,117713.0,528,62251340,16712,199,23408688,117829.39,117634.71,117953.85,49.0171,79.1934,-30.1763,44.99,48.66,47.46,117993.2,117791.91,117590.62,118065.12,117599.94,117134.75,63.736,77.4298,-23829,219.91,294.31,0.7472,13.6511
2025-07-19 01:00:00,117713.1,117885.0,117588.0,117885.0,662,77971050,19993,320,37676416,117859.36,117659.63,117935.57,53.9359,70.7743,-16.8383,57.2,53.25,50.23,117988.59,117816.73,117644.88,118083.91,117609.72,117135.53,57.1896,68.1758,-23167,229.54,294.44,0.7796,12.7831
2025-07-19 01:15:00,117885.0,117988.0,117848.4,117961.1,574,67735760,16686,298,35153740,117878.44,117697.77,117914.79,68.6735,70.074,-1.4005,61.6,55.17,51.42,118010.34,117824.94,117639.54,118109.84,117622.42,117135.02,60.5179,60.4812,-22592,218.3,287.07,0.7605,11.9574
2025-07-19 01:30:00,117961.1,118060.0,117894.4,118000.1,470,55404464,12464,247,29197930,117898.45,117746.34,117893.42,81.2534,73.8005,7.453,63.83,56.16,52.04,118045.34,117845.36,117645.38,118138.48,117642.87,117147.25,81.5736,66.427,-22123,211.71,281.28,0.7527,12.2666
2025-07-19 01:45:00,118000.0,118094.6,117935.9,118010.0,680,80241700,13812,357,42100988,117912.65,117794.73,117869.88,86.4585,78.0198,8.4386,64.44,56.42,52.2,118063.01,117874.27,117685.54,118163.68,117654.09,117144.5,86.0845,76.0587,-21443,205.09,275.44,0.7446,13.0302
2025-07-19 02:00:00,118010.0,118065.0,117886.4,118009.0,521,61475896,15078,211,24954898,117925.29,117825.15,117848.18,85.1252,80.3883,4.7369,64.31,56.38,52.18,118057.48,117904.59,117751.7,118190.34,117669.55,117148.75,84.5709,84.0763,-21964,201.78,270.83,0.745,12.6615
2025-07-19 02:15:00,118008.9,118065.0,117933.3,117957.7,540,63736904,15591,282,33247726,117927.5,117831.86,117821.73,70.5383,77.105,-6.5666,57.49,54.42,51.2,118062.43,117917.02,117771.62,118205.07,117691.54,117178.01,79.7934,83.483,-22504,193.02,264.21,0.7305,12.3388
2025-07-19 02:30:00,117957.6,118205.5,117957.6,118119.1,982,115995150,19409,633,74773440,117956.88,117851.43,117797.93,89.5869,81.2656,8.3213,69.4,59.23,54.06,118110.03,117940.28,117770.54,118235.09,117717.54,117199.99,80.6959,81.6868,-21522,199.88,263.43,0.7587,14.3744
2025-07-19 02:45:00,118119.2,118275.0,118104.7,118176.7,761,89994560,16592,421,49707948,118014.84,117869.99,117785.52,107.1772,89.9028,17.2744,72.6,60.81,55.05,118167.64,117963.64,117759.64,118268.97,117730.78,117192.6,78.6474,79.7122,-20760,196.18,259.0,0.7575,17.087
2025-07-19 03:00:00,118176.7,118190.0,118088.0,118184.1,422,49883724,12059,152,17957418,118052.23,117895.51,117774.49,113.5346,97.78,15.7545,73.02,61.02,55.18,118215.09,117986.66,117758.22,118304.85,117754.39,117203.92,79.8579,79.7338,-20338,184.41,251.52,0.7332,18.9865
2025-07-19 03:15:00,118184.1,118286.4,118160.3,118224.3,559,66079732,11631,322,38014384,118085.12,117925.85,117766.75,119.4181,104.9927,14.4254,75.42,62.21,55.91,118265.35,118010.35,117755.35,118337.69,117783.15,117228.6,79.3469,79.2841,-19779,177.12,245.55,0.7213,21.9633
2025-07-19 03:30:00,118224.4,118340.7,118187.8,118265.1,843,99682936,15987,438,51776224,118118.25,117945.02,117757.63,124.865,111.6168,13.2482,77.77,63.42,56.66,118315.92,118042.1,117768.28,118355.04,117819.98,117284.92,81.4808,80.2285,-18936,174.09,241.14,0.722,25.2179
2025-07-19 03:45:00,118265.0,118312.3,118160.4,118295.2,553,65400892,11499,207,24535714,118153.9,117970.73,117745.34,127.7649,116.9995,10.7654,79.45,64.33,57.23,118326.0,118090.62,117855.23,118341.6,117863.81,117386.02,85.5552,82.1276,-18383,171.32,236.89,0.7232,27.1443
2025-07-19 04:00:00,118295.3,118337.5,118206.4,118319.2,573,67802030,13392,265,31365546,118192.67,118001.98,117752.4,127.9094,120.6361,7.2732,80.81,65.08,57.69,118358.87,118126.8,117894.73,118311.28,117907.98,117504.69,88.8595,85.2985,-17810,166.29,231.85,0.7172,29.199
2025-07-19 04:15:00,118319.1,118333.4,118171.4,118171.4,530,62682544,10439,131,15459121,118219.39,118027.04,117760.06,93.7486,111.6736,-17.925,54.84,57.15,53.93,118358.77,118144.33,117929.88,118304.27,117934.7,117565.12,72.0744,82.163,-18340,165.75,228.52,0.7253,29.6833
2025-07-19 04:30:00,118171.5,118300.0,118130.4,118137.5,388,45922616,11501,195,23059284,118221.69,118042.71,117760.31,63.3068,95.5513,-32.2445,50.5,55.47,53.09,118355.66,118155.77,117955.88,118318.42,117945.38,117572.35,48.9933,69.9757,-18729,166.23,225.72,0.7365,28.6227
2025-07-19 04:45:00,118137.5,118170.0,118063.4,118104.3,417,49206420,10580,123,14469033,118212.64,118055.3,117767.11,36.5731,75.8919,-39.3188,46.31,53.81,52.26,118350.0,118163.63,117977.27,118326.34,117958.59,117590.85,22.4471,47.8383,-19145,158.78,220.04,0.7216,25.5304
2025-07-19 05:00:00,118104.3,118155.0,118013.2,118051.1,324,38302828,9252,109,12875677,118196.02,118062.66,117772.76,9.4218,53.7352,-44.3134,40.09,51.17,50.92,118345.06,118167.14,117989.22,118331.71,117967.41,117603.09,15.3034,28.9146,-19470,156.66,216.32,0.7242,23.2689
2025-07-19 05:15:00,118051.1,118115.0,118020.0,118107.1,268,31636166,8194,139,16371135,118181.36,118072.15,117781.4,4.1247,37.1984,-33.0737,48.57,53.75,52.28,118322.02,118179.59,118037.17,118333.52,117982.7,117631.88,18.4255,18.7254,-19202,148.95,210.54,0.7075,21.29
2025-07-19 05:30:00,118107.2,118256.9,118086.2,118253.3,417,49264676,9090,266,31399758,118179.89,118087.07,117789.09,28.7491,34.3819,-5.6329,64.06,59.72,55.63,118333.45,118190.77,118048.09,118340.29,118004.91,117669.52,38.1879,23.9723,-18785,151.67,208.64,0.7269,21.5525
2025-07-19 05:45:00,118253.4,118264.0,118158.8,118174.0,409,48331144,8307,178,21015428,118164.73,118100.88,117798.37,26.3463,31.7034,-5.3571,53.81,55.53,53.49,118333.31,118190.55,118047.79,118351.49,118015.28,117679.08,51.0699,35.8944,-19194,145.86,203.72,0.716,21.9368
2025-07-19 06:00:00,118173.9,118244.1,118152.0,118179.1,363,42907000,8618,133,15718332,118147.23,118123.07,117809.06,24.6902,29.3657,-4.6755,54.35,55.75,53.61,118332.98,118190.13,118047.29,118358.02,118029.41,117700.82,60.7001,49.9859,-18831,139.14,198.4,0.7013,22.0025
2025-07-19 06:15:00,118179.1,118179.2,118034.8,118034.8,413,48777804,10540,135,16001283,118130.15,118130.2,117811.52,-4.9176,17.9379,-22.8555,39.05,48.59,49.78,118334.95,118174.34,118013.73,118346.73,118041.81,117736.88,38.8921,50.2207,-19244,139.8,195.83,0.7139,20.3455
2025-07-19 06:30:00,118034.8,118131.2,118034.8,118071.2,303,35796250,9184,122,14348485,118121.86,118135.44,117821.11,-14.6689,7.069,-21.7378,43.71,50.32,50.71,118318.18,118158.18,117998.19,118330.66,118056.01,117781.36,29.8612,43.1511,-18941,134.37,191.1,0.7032,18.8956
2025-07-19 06:45:00,118071.1,118147.8,118071.1,118136.9,162,19107930,6346,86,10162558,118125.94,118141.96,117831.46,-7.0282,2.3699,-9.3981,51.53,53.38,52.39,118286.72,118144.99,118003.26,118329.89,118066.95,117804.02,26.5494,31.7676,-18779,127.16,185.65,0.685,17.015
2025-07-19 07:00:00,118136.9,118229.7,118136.8,118225.1,289,34158220,7409,183,21662222,118147.69,118152.2,117837.28,14.4726,6.4041,8.0684,60.18,57.18,54.57,118253.02,118137.15,118021.27,118336.19,118079.8,117823.4,51.3546,35.9217,-18490,122.88,181.23,0.678,17.0351
2025-07-19 07:15:00,118225.1,118300.0,118218.1,118244.9,276,32655348,7506,116,13742666,118164.91,118163.43,117849.16,29.841,14.2164,15.6246,61.96,58.01,55.05,118270.25,118143.27,118016.3,118345.6,118091.41,117837.22,70.0537,49.3192,-18214,117.76,176.5,0.6672,18.7682
2025-07-19 07:30:00,118245.0,118252.2,118137.5,118138.1,278,32842014,8180,97,11514373,118150.52,118172.02,117859.31,16.8591,15.0973,1.7618,48.36,52.15,51.91,118270.3,118143.33,118016.35,118346.11,118099.09,117852.06,67.0676,62.8253,-18492,117.38,173.56,0.6763,17.3658
2025-07-19 07:45:00,118138.2,118178.4,118117.5,118135.0,289,34145884,6868,85,10024162,118145.64,118172.78,117872.91,8.0476,12.7474,-4.6998,48.01,51.98,51.82,118271.21,118145.88,118020.56,118347.02,118105.59,117864.15,51.9859,63.0357,-18781,110.32,168.2,0.6559,15.4913
2025-07-19 08:00:00,118134.9,118239.4,118036.1,118036.2,442,52189590,11096,161,19009276,118127.77,118166.09,117879.51,-16.1899,3.1016,-19.2915,37.67,46.91,48.98,118273.2,118144.64,118016.09,118341.8,118110.66,117879.51,25.7541,48.2692,-19222,121.94,169.87,0.7179,15.6003
2025-07-19 08:15:00,118036.2,118098.5,118024.0,118063.9,682,80505000,11085,221,26099882,118131.41,118160.37,117888.94,-23.9927,-5.9298,-18.0629,41.77,48.43,49.79,118274.7,118141.04,118007.39,118312.46,118122.35,117932.23,17.5891,31.7764,-18540,116.01,165.33,0.7017,16.0109
2025-07-19 08:30:00,118064.0,118064.0,117904.0,118063.2,613,72300130,14115,242,28579632,118130.41,118152.7,117902.85,-27.4423,-13.1006,-14.3416,41.69,48.39,49.77,118248.83,118125.2,118001.57,118302.42,118128.29,117954.16,18.3955,20.5796,-19153,121.51,165.07,0.7361,18.9525
2025-07-19 08:45:00,118063.1,118140.0,117965.9,118057.2,523,61771332,12886,238,28136272,118120.45,118142.8,117915.91,-29.2495,-18.4836,-10.7659,40.9,48.05,49.58,118240.3,118115.47,117990.64,118298.27,118131.49,117964.71,31.1151,22.3666,-19676,128.08,165.5,0.7739,18.8114
2025-07-19 09:00:00,118057.2,118145.3,118033.9,118100.1,337,39805404,8334,167,19751014,118104.83,118133.51,117921.74,-20.718,-19.2284,-1.4896,48.98,50.75,50.97,118228.93,118108.88,117988.84,118296.14,118134.83,117973.52,45.069,31.5266,-19339,126.0,162.93,0.7733,18.5075
2025-07-19 09:15:00,118100.0,118212.3,118095.8,118172.7,252,29796304,7356,138,16305639,118095.8,118126.53,117934.41,-1.0277,-13.1615,12.1338,59.83,55.02,53.26,118237.0,118120.38,118003.75,118296.45,118140.25,117984.05,58.3728,44.8523,-19087,124.81,160.71,0.7766,16.3346
2025-07-19 09:30:00,118172.6,118277.5,118155.5,118277.5,426,50362516,8243,244,28833430,118113.23,118131.58,117951.06,30.2348,1.3039,28.9308,70.42,60.36,56.35,118274.16,118137.57,118000.98,118305.12,118149.2,117993.27,78.8105,60.7508,-18661,124.46,158.87,0.7834,16.2045
2025-07-19 09:45:00,118277.4,118300.0,118158.3,118205.1,387,45811320,8744,131,15474724,118121.98,118134.8,117970.06,32.8688,11.8256,21.0432,58.08,55.46,53.77,118283.91,118143.25,118002.59,118300.52,118157.44,118014.38,85.3829,74.1887,-19049,126.61,158.05,0.8011,16.657
2025-07-19 10:00:00,118205.1,118247.0,118142.2,118196.0,291,34424070,7305,125,14725909,118141.96,118139.16,117992.17,31.0754,18.2422,12.8333,56.62,54.86,53.45,118277.6,118140.83,118004.06,118303.02,118160.01,118017.01,83.2576,82.4836,-19340,123.89,155.52,0.7966,16.4252
2025-07-19 10:15:00,118196.0,118299.9,118195.9,118299.9,290,34295790,5961,158,18660408,118171.46,118151.02,118015.91,48.3614,28.2819,20.0794,67.48,60.18,56.58,118295.56,118145.41,117995.25,118314.05,118164.12,118014.19,83.2476,83.9627,-19050,121.4,153.06,0.7931,17.6706
2025-07-19 10:30:00,118299.8,118449.9,118280.0,118406.5,633,74919100,19205,426,50423908,118214.38,118165.27,118034.76,76.2409,44.2682,31.9726,74.97,64.76,59.51,118366.06,118167.77,117969.49,118340.66,118171.53,118002.41,87.7582,84.7545,-18417,127.46,153.87,0.8284,21.5748
2025-07-19 10:45:00,118406.4,118428.9,118311.8,118410.5,434,51361770,9799,237,28069626,118258.54,118172.76,118045.56,89.3034,59.28,30.0234,75.22,64.93,59.61,118421.44,118190.73,117960.02,118363.06,118177.73,117992.41,92.8035,87.9365,-17983,126.17,152.12,0.8294,24.9911
2025-07-19 11:00:00,118410.6,118456.0,118262.5,118270.2,538,63660760,11946,220,26018798,118279.8,118177.34,118055.77,65.7914,61.4504,4.3409,53.4,55.26,54.31,118427.61,118210.23,117992.86,118363.5,118177.91,117992.31,73.0769,84.5462,-18521,134.58,154.09,0.8734,25.8199
2025-07-19 11:15:00,118270.1,118436.6,118120.2,118436.5,801,94726590,16695,357,42191064,118312.77,118189.59,118067.59,80.8992,67.9333,12.9658,66.74,62.4,58.87,118469.69,118241.28,118012.88,118382.89,118182.62,117982.34,74.6188,80.1664,-17720,157.31,161.82,0.9722,23.195
2025-07-19 11:30:00,118436.6,118436.6,118333.7,118396.7,478,56639412,10639,159,18868858,118327.67,118206.83,118081.19,78.0989,71.3219,6.777,61.8,59.94,57.43,118487.31,118269.08,118050.84,118392.62,118185.2,117977.78,72.4413,73.379,-18198,150.51,159.01,0.9465,20.8981
2025-07-19 11:45:00,118396.8,118402.8,118262.0,118300.0,360,42644700,9457,147,17435108,118339.54,118217.73,118094.16,54.3607,65.6681,-11.3074,51.08,54.32,54.06,118474.88,118289.3,118103.73,118400.12,118189.48,117978.86,76.6925,74.5842,-18559,149.3,158.14,0.9441,20.7222
2025-07-19 12:00:00,118300.0,118301.4,118113.9,118166.4,558,65964916,13478,216,25477712,118335.84,118219.12,118099.68,12.7598,48.032,-35.2722,39.92,47.67,49.82,118464.4,118294.84,118125.27,118400.52,118190.45,117980.38,50.4103,66.5147,-19117,154.07,159.54,0.9657,23.2529
2025-07-19 12:15:00,118166.3,118288.0,118069.4,118175.5,519,61342510,14231,264,31149894,118320.29,118216.77,118107.32,-9.8864,28.7259,-38.6123,40.95,48.13,50.1,118464.09,118295.07,118126.05,118400.98,118192.82,117984.66,32.1115,53.0714,-18598,162.14,162.35,0.9987,26.0866
2025-07-19 12:30:00,118175.4,118232.7,118100.0,118112.6,463,54659450,12567,283,33437542,118283.55,118210.47,118115.49,-34.3373,7.7048,-42.0421,35.99,45.14,48.15,118473.32,118281.33,118089.33,118399.43,118194.88,117990.31,17.9884,33.5034,-19060,158.46,160.94,0.9846,28.5661
2025-07-19 12:45:00,118112.5,118223.5,118070.5,118218.1,280,33074026,9976,153,18050620,118259.5,118214.27,118125.91,-26.5789,-3.7231,-22.8558,48.24,50.68,51.47,118473.12,118282.41,118091.7,118401.12,118198.57,117996.02,26.3715,25.4904,-18780,157.78,160.56,0.9826,31.1935
2025-07-19 13:00:00,118218.1,118258.7,118117.3,118220.0,329,38830964,11071,192,22636974,118253.23,118218.32,118133.39,-20.5179,-9.3213,-11.1966,48.45,50.77,51.53,118472.54,118284.41,118096.28,118399.33,118197.46,117995.6,30.8944,25.0847,-18452,155.73,159.65,0.9754,31.9113
2025-07-19 13:15:00,118220.0,118256.1,118174.2,118253.9,239,28299720,7815,162,19117238,118230.4,118228.69,118140.92,-9.6203,-9.421,-0.1993,52.42,52.55,52.61,118469.07,118280.58,118092.08,118402.63,118200.12,117997.62,45.6159,34.2939,-18212,146.5,155.95,0.9394,32.5393
2025-07-19 13:30:00,118253.9,118299.0,118197.4,118242.7,256,30314260,7655,138,16305061,118211.15,118237.2,118147.21,-5.0684,-7.9701,2.9018,50.91,51.89,52.21,118443.09,118266.92,118090.77,118405.09,118202.25,117999.41,57.0168,44.509,-18469,140.89,153.36,0.9187,31.0581
2025-07-19 13:45:00,118242.7,118242.7,118050.0,118167.0,471,55598224,12297,224,26421796,118194.52,118242.15,118151.92,-16.6449,-10.8617,-5.7832,41.48,47.49,49.52,118410.43,118246.63,118082.84,118402.06,118206.66,118011.24,59.0084,53.8803,-18939,147.36,155.23,0.9493,32.9127
2025-07-19 14:00:00,118167.0,118203.0,118000.0,118019.2,548,64769692,13961,253,29860110,118176.12,118240.34,118153.37,-50.6199,-24.1144,-26.5054,29.18,40.32,44.8,118423.77,118225.72,118027.66,118404.9,118204.92,118004.94,42.7025,52.9092,-19488,154.32,157.51,0.9798,35.2775
2025-07-19 14:15:00,118019.3,118149.3,117799.9,117860.2,1641,193594380,26997,761,89817230,118136.71,118228.91,118152.93,-97.9094,-48.7128,-49.1966,21.26,34.31,40.44,118413.98,118177.7,117941.41,118423.84,118195.7,117967.56,21.8304,41.1804,-21129,178.7,166.65,1.0724,39.3582
2025-07-19 14:30:00,117860.1,117976.4,117632.0,117789.6,2160,254472780,43901,936,110291580,118096.34,118210.67,118154.32,-133.7172,-77.0476,-56.6696,18.64,32.03,38.69,118401.43,118127.1,117852.77,118444.02,118181.18,117918.34,14.0438,26.1922,-23289,199.42,175.11,1.1388,43.9018
2025-07-19 14:45:00,117789.9,117878.8,117615.3,117657.4,1054,124162410,24160,536,63141780,118026.25,118181.14,118150.19,-172.9923,-109.0292,-63.9632,14.69,28.24,35.65,118416.27,118073.55,117730.83,118473.09,118161.59,117850.1,13.9559,16.61,-24343,207.43,179.32,1.1567,47.9589
2025-07-19 15:00:00,117657.4,117944.6,117637.5,117890.0,851,100290160,21331,469,55259492,117985.0,118166.14,118148.89,-142.8927,-120.317,-22.5757,40.56,41.38,43.8,118400.53,118050.52,117700.51,118476.93,118153.33,117829.73,23.3214,17.107,-23492,219.89,185.4,1.186,49.1317
2025-07-19 15:15:00,117889.9,118176.1,117889.9,118169.2,1106,130664610,22658,590,69675460,117974.41,118164.86,118151.97,-65.7076,-102.1139,36.4063,58.28,52.59,51.55,118399.41,118049.99,117700.57,118478.05,118154.47,117830.89,44.8737,27.3837,-22386,228.17,190.2,1.1996,44.2095
2025-07-19 15:30:00,118169.2,118221.7,118071.3,118191.7,652,76988616,13493,272,32103358,117968.04,118159.71,118155.27,-14.1872,-72.805,58.6178,59.42,53.37,52.1,118411.99,118056.59,117701.17,118480.98,118159.65,117838.31,74.5054,47.5668,-21734,218.45,188.31,1.1601,39.028
2025-07-19 15:45:00,118191.7,118191.7,118000.0,118025.6,449,53003020,11051,123,14524463,117950.36,118141.57,118155.57,-15.7094,-53.7731,38.0637,48.12,47.23,47.83,118385.07,118040.54,117696.02,118481.17,118158.38,117835.57,83.6665,67.6819,-22183,215.11,188.47,1.1413,35.7373
2025-07-19 16:00:00,118025.6,118025.7,117825.1,117869.5,750,88410500,16867,268,31590306,117931.65,118115.81,118153.97,-45.5646,-51.0369,5.4724,39.82,42.31,44.25,118350.66,118011.34,117672.02,118486.73,118151.91,117817.1,68.2113,75.461,-22933,213.3,189.05,1.1283,35.2892
2025-07-19 16:15:00,117869.5,118149.8,117826.9,118096.1,792,93412470,17036,565,66719520,117961.14,118107.52,118153.56,-17.293,-39.789,22.496,53.43,50.39,49.96,118315.41,117998.18,117680.96,118487.07,118153.21,117819.35,62.9562,71.6113,-22141,227.0,195.42,1.1616,32.3693
2025-07-19 16:30:00,118096.2,118143.7,117988.0,118058.2,450,53165588,12930,260,30699148,117994.71,118089.51,118151.4,-7.5334,-29.0371,21.5037,51.17,49.15,49.08,118273.83,117982.8,117691.78,118486.67,118151.82,117816.96,64.4067,65.1914,-22591,218.08,193.53,1.1269,29.8143
2025-07-19 16:45:00,118058.2,118125.6,117925.8,117958.1,319,37609092,10333,95,11225366,118032.3,118068.62,118147.29,-20.6644,-26.2462,5.5818,45.27,45.94,46.79,118238.74,117965.4,117692.06,118485.2,118144.66,117804.12,61.6119,62.9916,-22910,215.8,193.83,1.1133,28.5811
2025-07-19 17:00:00,117958.1,117971.3,117856.6,117867.0,410,48305170,12176,179,21051398,118029.42,118048.0,118140.79,-44.5362,-32.3429,-12.1933,40.34,43.17,44.79,118228.45,117952.72,117676.98,118479.95,118130.98,117782.01,38.7043,54.9076,-23320,203.16,190.06,1.0689,28.5404
2025-07-19 17:15:00,117867.1,117906.9,117781.1,117807.0,466,54909944,8868,171,20170228,117984.15,118030.88,118132.46,-67.485,-44.0569,-23.4281,37.22,41.4,43.5,118230.04,117948.28,117666.52,118480.96,118117.71,117754.46,16.8026,39.0396,-23786,193.49,187.0,1.0347,29.5322
2025-07-19 17:30:00,117807.0,117852.5,117711.6,117785.5,634,74687820,10728,341,40200388,117933.38,118012.31,118123.2,-81.4803,-56.5314,-24.9489,36.06,40.76,43.04,118230.33,117947.94,117665.56,118481.66,118104.02,117726.4,11.2457,22.2508,-24420,186.92,184.81,1.0114,31.254
2025-07-19 17:45:00,117785.5,117836.1,117703.2,117786.5,374,44063700,10479,150,17698860,117903.48,117996.79,118113.51,-85.4071,-66.1566,-19.2505,36.17,40.8,43.07,118210.91,117958.7,117706.48,118472.14,118086.91,117701.69,13.9414,13.9966,-24046,180.16,182.33,0.9881,32.8644
2025-07-19 18:00:00,117786.4,117928.6,117728.6,117913.6,341,40218956,11097,193,22786374,117909.0,117982.29,118108.82,-59.3745,-63.8959,4.5214,48.99,46.51,46.77,118211.41,117960.66,117709.91,118444.3,118070.48,117696.66,27.7601,17.6491,-23705,182.64,183.17,0.9971,31.4705
2025-07-19 18:15:00,117913.7,117975.3,117824.4,117901.1,406,47933650,10404,186,21941536,117884.62,117967.1,118104.52,-44.0523,-57.2814,13.2291,47.89,46.04,46.46,118162.99,117938.33,117713.66,118413.25,118053.5,117693.76,37.7558,26.4858,-24111,178.68,181.64,0.9837,28.9976
2025-07-19 18:30:00,117901.1,118018.1,117901.1,117926.2,396,46736296,7843,147,17342416,117868.12,117951.49,118101.29,-28.4181,-47.6603,19.2422,50.5,47.19,47.2,118093.94,117916.2,117738.45,118396.54,118042.04,117687.54,55.1438,40.2199,-23715,170.97,178.56,0.9575,25.725
2025-07-19 18:45:00,117926.3,117976.3,117818.0,117841.2,284,33523452,7517,107,12613024,117853.52,117932.38,118097.47,-34.3215,-43.214,8.8925,42.15,43.78,44.98,118071.47,117900.84,117730.2,118356.77,118022.2,117687.61,53.8303,48.9099,-23999,169.38,177.6,0.9538,24.6816
2025-07-19 19:00:00,117841.1,117900.3,117562.1,117710.8,1060,124792750,19400,328,38563796,117833.98,117910.66,118090.27,-60.8986,-49.1089,-11.7897,32.52,39.1,41.82,118082.63,117887.61,117692.58,118324.26,117999.33,117674.41,49.0831,52.6857,-25060,190.49,185.24,1.0283,27.3343
2025-07-19 19:15:00,117710.8,117837.1,117702.5,117835.6,360,42411856,10033,228,26898008,117837.56,117901.91,118082.67,-49.4141,-49.2106,-0.2035,46.23,45.14,45.66,118025.59,117865.9,117706.2,118296.79,117983.85,117670.91,45.4704,49.4612,-24700,183.5,182.83,1.0037,29.6555
2025-07-19 19:30:00,117835.7,118124.9,117835.6,118095.9,559,65932324,12684,373,43974228,117876.36,117913.13,118081.25,9.0824,-29.7796,38.862,64.02,55.13,52.53,118041.58,117869.04,117696.51,118290.8,117981.5,117672.2,62.4783,52.3439,-24141,196.72,187.9,1.047,26.3477
2025-07-19 19:45:00,118095.9,118096.0,117946.8,117978.3,699,82459520,11581,208,24530452,117900.34,117922.12,118077.6,19.6765,-13.2942,32.9707,54.51,50.64,49.56,118046.34,117870.73,117695.11,118277.36,117974.93,117672.49,76.259,61.4026,-24840,190.78,186.06,1.0254,23.4533
2025-07-19 20:00:00,117978.4,118125.7,117929.2,117984.8,423,49935044,12712,231,27279618,117909.23,117937.71,118076.69,26.0314,-0.1857,26.2171,54.95,50.88,49.72,118065.04,117880.54,117696.05,118269.62,117970.66,117671.72,81.2663,73.3345,-24417,191.5,186.56,1.0265,21.4458
2025-07-19 20:15:00,117984.9,117984.9,117873.9,117977.2,201,23758466,7609,102,12076908,117918.75,117941.86,118074.98,26.9756,8.8681,18.1075,54.24,50.57,49.52,118080.33,117894.73,117709.12,118249.96,117962.63,117675.31,74.2011,77.2421,-24618,181.44,182.96,0.9917,18.9756
2025-07-19 20:30:00,117977.2,117980.5,117918.8,117953.4,222,26216176,7469,110,12928181,117922.15,117931.59,118071.64,21.6972,13.1444,8.5528,51.83,49.57,48.88,118086.27,117908.72,117731.16,118227.89,117953.75,117679.61,72.6934,76.0536,-24840,166.47,177.18,0.9395,16.8142
2025-07-19 20:45:00,117953.4,118054.4,117666.8,117682.3,526,62027044,16231,178,20992044,117902.29,117907.33,118061.77,-33.9903,-2.5671,-31.4232,32.54,39.82,42.31,118102.73,117900.03,117697.33,118203.41,117934.7,117665.98,48.8193,65.2379,-25367,194.11,187.2,1.0369,19.0362
2025-07-19 21:00:00,117682.3,117809.0,117500.0,117572.8,1290,151790220,22905,431,50694176,117885.04,117885.77,118049.56,-85.0503,-30.0615,-54.9888,27.69,36.69,40.03,118131.12,117871.63,117612.14,118185.3,117912.37,117639.44,28.1471,49.8866,-26657,208.47,193.0,1.0801,22.6323
2025-07-19 21:15:00,117572.8,117670.1,117245.9,117662.3,2636,309578080,54642,1274,149640980,117863.38,117875.9,118040.91,-93.1298,-51.0843,-42.0455,36.69,40.79,42.68,118130.39,117851.73,117573.07,118166.33,117895.55,117624.76,20.7805,32.5823,-24021,235.44,204.01,1.154,27.4767
2025-07-19 21:30:00,117662.4,117681.9,117384.6,117445.6,1124,132075370,22246,487,57183944,117782.09,117844.92,118028.37,-134.5881,-78.9189,-55.6692,27.15,34.89,38.36,118151.52,117811.68,117471.84,118180.32,117876.42,117572.52,27.2207,25.3828,-25145,243.17,208.45,1.1665,31.4407
2025-07-19 21:45:00,117445.6,117716.0,117445.5,117666.1,542,63749800,12901,371,43678150,117743.06,117826.25,118021.64,-109.8696,-89.2358,-20.6338,44.34,43.8,44.37,118143.92,117797.09,117450.27,118181.35,117869.95,117558.56,40.6667,29.556,-24603,246.59,211.41,1.1664,34.0525
2025-07-19 22:00:00,117666.0,117750.0,117491.3,117733.9,584,68646740,14670,287,33782100,117711.7,117815.58,118015.64,-77.5986,-85.3567,7.7581,48.68,46.23,46.07,118144.48,117799.02,117453.56,118181.56,117868.09,117554.64,45.0099,37.6325,-24019,248.1,213.66,1.1612,35.4474
2025-07-19 22:15:00,117734.0,117779.9,117661.2,117675.2,604,71110790,10773,274,32205774,117673.95,117806.44,118008.59,-66.6438,-79.1191,12.4753,45.13,44.44,44.83,118135.71,117785.65,117435.59,118180.91,117868.69,117556.47,55.1433,46.94,-24623,231.93,209.14,1.109,35.8531
2025-07-19 22:30:00,117675.2,117816.6,117662.0,117802.0,269,31707248,7771,169,19914750,117655.02,117806.2,118003.94,-33.058,-63.7654,30.7074,53.66,49.04,48.01,118068.87,117761.16,117453.45,118178.62,117865.76,117552.89,70.2996,56.8176,-24354,222.26,206.54,1.0761,35.181
2025-07-19 22:45:00,117802.0,117825.4,117737.7,117758.1,219,25771358,6084,111,13028801,117664.5,117804.9,117997.73,-20.6538,-49.3948,28.741,50.49,47.57,47.02,118027.17,117742.8,117458.44,118149.68,117852.06,117554.42,79.6422,68.3617,-24573,205.44,200.88,1.0227,34.3324
2025-07-19 23:00:00,117758.1,117915.8,117706.9,117881.0,350,41207012,9462,204,23999746,117703.02,117809.4,117992.42,10.8273,-29.3208,40.1481,58.5,51.92,50.04,117998.67,117734.16,117469.65,118117.13,117841.7,117566.26,93.0924,81.0114,-24223,205.87,201.26,1.0229,31.0553
2025-07-19 23:15:00,117881.1,117881.1,117704.2,117758.8,218,25669024,14169,84,9937674,117715.09,117802.03,117982.99,5.0248,-17.8723,22.897,49.26,47.69,47.23,117946.41,117715.96,117485.51,118102.43,117832.8,117563.17,82.8175,85.184,-24441,202.25,200.1,1.0107,28.2495
2025-07-19 23:30:00,117758.8,117906.1,117758.8,117767.3,211,24864152,8387,107,12594131,117755.3,117795.66,117975.03,3.0888,-10.8853,13.974,49.9,48.0,47.45,117894.92,117700.45,117505.98,118099.55,117829.4,117559.25,75.0278,83.6459,-24230,195.38,197.59,0.9888,25.0654
2025-07-19 23:45:00,117767.2,117858.7,117756.5,117814.4,202,23754512,7153,108,12747945,117773.84,117790.34,117968.09,10.8069,-3.6546,14.4614,53.69,49.82,48.67,117913.56,117711.46,117509.36,118075.03,117820.01,117564.98,63.9358,73.927,-24028,183.73,193.05,0.9518,22.3475
2025-07-20 00:00:00,117814.3,117846.7,117666.0,117673.3,306,35983020,10194,103,12161370,117766.27,117782.34,117956.7,-12.1736,-6.4942,-5.6794,42.46,44.77,45.36,117909.09,117719.84,117530.58,118053.56,117807.18,117560.8,43.2143,60.726,-24334,183.36,192.46,0.9527,22.4052
2025-07-20 00:15:00,117673.4,117774.9,117620.6,117620.6,254,29914042,9113,134,15742218,117759.44,117778.04,117942.41,-34.7637,-15.9174,-18.8463,38.91,43.02,44.18,117910.12,117716.36,117522.59,118044.1,117795.93,117547.75,21.5417,42.8973,-24588,179.72,190.64,0.9427,23.4552
2025-07-20 00:30:00,117620.6,117772.1,117618.0,117646.6,370,43550068,8080,251,29593832,117740.02,117769.04,117928.52,-41.0646,-24.2998,-16.7648,41.72,44.18,44.92,117867.85,117733.11,117598.37,118040.13,117788.58,117537.03,4.6854,23.1471,-24218,176.52,188.9,0.9345,24.4321
2025-07-20 00:45:00,117646.5,117974.5,117646.5,117912.5,411,48437756,11379,268,31548572,117759.31,117760.31,117922.02,7.938,-13.5538,21.4919,62.33,54.41,51.79,117909.41,117753.64,117597.87,118046.77,117792.09,117537.42,30.7375,18.9882,-23807,195.46,195.53,0.9996,23.6169
2025-07-20 01:00:00,117912.5,118054.5,117855.5,117960.2,728,85839384,18270,440,51867936,117769.21,117759.44,117913.36,44.6472,5.8465,38.8007,64.93,55.97,52.9,117958.32,117772.5,117586.68,118058.3,117797.92,117537.54,56.8696,30.7641,-23079,195.9,195.69,1.0011,24.3889
2025-07-20 01:15:00,117960.2,118119.6,117951.1,117956.2,635,74907340,14138,375,44301430,117793.89,117758.09,117905.35,62.736,24.8097,37.9263,64.49,55.8,52.79,117994.18,117795.91,117597.66,118068.88,117803.58,117538.27,76.1431,54.5834,-23714,192.47,194.4,0.9901,26.1055
2025-07-20 01:30:00,117956.2,118035.6,117916.5,117974.5,324,38204588,9823,184,21759414,117819.79,117757.96,117899.43,73.5707,41.0633,32.5073,65.72,56.46,53.25,118027.63,117810.29,117592.94,118074.34,117805.61,117536.87,72.2977,68.4368,-23390,183.3,190.81,0.9606,26.447
2025-07-20 01:45:00,117974.4,118015.5,117875.1,117908.8,262,30895114,7827,138,16297981,117831.59,117755.84,117894.75,63.7443,48.6236,15.1206,57.42,53.38,51.39,118043.33,117822.85,117602.37,118074.91,117805.87,117536.82,65.4904,71.3104,-23652,177.94,188.41,0.9444,25.39
2025-07-20 02:00:00,117908.9,117925.9,117785.8,117870.6,378,44590004,10461,185,21828418,117856.25,117764.8,117889.2,47.8176,48.3549,-0.5374,52.89,51.61,50.32,118041.78,117821.98,117602.18,118070.96,117804.01,117537.06,59.802,65.8634,-24030,173.21,186.11,0.9307,22.5021
2025-07-20 02:15:00,117870.5,117900.0,117769.2,117769.3,247,29125154,8983,114,13409280,117874.84,117774.16,117882.96,17.1443,37.9514,-20.8071,42.51,47.16,47.55,118041.91,117822.86,117603.81,118068.49,117801.62,117534.73,44.7633,56.6852,-24278,167.91,183.48,0.9151,20.4054
2025-07-20 02:30:00,117769.2,117892.0,117741.4,117858.4,198,23290050,8093,124,14586231,117901.31,117783.49,117876.42,15.7718,30.5582,-14.7864,52.14,51.15,50.08,118047.94,117830.45,117612.96,118072.24,117806.53,117540.82,35.7504,46.7719,-24080,165.74,181.91,0.9111,19.3151
2025-07-20 02:45:00,117858.3,117990.0,117841.6,117957.8,493,58175120,11105,306,36042196,117906.98,117807.88,117871.66,33.1698,31.4287,1.741,60.72,55.22,52.76,118068.56,117842.4,117616.24,118080.66,117810.61,117540.56,38.037,39.5169,-23587,163.58,180.32,0.9072,18.2721
2025-07-20 03:00:00,117957.8,118085.2,117957.7,117969.4,313,36989044,8843,192,22689048,117908.12,117822.33,117866.48,43.7415,35.533,8.2085,61.65,55.68,53.06,118081.11,117867.08,117653.04,118064.86,117806.39,117547.92,51.4907,41.7594,-23273,159.07,177.8,0.8946,19.405
2025-07-20 03:15:00,117969.4,117970.0,117938.7,117956.8,71,8353311,2506,31,3634549,117908.2,117832.94,117861.29,45.2995,38.7885,6.511,59.85,55.01,52.67,118065.5,117895.09,117724.69,118062.69,117805.67,117548.66,62.0629,50.5302,-23344,143.1,170.82,0.8377,19.7558
