open_time,开盘价,最高价,最低价,收盘价,成交量,成交额,MA20,MA50,MA_LONG,MACD,MACD_Signal,MACD_Hist,MACD_Long,RSI,RSI_Long,BB_Upper,BB_Middle,BB_Lower,BB_Long_Upper,Stoch_SlowK,Stoch_SlowD,Fib_Ret_0.236,Fib_Ret_0.382,Fib_Ret_0.500,Fib_Ret_0.618,Fib_Ret_0.786,Fib_Ext_1.272,Fib_Trend,Fib_Signal,Fib_Support_Level,Fib_Resistance_Level,ATR,ATR_Long,ADX,OBV
2024-11-23,98921.5,98937.3,97173.5,97725.5,120358.42,11819741000.0,85200.77,73176.164,,7040.922,6258.333,782.5889,7681.6,78.04795,75.95368,104683.68,85200.77,65717.86,,95.14983,95.995384,,,,,,,neutral,neutral,,,3399.6626,2696.2126,53.174423,3087643.5
2024-11-24,97725.6,98666.0,95822.1,97960.4,173118.84,16831815000.0,86591.15,73806.19,,6999.0225,6406.4707,592.55164,7791.204,78.26606,76.121605,105336.61,86591.15,67845.69,,93.26833,95.145226,,,,,,,neutral,neutral,,,3359.9653,2699.1665,53.821712,3260762.2
2024-11-25,97960.5,98999.0,92666.0,93064.0,329375.03,31634790000.0,87792.56,74393.23,,6495.8384,6424.344,71.49403,7601.1396,63.993374,66.02926,104721.414,87792.56,70863.71,,79.13204,89.1834,,,,,,,neutral,neutral,,,3572.325,2771.843,52.738495,2931387.2
2024-11-26,93064.0,95064.0,90866.4,92021.4,344929.22,32058954000.0,88872.01,74964.11,,5944.4087,6328.357,-383.94843,7348.4985,61.424747,64.128334,103723.51,88872.01,74020.5,,63.027706,78.47603,,,,,,,neutral,neutral,,,3616.9875,2800.3582,50.921154,2586458.0
2024-11-27,92021.5,97250.0,91864.0,95905.2,237005.98,22446168000.0,89839.875,75603.71,,5754.453,6213.576,-459.1231,7289.938,66.774796,67.75884,103717.51,89839.875,75962.24,,56.28031,66.14669,,,,,,,neutral,neutral,,,3743.3455,2852.071,49.736362,2823464.0
2024-11-28,95905.2,96627.6,94700.1,95694.4,154007.03,14702796000.0,90784.4,76215.35,,5523.234,6075.508,-552.2739,7192.8794,66.237816,67.370255,103366.914,90784.4,78201.89,,60.909782,60.0726,,,,,,,neutral,neutral,,,3613.6423,2833.5796,48.6362,2669457.0
2024-11-29,95694.4,98713.3,95404.5,97516.3,190520.95,18512742000.0,91786.02,76860.68,,5424.473,5945.301,-520.82776,7165.0244,68.588875,68.984406,102920.484,91786.02,80651.56,,73.257195,63.48243,,,,,,,neutral,neutral,,,3591.8677,2843.084,48.06846,2859978.0
2024-11-30,97516.2,97522.1,96150.0,96475.1,93074.22,9004709000.0,92728.88,77473.15,,5202.22,5796.685,-594.4644,7053.3237,65.770134,66.995674,101735.27,92728.88,83722.49,,73.2066,69.12453,,,,,,,neutral,neutral,,,3433.313,2813.6643,47.54127,2766903.8
2024-12-01,96475.2,97933.0,95736.5,97265.1,113222.99,10975144000.0,93531.51,78110.87,,5031.826,5643.713,-611.8869,6962.0527,66.882225,67.73667,100849.43,93531.51,86213.58,,75.94274,74.13551,,,,,,,neutral,neutral,,,3344.9692,2801.321,46.83304,2880126.8
2024-12-02,97265.0,98266.0,94400.0,95890.5,257613.9,24755124000.0,93872.53,78724.664,,4731.329,5461.2363,-729.9073,6780.4756,63.044144,65.067665,100926.15,93872.53,86818.92,,68.90673,72.685356,,,,,,,neutral,neutral,,,3382.1855,2822.6147,45.48314,2622512.8
2024-12-03,95890.6,96375.0,93605.0,95913.3,206601.98,19688305000.0,94250.69,79366.6,,4443.7974,5257.7485,-813.9513,6592.465,63.081985,65.09162,100834.234,94250.69,87667.15,,64.422806,69.75742,,,,,,,neutral,neutral,,,3338.458,2821.5625,43.835236,2829114.8
2024-12-04,95913.3,99099.9,94650.8,98669.8,275949.22,26698553000.0,94643.86,80064.36,,4387.773,5083.7534,-695.9802,6536.5786,67.425026,67.88717,101249.88,94643.86,88037.83,,68.46681,67.26545,,,,,,,neutral,neutral,,,3417.7896,2854.113,43.066658,3105064.0
2024-12-05,98669.8,104630.4,90200.0,97001.5,580277.4,58190880000.0,95101.9,80691.5,,4160.793,4899.161,-738.3684,6372.6978,62.623352,64.59962,100917.086,95101.9,89286.71,,64.42185,65.770485,,,,,,,neutral,neutral,,,4204.405,3085.639,43.457214,2524786.5
2024-12-06,97001.6,101988.8,96429.5,99802.5,282369.6,27983160000.0,95517.51,81357.44,,4158.9844,4751.126,-592.1415,6340.766,66.88711,67.38409,101369.414,95517.51,89665.6,,67.47208,66.78691,,,,,,,neutral,neutral,,,4301.183,3135.112,43.819874,2807156.2
2024-12-07,99802.5,100499.0,98876.9,99899.2,95858.66,9559737000.0,95958.266,82031.24,,4117.8857,4624.478,-506.5922,6286.5957,67.026955,67.47682,101667.86,95958.266,90248.68,,60.29678,64.06357,,,,,,,neutral,neutral,,,4109.82,3104.8518,44.156628,2903014.8
2024-12-08,99899.2,101457.9,98709.4,101200.0,109755.68,10964662000.0,96496.37,82670.06,,4142.526,4528.0874,-385.5616,6273.887,68.927986,68.73247,101944.625,96496.37,91048.11,,69.995056,65.9213,,,,,,,neutral,neutral,,,4012.5828,3097.7249,44.64446,3012770.5
2024-12-09,101200.1,101300.0,94039.7,97349.1,326973.6,32095240000.0,96822.164,83221.06,,3807.4282,4383.9556,-576.52734,6039.107,58.22559,61.367752,101572.48,96822.164,92071.85,,64.32786,64.87323,,,,,,,neutral,neutral,,,4244.5625,3180.9763,42.94158,2685797.0
2024-12-10,97349.1,98320.6,94265.5,96602.4,291490.75,28129042000.0,97025.33,83748.52,,3441.9321,4195.551,-753.61884,5770.8394,56.397026,60.05756,101335.31,97025.33,92715.34,,56.71245,63.678455,,,,,,,neutral,neutral,,,4231.0293,3198.4587,41.360336,2394306.2
2024-12-11,96602.3,101880.0,95650.0,101115.3,221807.7,21990320000.0,97350.44,84361.5,,3476.3538,4051.7114,-575.35767,5738.261,63.79707,64.82348,101812.74,97350.44,92888.13,,56.516796,59.1857,,,,,,,neutral,neutral,,,4373.813,3259.0896,40.741558,2616114.0
2024-12-12,101115.3,102538.4,99280.2,99982.4,215219.08,21703840000.0,97427.375,84935.586,,3373.332,3916.0356,-542.70355,5625.071,60.998367,62.846867,102011.17,97427.375,92843.57,,62.59956,58.6096,,,,,,,neutral,neutral,,,4294.1265,3259.0718,40.30661,2400894.8
2024-12-13,99982.3,101869.5,99149.6,101371.9,152437.31,15327839000.0,97544.06,85535.85,,3365.0178,3805.832,-440.81424,5569.6426,63.1345,64.250694,102391.25,97544.06,92696.87,,73.616806,64.244385,,,,,,,neutral,neutral,,,4181.6816,3248.2883,39.843422,2553332.2
2024-12-14,101371.9,102638.0,100559.8,101381.0,107680.55,10931716000.0,97718.13,86124.234,,3320.8818,3708.842,-387.9601,5494.858,63.14873,64.25998,102833.99,97718.13,92602.27,,74.23056,70.14898,,,,,,,neutral,neutral,,,4031.433,3224.8867,39.591095,2661012.8
2024-12-15,101381.0,105374.6,101200.1,104460.4,157733.92,16239310000.0,98027.66,86798.625,,3494.108,3665.8953,-171.78735,5557.413,67.69472,67.27995,103895.9,98027.66,92159.414,,82.95897,76.93545,,,,,,,neutral,neutral,,,4041.652,3243.879,39.930195,2818746.8
2024-12-16,104460.5,107777.0,103264.6,106023.2,274395.75,28967203000.0,98644.766,87500.75,,3714.675,3675.6511,39.02391,5661.2505,69.73521,68.68977,105000.625,98644.766,92288.9,,87.159966,81.44984,,,,,,,neutral,neutral,,,4075.2769,3269.2493,40.668404,3093142.5
2024-12-17,106023.2,108366.8,105252.0,106074.6,197773.9,21115020000.0,99313.96,88217.61,,3849.252,3710.3713,138.88065,5724.2954,69.802765,68.73629,105698.664,99313.96,92929.26,,90.460045,86.85966,,,,,,,neutral,neutral,,,4006.6714,3266.1604,41.45115,3290916.2
2024-12-18,106074.6,106484.6,99951.1,100181.1,328581.94,33924250000.0,99517.58,88799.56,,3440.6868,3656.4343,-215.74759,5454.9023,54.720127,58.30666,105724.71,99517.58,93310.44,,77.4487,85.0229,,,,,,,neutral,neutral,,,4187.159,3331.507,39.90906,2962334.2
2024-12-19,100181.2,102756.7,95681.2,97434.4,372968.47,37081223000.0,99600.43,89359.05,,2862.2659,3497.6008,-635.33484,5059.9614,49.36637,54.2765,105645.56,99600.43,93555.305,,55.33939,74.416046,,,,,,,neutral,neutral,,,4393.469,3406.387,37.160503,2589366.0
2024-12-20,97434.3,98243.0,92272.6,97764.4,396188.78,37958726000.0,99612.25,89917.09,,2402.7935,3278.6392,-875.8458,4713.488,49.99933,54.671745,105641.984,99612.25,93582.51,,37.58618,56.791424,,,,,,,neutral,neutral,,,4506.107,3457.6672,35.25007,2985554.8
2024-12-21,97764.5,99485.0,96375.0,97261.8,161258.48,15758502000.0,99649.71,90449.266,,1975.3322,3017.9778,-1042.6456,4368.5547,48.994762,53.926285,105610.4,99649.71,93689.016,,29.6057,40.843758,,,,,,,neutral,neutral,,,4406.3853,3450.7139,33.130558,2824296.2
2024-12-22,97261.7,97437.9,94200.0,95153.5,148114.73,14215964000.0,99549.16,90907.69,,1449.7323,2704.3286,-1254.5964,3946.3794,44.917877,50.871143,105734.375,99549.16,93363.94,,27.674358,31.62208,,,,,,,neutral,neutral,,,4322.922,3446.4575,31.677185,2676181.5
2024-12-23,95153.4,96499.0,92464.4,94861.1,247211.86,23352439000.0,99500.14,91309.9,,998.09094,2363.081,-1364.9902,3551.0676,44.36648,50.45488,105815.51,99500.14,93184.766,,21.661219,26.313759,,,,,,,neutral,neutral,,,4302.3276,3458.2205,30.711065,2428969.5
2024-12-24,94861.0,99450.0,93525.6,98627.2,211610.62,20467194000.0,99629.375,91787.69,,933.29626,2077.1243,-1143.8279,3383.6257,52.461037,55.391384,105754.05,99629.375,93504.695,,24.489153,24.608244,,,,,,,neutral,neutral,,,4418.19,3507.544,28.959154,2640580.2
2024-12-25,98626.9,99580.7,97570.0,99379.7,124696.89,12284102000.0,99663.18,92316.01,,931.9238,1848.0841,-916.1603,3261.17,53.904205,56.304775,105774.12,99663.18,93552.234,,33.242203,26.464191,,,,,,,neutral,neutral,,,4246.226,3477.6072,27.295914,2765277.2
2024-12-26,99379.6,99950.0,95153.0,95751.0,194857.66,18828964000.0,99603.625,92793.38,,630.7594,1604.6191,-973.85974,2958.7292,46.563435,51.015743,105840.234,99603.625,93367.02,,35.08531,30.938889,,,,,,,neutral,neutral,,,4285.5674,3503.995,26.340225,2570419.5
2024-12-27,95750.9,97564.5,93440.0,94258.9,206008.25,19664749000.0,99339.65,93245.97,,268.58835,1337.413,-1068.8247,2610.7437,43.91515,49.02734,105976.68,99339.65,92702.62,,26.037952,31.455154,,,,,,,neutral,neutral,,,4274.0625,3516.405,25.837254,2364411.2
2024-12-28,94258.9,95700.0,94100.0,95259.1,67991.35,6441586700.0,99118.69,93727.73,,61.563255,1082.243,-1020.6798,2350.1724,46.127045,50.38835,105971.92,99118.69,92265.45,,17.503614,26.20896,,,,,,,neutral,neutral,,,4083.058,3478.0771,25.370209,2432402.5
2024-12-29,95259.1,95300.0,92961.8,93700.0,95047.94,8949367000.0,98761.55,94198.01,,-225.7101,820.6524,-1046.3625,2037.6781,43.26283,48.278484,105918.664,98761.55,91604.43,,13.255707,18.932425,,,,,,,neutral,neutral,,,3958.4253,3455.2795,25.201494,2337354.8
2024-12-30,93699.9,95031.6,91510.0,92759.3,222343.6,20718760000.0,98542.984,94623.58,,-523.2512,551.8717,-1075.1229,1713.2721,41.585,47.030884,106126.88,98542.984,90959.086,,11.61222,14.123847,,,,,,,neutral,neutral,,,3927.2234,3456.606,25.37145,2115011.0
2024-12-31,92759.3,96254.3,92000.0,93548.9,178648.11,16839153000.0,98397.58,94950.29,,-687.4165,304.01407,-991.43054,1466.8186,43.56349,48.210415,106237.49,98397.58,90557.664,,9.965336,11.611088,,,,,,,neutral,neutral,,,3950.5862,3472.5598,25.063473,2293659.2
2025-01-01,93548.8,95161.2,92796.5,94580.9,91236.66,8572615000.0,98086.42,95290.68,,-725.8774,98.035774,-823.91315,1300.3668,46.13153,49.746155,105988.625,98086.42,90184.22,112817.91,16.110624,12.562727,,,,,,,neutral,neutral,,,3837.3086,3450.4026,24.77749,2384895.8
2025-01-02,94580.9,97822.4,94357.4,96967.5,181645.5,17520374000.0,97942.85,95663.14,,-557.35443,-33.042267,-524.31213,1270.8787,51.614788,53.121643,105811.53,97942.85,90074.17,113068.3,35.194313,20.423426,91801.52,95279.24,98090.0,100900.76,104902.52,116479.04,neutral,neutral,,,3810.715,3450.6946,23.523762,2566541.2
2025-01-03,96967.6,98949.0,96061.5,98145.7,125220.67,12191508000.0,97789.23,96053.516,,-324.9817,-91.43015,-233.55153,1298.2219,54.098793,54.69891,105508.67,97789.23,90069.77,113321.73,56.863087,36.056007,92209.49,95609.25,98357.0,101104.75,105016.8,116333.79,neutral,neutral,,,3744.7712,3439.4307,21.980312,2691762.0
2025-01-04,98145.7,98760.9,97438.2,98173.2,71914.63,7047067000.0,97636.47,96376.48,,-137.02605,-100.54933,-36.47671,1316.4843,54.15795,54.736233,105190.76,97636.47,90082.18,113590.24,74.07741,55.37827,92512.805,95854.6,98555.5,101256.4,105101.76,116225.805,neutral,neutral,,,3571.766,3397.096,20.547108,2763676.8
2025-01-05,98173.2,98852.6,97227.0,98340.2,74949.29,7346604500.0,97345.03,96551.234,,25.11614,-75.41624,100.53238,1333.8661,54.541096,54.972786,104269.78,97345.03,90420.28,113857.64,79.49882,70.14644,93754.38,96858.91,99368.05,101877.19,105449.52,115783.78,neutral,neutral,,,3432.7542,3361.666,19.290903,2838626.0
2025-01-06,98340.2,102444.0,97872.6,102180.4,207493.33,20828553000.0,97162.04,96809.56,,458.20514,31.308037,426.8971,1534.0684,62.336582,60.01786,103320.52,97162.04,91003.56,114233.266,85.82119,79.79914,104981.72,101877.19,99368.05,96858.91,93286.58,115783.78,uptrend,fib_618_bounce,101877.19,115783.78,3514.086,3385.8608,18.901945,3046119.2
2025-01-07,102180.5,102762.1,96153.0,96920.3,258711.31,25560000000.0,96726.125,96927.875,,372.68903,99.584236,273.1048,1434.5658,49.75152,51.68843,101421.62,96726.125,92030.63,114428.82,75.53276,80.284256,91679.586,95180.61,98010.2,100839.79,104868.37,116522.45,neutral,neutral,,,3735.1584,3450.3257,17.909481,2787408.0
2025-01-08,96920.2,97242.2,92500.0,95014.1,262012.11,24890489000.0,96480.08,97066.625,,149.38054,109.543495,39.837048,1247.0084,46.117886,49.095787,100962.27,96480.08,91997.88,114524.78,58.93783,73.430595,88777.61,92833.195,96111.0,99388.805,104055.51,117555.62,neutral,neutral,,,3807.09,3476.163,17.403763,2525395.8
2025-01-09,95014.0,95358.7,91055.8,92505.9,257760.9,23994410000.0,96245.38,97092.65,,-227.36293,42.162212,-269.52515,955.0018,41.79262,45.913956,101010.33,96245.38,91480.445,114497.83,30.537224,55.002605,88777.61,92833.195,96111.0,99388.805,104055.51,74666.38,downtrend,fib_382_reject,74666.38,92833.195,3842.505,3492.6978,17.318472,2267635.0
2025-01-10,92506.0,95882.5,92173.6,94675.5,261942.95,24636484000.0,96098.3,97165.96,,-346.86777,-35.643784,-311.224,809.0411,46.46941,48.92062,100857.3,96098.3,91339.3,114495.99,24.816683,38.097244,85704.95,90347.73,94100.1,97852.48,103194.84,118649.55,neutral,neutral,,,3832.9617,3497.0217,17.048155,2529578.0
2025-01-11,94675.6,94988.0,93802.1,94562.5,64661.76,6101597700.0,95969.76,97250.734,,-445.55826,-117.62668,-327.93158,674.54944,46.26093,48.77235,100741.91,95969.76,91197.61,114474.07,24.421324,26.591743,85704.95,90347.73,94100.1,97852.48,103194.84,118649.55,neutral,neutral,,,3643.886,3450.7993,16.797146,2464916.2
2025-01-12,94562.4,95444.0,93661.1,94499.9,77298.13,7302019600.0,95938.63,97323.33,,-522.796,-198.66055,-324.13547,553.0564,46.137436,48.686512,100740.11,95938.63,91137.164,114462.45,30.099178,26.445728,85704.95,90347.73,94100.1,97852.48,103194.84,118649.55,neutral,neutral,,,3510.9583,3417.4414,16.37983,2387618.0
2025-01-13,94499.9,95934.5,88909.0,94485.3,361150.5,33357740000.0,95920.734,97362.41,,-578.51685,-274.6318,-303.885,445.6845,46.10652,48.66554,100740.91,95920.734,91100.57,114430.85,33.209885,29.243462,85704.95,90347.73,94100.1,97852.48,103194.84,118649.55,neutral,neutral,,,3761.997,3489.6025,17.284536,2026467.5
2025-01-14,94485.4,97353.9,94305.4,96514.9,212859.66,20455516000.0,95820.16,97402.9,,-453.6745,-310.44034,-143.23416,453.13315,51.01963,51.702522,100496.22,95820.16,91144.086,114444.82,41.52598,34.945015,85704.95,90347.73,94100.1,97852.48,103194.84,118649.55,neutral,neutral,,,3711.033,3480.7805,17.55919,2239327.2
2025-01-15,96514.9,100658.9,96450.2,100460.0,222417.56,21890263000.0,95871.59,97440.95,,-35.98468,-255.54921,219.56453,654.4911,58.868797,56.905926,100723.625,95871.59,91019.56,114529.016,59.513035,44.749634,102495.25,97852.48,94100.1,90347.73,85005.36,118649.55,uptrend,fib_golden_zone,97852.48,118649.55,3746.5806,3495.3389,16.660778,2461744.8
2025-01-16,100460.0,100850.0,97293.6,99937.4,216802.52,21512694000.0,96070.945,97459.43,,249.98639,-154.4421,404.42847,797.24963,57.55307,56.065765,101221.59,96070.945,90920.3,114571.78,72.631874,57.890297,102495.25,97852.48,94100.1,90347.73,85005.36,118649.55,uptrend,fib_golden_zone,97852.48,118649.55,3732.9963,3496.56,15.764802,2244942.2
2025-01-17,99937.4,105784.0,99902.0,104042.5,249449.97,25723722000.0,96536.836,97574.28,,798.6613,36.178585,762.4827,1120.577,64.30238,60.834972,102631.05,96536.836,90442.62,114672.82,84.22389,72.12293,102495.25,97852.48,94100.1,90347.73,85005.36,118649.55,uptrend,neutral,97852.48,118649.55,3886.4966,3544.269,15.729996,2494392.2
2025-01-18,104042.6,104962.1,102242.8,104524.3,167940.1,17403566000.0,96978.03,97693.625,,1257.8674,280.51636,977.3511,1415.5089,65.00568,61.351986,103920.81,96978.03,90035.26,114747.85,87.27491,81.37689,102495.25,97852.48,94100.1,90347.73,85005.36,118649.55,uptrend,neutral,97852.48,118649.55,3803.1255,3527.7695,15.697675,2662332.2
2025-01-19,104524.3,106450.0,99600.0,101311.5,280949.2,29174847000.0,97340.484,97843.58,,1347.018,493.81668,853.20123,1499.9583,56.948498,56.161053,104355.25,97340.484,90325.73,114755.336,84.30696,85.268585,102495.25,97852.48,94100.1,90347.73,85005.36,118649.55,uptrend,fib_golden_zone,97852.48,118649.55,4020.7593,3594.214,14.813666,2381383.0
2025-01-20,101311.5,110000.0,99501.0,102247.6,530508.2,55636480000.0,97792.31,98029.516,,1476.1892,690.2912,785.898,1611.4677,58.560158,57.26718,104790.836,97792.31,90793.79,114782.164,75.49466,82.35884,102308.78,97550.66,93705.05,89859.445,84384.336,118864.45,uptrend,fib_golden_zone,97550.66,118864.45,4483.4907,3732.3098,14.893707,2911891.2
2025-01-21,102247.7,107241.6,100097.2,106114.5,273296.8,28422392000.0,98390.67,98215.13,,1869.0398,926.0409,942.99884,1892.0958,64.47618,61.482536,105960.98,98390.67,90820.37,114897.836,71.8421,77.21458,102108.16,97225.92,93280.0,89334.08,83716.16,119095.68,uptrend,neutral,97225.92,119095.68,4673.5557,3800.5518,14.968031,3185188.0
2025-01-22,106115.4,106390.0,103211.6,103664.9,151243.53,15829574000.0,98823.24,98360.055,,1960.1194,1132.8566,827.26276,2000.0924,58.753944,57.69684,106510.57,98823.24,91135.914,114994.11,71.59452,72.9771,102108.16,97225.92,93280.0,89334.08,83716.16,119095.68,uptrend,neutral,97225.92,119095.68,4566.759,3788.1086,15.0370455,3033944.5
2025-01-23,103664.9,106840.2,101211.0,103864.1,418154.03,43515003000.0,99151.66,98475.47,,2025.031,1311.2915,713.73956,2092.389,59.072044,57.918083,107079.305,99151.66,91224.0,115098.164,74.14932,72.52865,102108.16,97225.92,93280.0,89334.08,83716.16,119095.68,uptrend,neutral,97225.92,119095.68,4642.6475,3824.9304,14.404674,3452098.5
2025-01-24,103864.0,107076.5,102680.0,104808.1,165746.95,17435124000.0,99468.91,98626.98,,2128.1155,1474.6562,653.4591,2208.0408,60.62195,58.98544,107736.12,99468.91,91201.7,115223.11,72.08462,72.60949,102108.16,97225.92,93280.0,89334.08,83716.16,119095.68,uptrend,neutral,97225.92,119095.68,4625.0654,3836.3618,13.888401,3617845.5
2025-01-25,104808.0,105274.7,104040.6,104702.0,65630.164,6869072000.0,99779.805,98762.195,,2176.1636,1614.9578,561.2059,2290.5776,60.345345,58.809406,108315.41,99779.805,91244.2,115314.04,73.7237,73.319214,102108.16,97225.92,93280.0,89334.08,83716.16,119095.68,uptrend,neutral,97225.92,119095.68,4382.8535,3784.3167,13.409004,3552215.5
2025-01-26,104702.0,105496.9,102450.3,102560.1,75787.086,7903655400.0,99980.75,98883.46,,2018.1448,1695.5951,322.54968,2242.5989,54.899525,55.310516,108569.85,99980.75,91391.66,115342.07,71.662796,72.49037,102108.16,97225.92,93280.0,89334.08,83716.16,119095.68,uptrend,fib_golden_zone,97225.92,119095.68,4287.407,3769.5623,12.522785,3476428.2
2025-01-27,102560.0,103216.5,97680.0,102021.3,325689.88,32694557000.0,99973.18,98994.516,,1828.361,1722.1483,106.21263,2163.424,53.589405,54.45479,108554.78,99973.18,91391.57,115329.77,62.922604,69.43637,102108.16,97225.92,93280.0,89334.08,83716.16,119095.68,uptrend,fib_golden_zone,97225.92,119095.68,4376.628,3804.9011,13.098299,3150738.5
2025-01-28,102021.3,103797.0,100235.0,101279.6,169917.27,17380446000.0,100180.766,99041.97,,1599.6669,1697.652,-97.98513,2047.8274,51.75832,53.26368,108667.305,100180.766,91694.22,115292.79,49.84313,61.476177,102108.16,97225.92,93280.0,89334.08,83716.16,119095.68,uptrend,fib_golden_zone,97225.92,119095.68,4318.4404,3800.043,13.415125,2980821.2
2025-01-29,101279.7,104755.0,101269.7,103698.2,169989.95,17464740000.0,100594.29,99163.73,,1595.1975,1677.1611,-81.96356,2059.683,56.92674,56.520016,108877.37,100594.29,92311.21,115246.97,45.069714,52.611816,102108.16,97225.92,93280.0,89334.08,83716.16,119095.68,uptrend,neutral,97225.92,119095.68,4258.93,3793.7483,13.348592,3150811.0
2025-01-30,103698.1,106450.0,103224.5,104676.9,136967.4,14403072000.0,101173.86,99252.35,,1651.59,1672.0469,-20.4569,2108.4565,58.84804,57.770184,108788.266,101173.86,93559.45,115201.52,47.613132,47.50866,102108.16,97225.92,93280.0,89334.08,83716.16,119095.68,uptrend,neutral,97225.92,119095.68,4185.114,3782.3833,12.678786,3287778.5
2025-01-31,104676.9,106000.0,101509.0,102379.7,172237.81,17878626000.0,101540.73,99297.445,,1493.6981,1636.3772,-142.679,2024.7554,52.885162,53.94733,108588.72,101540.73,94492.734,115028.164,48.44815,47.043667,102108.16,97225.92,93280.0,89334.08,83716.16,119095.68,uptrend,fib_golden_zone,97225.92,119095.68,4206.963,3796.5557,12.579482,3115540.8
2025-02-01,102379.8,102734.9,100215.0,100603.6,90863.09,9240331000.0,101828.4,99286.6,,1211.2883,1551.3594,-340.07108,1854.2621,48.770496,51.19699,108171.516,101828.4,95485.28,114831.5,39.55682,45.206036,102108.16,97225.92,93280.0,89334.08,83716.16,119095.68,uptrend,fib_golden_zone,97225.92,119095.68,4086.4583,3771.0225,12.856623,3024677.5
2025-02-02,100603.6,101426.0,96029.6,97664.5,232934.69,22949597000.0,101979.09,99292.34,,741.7651,1389.4406,-647.6754,1552.264,42.83171,47.030838,107742.5,101979.09,96215.69,114480.9,24.526678,37.510548,102108.16,97225.92,93280.0,89334.08,83716.16,119095.68,uptrend,fib_618_bounce,97225.92,119095.68,4180.0254,3803.53,14.121055,2791743.0
2025-02-03,97664.5,102456.0,91130.3,101293.7,455088.03,43861860000.0,102303.305,99377.63,,654.96063,1242.5446,-587.58386,1467.7544,50.798763,52.08604,107013.86,102303.305,97592.75,114183.59,32.838516,32.30734,102108.16,97225.92,93280.0,89334.08,83716.16,119095.68,uptrend,fib_golden_zone,97225.92,119095.68,4690.4307,3953.9734,16.165323,3246831.0
2025-02-04,101293.6,101729.3,96100.0,97709.9,262746.2,26009379000.0,102360.21,99315.72,,293.60037,1052.7557,-759.15533,1208.9698,44.241932,47.395973,106811.42,102360.21,97909.0,113808.445,38.68209,32.015762,102108.16,97225.92,93280.0,89334.08,83716.16,119095.68,uptrend,fib_618_bounce,97225.92,119095.68,4757.493,3987.48,18.063574,2984084.8
2025-02-05,97710.0,99124.2,96106.1,96553.2,151379.67,14787603000.0,102174.17,99253.37,,-85.13488,825.1776,-910.3125,923.8292,42.342266,45.992477,107215.02,102174.17,97133.32,113458.625,46.11705,39.21255,84451.84,89334.08,93280.0,97225.92,102843.84,119095.68,neutral,neutral,,,4633.2505,3968.0923,19.826235,2832705.0
2025-02-06,96553.2,99093.0,95613.5,96515.1,161521.02,15732382000.0,102011.2,99165.06,,-383.9339,583.3553,-967.2892,673.5099,42.277874,45.945423,107529.445,102011.2,96492.96,113186.98,36.345753,40.38163,84451.84,89334.08,93280.0,97225.92,102843.84,119095.68,neutral,neutral,,,4550.84,3958.3206,21.551151,2671184.0
2025-02-07,96515.0,100112.4,95555.0,96454.5,223373.62,21837468000.0,101649.875,99075.49,,-618.49457,342.98532,-961.4799,453.08923,42.168026,45.86705,107567.99,101649.875,95731.75,112871.7,34.176655,38.879818,84451.84,89334.08,93280.0,97225.92,102843.84,119095.68,neutral,neutral,,,4551.3086,3970.302,22.681477,2447810.5
2025-02-08,96454.5,96850.0,95600.0,96411.9,69050.43,6644122600.0,101263.57,98929.16,,-798.6171,114.66483,-913.2819,260.23416,42.085247,45.809376,107434.42,101263.57,95092.71,112432.32,34.332787,34.951733,84451.84,89334.08,93280.0,97225.92,102843.84,119095.68,neutral,neutral,,,4315.5005,3915.896,23.731066,2378760.0
2025-02-09,96412.0,97301.7,94650.1,96423.6,101177.29,9736103000.0,101030.81,98754.62,,-929.70435,-94.20901,-835.49536,94.62692,42.118855,45.829018,107536.516,101030.81,94525.1,111903.37,34.59402,34.36782,84451.84,89334.08,93280.0,97225.92,102843.84,119095.68,neutral,neutral,,,4196.651,3890.61,24.916805,2479937.2
2025-02-10,96423.6,98328.0,95200.1,97379.2,132932.55,12909987000.0,100798.984,98596.52,,-945.58295,-264.4838,-681.0991,0.33958262,44.929733,47.46227,107459.84,100798.984,94138.12,111319.58,36.606026,35.177612,102108.16,97225.92,93280.0,89334.08,83716.16,119095.68,uptrend,fib_618_bounce,97225.92,119095.68,4120.3115,3875.356,25.496042,2612869.8
2025-02-11,97379.2,98482.2,94814.3,95731.4,154832.9,14974331000.0,100304.55,98515.62,,-1078.6959,-427.32623,-651.36975,-162.66779,41.21307,45.005474,106854.27,100304.55,93754.82,110605.78,35.125362,35.441803,84451.84,89334.08,93280.0,97225.92,102843.84,119095.68,neutral,neutral,,,4087.9963,3871.2068,26.132643,2458037.0
2025-02-12,95731.4,98090.9,94003.9,97816.3,202448.08,19439639000.0,100026.04,98522.56,,-1004.3772,-542.7364,-461.64075,-196.98076,47.168064,48.544033,106477.17,100026.04,93574.914,109753.82,38.155666,36.629017,102108.16,97225.92,93280.0,89334.08,83716.16,119095.68,uptrend,fib_618_bounce,97225.92,119095.68,4087.925,3875.5227,26.932758,2660485.0
2025-02-13,97816.3,98053.8,95160.1,96560.6,142240.53,13680787000.0,99678.26,98500.67,,-1034.8741,-641.16394,-393.71014,-288.11844,44.260044,46.64597,106051.24,99678.26,93305.27,108873.51,36.732086,36.671036,84451.84,89334.08,93280.0,97225.92,102843.84,119095.68,neutral,neutral,,,4002.6233,3855.8862,27.675724,2518244.5
2025-02-14,96560.6,98792.8,96225.7,97445.1,144452.95,14050947000.0,99327.64,98504.01,,-976.41583,-708.21436,-268.2015,-320.37555,46.750404,48.145523,105332.69,99327.64,93322.586,108335.83,44.859577,39.915775,102108.16,97225.92,93280.0,89334.08,83716.16,119095.68,uptrend,fib_618_bounce,97225.92,119095.68,3900.086,3830.1106,27.923697,2662697.5
2025-02-15,97445.2,97941.2,97170.0,97538.0,47418.594,4625304000.0,98986.49,98547.36,,-912.07715,-748.9869,-163.09027,-341.70853,47.018154,48.305756,104527.57,98986.49,93445.42,107747.35,49.17074,43.587467,102108.16,97225.92,93280.0,89334.08,83716.16,119095.68,uptrend,fib_618_bounce,97225.92,119095.68,3676.594,3768.9324,28.153955,2710116.0
2025-02-16,97538.0,97665.8,96002.0,96067.0,56684.87,5495964700.0,98677.3,98569.29,,-968.62006,-792.9135,-175.70653,-431.78967,43.305107,45.94535,104109.805,98677.3,93244.8,107109.33,51.527153,48.519157,84451.84,89334.08,93280.0,97225.92,102843.84,119095.68,neutral,neutral,,,3532.823,3726.8296,28.742912,2653431.2
2025-02-17,96067.0,97000.0,95150.6,95743.2,105576.984,10136668000.0,98378.34,98516.85,,-1027.7118,-839.87317,-187.83864,-522.8401,42.50932,45.432247,103732.26,98378.34,93024.42,106391.664,40.89305,47.196983,82845.15,88034.43,92228.5,96422.57,102393.8,119667.695,neutral,neutral,,,3412.5786,3689.281,29.546461,2547854.2
2025-02-18,95743.1,96737.3,93321.6,95622.0,179173.36,17034411000.0,98108.93,98448.52,,-1071.9653,-886.2916,-185.67374,-604.13403,42.19675,45.23371,103420.99,98108.93,92796.875,105868.2,33.32592,41.915375,82845.15,88034.43,92228.5,96422.57,102393.8,119667.695,neutral,neutral,,,3412.8015,3683.8093,30.788082,2368680.8
2025-02-19,95622.0,96878.7,95012.5,96598.0,124996.875,11992997000.0,97770.83,98463.93,,-1016.56323,-912.34595,-104.21731,-621.81964,45.661736,47.18521,102487.3,97770.83,93054.36,105753.84,34.87897,36.365982,101611.85,96422.57,92228.5,88034.43,82063.2,119667.695,uptrend,fib_618_bounce,96422.57,119667.695,3302.33,3647.4573,31.840975,2493677.8
2025-02-20,96597.9,98662.1,96366.0,98252.9,129180.17,12598925000.0,97464.92,98536.55,,-829.5575,-895.78827,66.23079,-551.08673,51.022785,50.335926,101046.89,97464.92,93882.95,105616.11,51.58008,39.928326,101611.85,96422.57,92228.5,88034.43,82063.2,119667.695,uptrend,fib_golden_zone,96422.57,119667.695,3230.4563,3620.4302,31.627066,2622857.8
2025-02-21,98252.8,99431.5,94830.4,96127.9,250618.27,24420590000.0,97167.22,98552.34,,-843.105,-885.2516,42.146618,-594.1047,44.897354,46.58869,100033.49,97167.22,94300.945,105538.62,55.598457,47.3525,101611.85,96422.57,92228.5,88034.43,82063.2,119667.695,uptrend,fib_618_bounce,92228.5,96422.57,3328.3596,3640.0435,31.916775,2372239.5
2025-02-22,96128.0,96988.0,95701.9,96503.3,65792.15,6345520000.0,96971.97,98603.31,,-814.1647,-871.03424,56.869553,-609.14453,46.127785,47.316196,99400.484,96971.97,94543.445,105341.02,56.87408,54.684204,101611.85,96422.57,92228.5,88034.43,82063.2,119667.695,uptrend,fib_618_bounce,96422.57,119667.695,3182.484,3592.9646,32.185787,2438031.8
2025-02-23,96503.3,96602.9,95180.2,96218.4,69298.69,6647362600.0,96903.1,98666.2,,-804.93945,-857.81525,52.87581,-633.2028,45.301033,46.80814,99331.18,96903.1,94475.03,105270.84,48.472153,53.648228,101611.85,96422.57,92228.5,88034.43,82063.2,119667.695,uptrend,fib_618_bounce,92228.5,96422.57,3056.785,3549.5593,32.60317,2368733.0
2025-02-24,96218.4,96470.0,91300.0,91514.5,217488.75,20543195000.0,96437.43,98629.21,,-1163.7786,-919.00793,-244.7706,-885.8017,34.35315,39.46236,99061.766,96437.43,93813.09,105246.26,34.041325,46.462517,82845.15,88034.43,92228.5,96422.57,102393.8,119667.695,neutral,neutral,,,3207.729,3581.968,33.99161,2151244.2
2025-02-25,91514.5,92500.0,86020.4,88639.1,472296.5,41894200000.0,96005.484,98521.18,,-1661.0344,-1067.4132,-593.6212,-1241.1147,29.637997,35.851177,100178.734,96005.484,91832.234,105294.3,23.191944,35.235138,82845.15,88034.43,92228.5,96422.57,102393.8,64789.305,downtrend,fib_382_reject,88034.43,92228.5,3441.434,3639.9207,36.133408,1678947.8
2025-02-26,88639.1,89367.1,82222.0,84208.5,401141.8,34536660000.0,95417.64,98289.2,,-2385.1313,-1330.9569,-1054.1746,-1760.2318,24.139887,31.227781,101935.695,95417.64,88899.59,105589.016,11.235765,22.823011,82845.15,88034.43,92228.5,96422.57,102393.8,64789.305,downtrend,neutral,64789.305,88034.43,3705.9814,3710.0244,38.538162,1277806.0
2025-02-27,84208.6,87066.0,82667.0,84668.1,269408.53,22931081000.0,94853.5,98044.16,,-2888.5996,-1642.4854,-1246.1143,-2172.2957,25.680069,32.1804,102790.29,94853.5,86916.71,105880.12,15.094356,16.507355,82845.15,88034.43,92228.5,96422.57,102393.8,64789.305,downtrend,neutral,64789.305,88034.43,3755.483,3723.804,40.771145,1547214.5
2025-02-28,84668.2,85084.5,78200.2,84299.6,536343.25,43686396000.0,94274.695,97791.91,,-3279.5322,-1969.8948,-1309.6375,-2532.1738,25.237635,31.809456,103351.06,94274.695,85198.33,106193.83,18.161682,14.830601,82845.15,88034.43,92228.5,96422.57,102393.8,64789.305,downtrend,neutral,64789.305,88034.43,3978.9697,3787.0137,43.234303,1010871.25
2025-03-01,84299.6,86516.5,83779.0,86007.7,146996.67,12515888000.0,93779.26,97567.68,,-3412.1863,-2258.353,-1153.8331,-2741.8037,31.158232,35.431896,103451.195,93779.26,84107.32,106387.33,26.571846,19.942627,82845.15,88034.43,92228.5,96422.57,102393.8,64789.305,downtrend,neutral,64789.305,88034.43,3890.2935,3766.0234,44.786636,1157868.0
2025-03-02,86007.7,94971.0,85015.0,94222.8,364711.53,32943383000.0,93674.46,97422.99,,-2821.8965,-2371.0618,-450.83475,-2496.5735,51.182034,49.089474,103276.95,93674.46,84071.96,106362.664,46.989586,30.574371,82845.15,88034.43,92228.5,96422.57,102393.8,119667.695,neutral,neutral,,,4323.558,3889.823,43.025345,1522579.5
2025-03-03,94222.0,94373.4,85029.0,86192.7,436032.4,39107650000.0,93141.766,97227.945,,-2967.8381,-2490.417,-477.42117,-2675.9236,39.184296,40.33326,103097.71,93141.766,83185.82,106535.63,49.96177,41.1744,82845.15,88034.43,92228.5,96422.57,102393.8,64789.305,downtrend,neutral,64789.305,88034.43,4682.19,3998.9146,41.389862,1086547.1
2025-03-04,86193.3,88931.0,81200.0,87245.9,432434.8,36591014000.0,92737.695,97086.71,,-2964.3425,-2585.2021,-379.14038,-2763.2283,41.133358,41.7638,102926.49,92737.695,82548.9,106653.555,51.905754,49.619038,82845.15,88034.43,92228.5,96422.57,102393.8,64789.305,downtrend,neutral,64789.305,88034.43,4899.962,4073.5564,40.583927,1518981.9
2025-03-05,87245.9,91000.0,86328.0,90566.1,279001.1,24826778000.0,92392.445,97051.44,,-2662.963,-2600.7544,-62.208527,-2658.0479,46.909824,46.0457,102358.4,92392.445,82426.49,106687.984,46.164703,49.344078,82845.15,88034.43,92228.5,96422.57,102393.8,119667.695,neutral,neutral,,,4883.6787,4085.5251,39.20574,1797983.0
2025-03-06,90566.1,92780.3,87790.5,89887.8,303058.62,27350634000.0,92074.695,96964.39,,-2450.6013,-2570.7236,120.12235,-2588.7432,45.918484,45.330738,101913.5,92074.695,82235.89,106724.7,51.966045,50.01217,82845.15,88034.43,92228.5,96422.57,102393.8,119667.695,neutral,neutral,,,4891.259,4103.611,37.414074,1494924.4
2025-03-07,89887.9,91257.7,84600.0,86753.8,452474.2,39785180000.0,91565.586,96822.414,,-2506.2998,-2557.8389,51.539047,-2673.244,41.549442,42.15524,101346.41,91565.586,81784.766,106861.84,52.940018,50.356922,82845.15,88034.43,92228.5,96422.57,102393.8,64789.305,downtrend,neutral,64789.305,88034.43,5017.433,4154.6924,36.37831,1042450.1
2025-03-08,86753.8,86876.5,85108.0,86184.7,96106.19,8274280000.0,91024.95,96671.23,,-2566.775,-2559.6262,-7.148709,-2760.5808,40.790462,41.599606,100679.805,91024.95,81370.1,107010.17,47.987995,50.964687,82845.15,88034.43,92228.5,96422.57,102393.8,64789.305,downtrend,neutral,64789.305,88034.43,4785.3667,4106.9688,35.416534,946343.94
2025-03-09,86184.7,86470.6,79933.4,80688.8,221609.34,18439154000.0,90292.66,96420.38,,-3023.3237,-2652.3657,-370.9582,-3096.246,34.278362,36.695217,100616.34,90292.66,79968.97,107369.47,34.178818,45.03561,82845.15,88034.43,92228.5,96422.57,102393.8,64789.305,downtrend,neutral,64789.305,88034.43,4910.4976,4155.573,35.412495,724734.6
2025-03-10,80690.7,84031.5,77410.1,78567.8,416386.8,33576468000.0,89474.78,96094.07,,-3515.7617,-2825.045,-690.71686,-3473.8086,32.14547,35.02209,100629.57,89474.78,78319.99,107815.695,21.20051,34.455776,82845.15,88034.43,92228.5,96422.57,102393.8,64789.305,downtrend,neutral,64789.305,88034.43,5032.705,4204.8896,35.76963,308347.8
2025-03-11,78567.8,83600.0,76560.0,82896.0,390779.16,31496850000.0,88868.78,95774.73,,-3516.2397,-2963.284,-552.9558,-3562.8457,40.307858,40.80517,100004.59,88868.78,77732.96,108012.5,18.20936,24.529564,82845.15,88034.43,92228.5,96422.57,102393.8,64789.305,downtrend,neutral,64789.305,88034.43,5176.083,4261.592,36.218636,699127.0
2025-03-12,82896.0,84487.0,80578.5,83640.7,306171.12,25257040000.0,88251.766,95478.42,,-3417.1367,-3054.0544,-363.08234,-3583.9229,41.60935,41.741898,99036.51,88251.766,77467.02,108180.06,26.48859,21.966154,82194.164,86980.72,90849.3,94717.88,100225.695,65539.586,downtrend,neutral,65539.586,86980.72,5085.5415,4254.5303,36.330593,1005298.1
2025-03-13,83640.7,84307.1,79903.4,81085.4,247960.05,20339091000.0,87434.266,95061.02,,-3504.3918,-3144.1218,-360.27,-3711.7896,38.50688,39.490402,97650.32,87434.266,77218.21,108429.28,32.484383,25.727446,82155.2,86917.65,90766.75,94615.85,100095.93,65584.49,downtrend,neutral,65584.49,86917.65,5036.8384,4257.5137,36.5414,757338.06
2025-03-14,81085.5,85270.2,80772.0,83939.8,233544.7,19480400000.0,86853.88,94686.76,,-3305.1167,-3176.3208,-128.7958,-3659.8364,43.56856,43.090744,96390.664,86853.88,77317.09,108523.6,34.374195,31.115723,82155.2,86917.65,90766.75,94615.85,100095.93,65584.49,downtrend,neutral,65584.49,86917.65,4998.3643,4262.327,36.38275,990882.75
2025-03-15,83939.9,84625.0,83564.5,84302.9,76674.97,6452002300.0,86272.91,94377.51,,-3082.359,-3157.5286,75.169525,-3578.9624,44.1978,43.539455,94823.01,86272.91,77722.81,108622.09,35.573116,34.143898,82155.2,86917.65,90766.75,94615.85,100095.93,65584.49,downtrend,neutral,65584.49,86917.65,4717.0884,4198.2905,36.235435,1067557.8
2025-03-16,84303.0,85136.0,81925.6,82541.6,174630.7,14560230000.0,85621.63,94019.22,,-3013.2097,-3128.6648,115.455055,-3579.985,41.76504,41.858475,93052.58,85621.63,78190.69,108713.51,38.5729,36.173405,82007.35,86678.33,90453.5,94228.67,99603.5,65754.91,downtrend,neutral,65754.91,86678.33,4609.468,4178.5327,36.4068,892927.0
2025-03-17,82541.6,84727.1,82384.0,83962.9,182662.08,15243761000.0,85262.03,93616.46,,-2811.3142,-3065.1946,253.88039,-3491.8948,44.42348,43.700214,92234.21,85262.03,78289.85,108747.82,40.424927,38.190315,82007.35,86678.33,90453.5,94228.67,99603.5,65754.91,downtrend,neutral,65754.91,86678.33,4447.5845,4141.824,36.565918,1075589.1
2025-03-18,83963.0,83979.8,81113.5,82666.1,188897.75,15546965000.0,84977.6,93234.664,,-2724.5447,-2997.0647,272.51993,-3463.958,42.51639,42.413097,91862.3,84977.6,78092.914,108774.36,38.954582,39.317467,82007.35,86678.33,90453.5,94228.67,99603.5,65754.91,downtrend,neutral,65754.91,86678.33,4334.6353,4116.314,36.958096,886691.4
2025-03-19,82666.2,86990.0,82501.8,86809.8,251961.73,21278400000.0,85101.48,92924.586,,-2294.9624,-2856.6443,561.6818,-3215.5674,49.915245,47.591984,92019.88,85101.48,78183.07,108778.7,48.825237,42.734913,82007.35,86678.33,90453.5,94228.67,99603.5,65754.91,downtrend,fib_382_reject,86678.33,90453.5,4345.6045,4123.7515,36.05838,1138653.1
2025-03-20,86809.8,87500.0,83613.6,84183.6,242943.48,20712135000.0,85078.41,92549.59,,-2141.739,-2713.663,571.92413,-3118.4255,45.884285,44.904587,92005.664,85078.41,78151.14,108840.67,50.901775,46.2272,82007.35,86678.33,90453.5,94228.67,99603.5,65754.91,downtrend,neutral,65754.91,86678.33,4312.804,4119.0044,35.02554,895709.6
2025-03-21,84183.6,84813.6,83122.0,84050.3,144422.27,12128213000.0,85066.53,92174.11,,-2007.9186,-2572.5142,564.59564,-3026.442,45.68263,44.76985,91999.945,85066.53,78133.125,108805.11,61.175873,53.634296,82007.35,86678.33,90453.5,94228.67,99603.5,65754.91,downtrend,neutral,65754.91,86678.33,4125.575,4070.4563,34.192738,751287.3
2025-03-22,84050.3,84509.0,83589.5,83804.9,52218.652,4391946000.0,84961.64,91833.11,,-1899.7673,-2437.9648,538.1975,-2944.9338,45.28802,44.51169,91901.57,84961.64,78021.71,108794.766,62.186794,58.088146,81901.15,86506.43,90228.5,93950.57,99249.8,65877.305,downtrend,neutral,65877.305,86506.43,3896.5698,4007.4373,33.419422,699068.7
2025-03-23,83804.9,86110.9,83761.2,86044.2,90899.875,7717260300.0,84572.18,91542.62,,-1614.7501,-2273.322,658.57184,-2748.555,49.56889,47.416916,90179.516,84572.18,78964.85,108696.305,73.79464,65.7191,81665.17,86124.46,89728.55,93332.63,98463.875,66149.27,downtrend,fib_382_reject,66149.27,86124.46,3786.079,3974.2825,32.00945,789968.56
2025-03-24,86044.1,88752.0,85478.3,87463.4,210907.48,18432550000.0,84632.69,91291.414,,-1259.8317,-2070.6238,810.7922,-2495.948,52.12553,49.187317,90335.28,84632.69,78930.1,108572.16,80.78253,72.254654,81868.836,86454.13,90160.05,93865.97,99142.195,114405.56,neutral,neutral,,,3749.4807,3960.2708,29.739464,1000876.06
2025-03-25,87463.4,88500.0,86260.0,87369.8,173505.28,15155815000.0,84638.59,90994.53,,-974.87134,-1851.4734,876.60205,-2272.1694,51.938515,49.072903,90352.23,84638.59,78924.95,108338.195,86.834366,80.47051,81868.836,86454.13,90160.05,93865.97,99142.195,114405.56,neutral,neutral,,,3641.6606,3925.8655,27.63162,827370.75
2025-03-26,87369.9,88270.2,85816.3,86873.8,187956.69,16368183000.0,84462.766,90670.836,,-780.0691,-1637.1925,857.1234,-2094.2778,50.896423,48.445873,89637.82,84462.766,79287.71,108035.73,84.194756,83.93722,81868.836,86454.13,90160.05,93865.97,99142.195,65914.54,downtrend,fib_382_reject,86454.13,90160.05,3556.8206,3896.426,25.80823,639414.06
2025-03-27,86873.9,87722.4,85724.5,87191.2,163451.69,14210148000.0,84334.36,90394.69,,-593.23694,-1428.4014,835.1644,-1915.8391,51.566116,48.884716,89080.66,84334.36,79588.06,107715.69,81.1982,84.075775,81868.836,86454.13,90160.05,93865.97,99142.195,114405.56,neutral,neutral,,,3445.469,3858.4556,24.15117,802865.75
2025-03-28,87191.2,87470.0,83531.7,84380.8,222284.56,18906018000.0,84221.36,90099.73,,-664.28937,-1275.579,611.2896,-1894.2148,45.631752,45.299683,88843.23,84221.36,79599.49,107642.14,67.32975,77.574234,81868.836,86454.13,90160.05,93865.97,99142.195,65914.54,downtrend,neutral,65914.54,86454.13,3480.6711,3860.0525,23.427828,580581.2
2025-03-29,84380.8,84589.7,81601.0,82604.7,135513.7,11234711000.0,84050.88,89825.91,,-854.0702,-1191.2772,337.20703,-1955.06,42.3173,43.197514,88634.44,84050.88,79467.32,107663.59,47.57912,65.369026,81868.836,86454.13,90160.05,93865.97,99142.195,65914.54,downtrend,neutral,65914.54,86454.13,3445.5305,3842.6255,23.370394,445067.5
2025-03-30,82604.8,83490.0,81501.4,82352.8,109565.92,9064726000.0,84130.12,89481.53,,-1013.1205,-1155.6459,142.52542,-2009.9025,41.85298,42.90104,88532.4,84130.12,79727.836,107675.31,26.173552,47.027473,82049.78,86747.01,90543.4,94339.79,99744.82,65706.0,downtrend,neutral,65706.0,86747.01,3341.464,3805.545,23.347603,335501.56
2025-03-31,82353.1,83895.8,81222.0,82517.5,212064.58,17489658000.0,84318.2,89205.305,,-1113.0485,-1147.1263,34.077908,-2038.508,42.298775,43.168816,88038.51,84318.2,80597.89,107685.45,18.042374,30.598349,82164.125,86932.086,90785.65,94639.21,100125.64,65574.21,downtrend,neutral,65574.21,86932.086,3293.7737,3782.91,23.118372,547566.1
2025-04-01,82517.5,85595.5,82383.3,85120.9,197263.17,16592830000.0,84424.15,88997.445,,-970.97675,-1111.8965,140.91972,-1922.6034,48.959927,47.27289,88102.91,84424.15,80745.39,107680.875,28.794394,24.336773,82206.18,87000.164,90874.75,94749.336,100265.7,65525.742,downtrend,neutral,65525.742,87000.164,3287.947,3771.4958,22.077604,744829.3
2025-04-02,85121.0,88500.0,82300.0,82485.1,348964.38,29832753000.0,84369.12,88742.35,,-1058.865,-1101.2902,42.425213,-1945.6819,43.486324,43.90251,88126.83,84369.12,80611.41,107720.97,28.977676,25.27148,83041.03,88351.484,92643.5,96935.516,103046.18,64563.543,downtrend,neutral,64563.543,88351.484,3495.9507,3820.066,21.059124,395864.94
2025-04-03,82485.1,83889.2,81172.2,83181.5,239163.52,19745608000.0,84468.93,88501.02,,-1060.1031,-1093.0527,32.949635,-1920.8656,45.2286,44.990536,87975.41,84468.93,80962.46,107667.63,31.687023,29.819698,83307.59,88782.95,93208.25,97633.55,103933.97,64256.32,downtrend,neutral,64256.32,88782.95,3440.3115,3798.0046,19.656624,635028.44
2025-04-04,83181.7,84686.2,81624.6,83861.3,353109.22,29383846000.0,84465.195,88272.836,,-994.7632,-1073.3949,78.63165,-1856.0533,46.947987,46.06279,87974.08,84465.195,80956.31,107576.21,26.253347,28.972683,83307.59,88782.95,93208.25,97633.55,103933.97,64256.32,downtrend,neutral,64256.32,88782.95,3413.2607,3783.2766,18.658398,988137.7
2025-04-05,83861.4,84244.5,82333.8,83506.1,99574.2,8287352000.0,84427.25,88037.97,,-960.56964,-1050.8298,90.260155,-1809.1185,46.13308,45.575405,87959.49,84427.25,80895.016,107565.945,30.925617,29.621996,83307.59,88782.95,93208.25,97633.55,103933.97,64256.32,downtrend,neutral,64256.32,88782.95,3305.9348,3745.825,17.731472,888563.44
2025-04-06,83506.1,83790.5,77111.0,78390.0,281191.75,22582931000.0,84229.555,87692.71,,-1330.9551,-1106.8549,-224.10025,-2015.7488,36.346973,39.288445,88540.664,84229.555,79918.445,107686.445,25.751757,27.643574,83307.59,88782.95,93208.25,97633.55,103933.97,64256.32,downtrend,neutral,64256.32,88782.95,3546.9038,3804.4985,17.92454,607371.7
2025-04-07,78390.1,81200.0,74457.0,79140.0,693843.5,53937100000.0,83999.9,87391.05,,-1546.1465,-1194.7133,-351.43332,-2144.8389,38.409584,40.550762,88826.4,83999.9,79173.39,107759.67,25.041885,27.239754,83307.59,88782.95,93208.25,97633.55,103933.97,64256.32,downtrend,neutral,64256.32,88782.95,3775.1963,3863.2686,18.780834,1301215.2
2025-04-08,79140.1,80832.1,76200.1,76297.9,328409.53,25796581000.0,83696.65,86999.805,,-1923.8441,-1340.5394,-583.3047,-2386.5916,33.92355,37.452324,89517.96,83696.65,77875.336,107926.24,19.147875,23.313839,83307.59,88782.95,93208.25,97633.55,103933.97,64256.32,downtrend,neutral,64256.32,88782.95,3836.3967,3878.643,19.575964,972805.7
2025-04-09,76298.0,83554.9,74578.5,82588.0,560649.9,44072320000.0,83495.61,86745.76,,-1696.0625,-1411.644,-284.4185,-2266.8523,48.31204,46.883774,89162.54,83495.61,77828.68,107947.15,34.785778,26.325178,83307.59,88782.95,93208.25,97633.55,103933.97,64256.32,downtrend,neutral,64256.32,88782.95,4203.5396,3980.5981,19.162323,1533455.5
2025-04-10,82587.9,82706.9,78416.0,79560.2,293662.1,23687470000.0,83275.445,86420.58,,-1739.8066,-1477.2765,-262.53015,-2304.531,43.411667,43.563675,89172.91,83275.445,77377.99,108009.664,35.783188,29.905615,83307.59,88782.95,93208.25,97633.55,103933.97,64256.32,downtrend,neutral,64256.32,88782.95,4209.78,3986.8042,18.778227,1239793.4
2025-04-11,79560.3,84300.0,78935.5,83378.3,295777.88,24267637000.0,83243.445,86163.13,87149.2,-1449.6746,-1471.7561,22.08159,-2134.3186,50.262764,48.401752,89131.02,83243.445,77355.87,107986.25,52.589664,41.052876,83307.59,88782.95,93208.25,97633.55,103933.97,64256.32,downtrend,neutral,64256.32,88782.95,4292.26,4014.3582,17.790104,1535571.2
2025-04-12,83378.3,85884.2,82756.0,85237.8,158002.84,13313651000.0,83311.68,85966.234,87254.18,-1057.5063,-1388.9061,331.3998,-1885.1403,53.23246,50.568726,89256.64,83311.68,77366.73,107895.516,58.879395,49.084084,83307.59,88782.95,93208.25,97633.55,103933.97,64256.32,neutral,neutral,,,4209.113,3996.635,16.741995,1693574.1
2025-04-13,85237.9,86100.0,82991.5,83713.7,207038.38,17457668000.0,83200.7,85747.516,87357.16,-859.7814,-1283.0812,423.29987,-1738.8722,50.567425,48.80477,89023.234,83200.7,77378.18,107785.336,68.738396,60.069153,83307.59,88782.95,93208.25,97633.55,103933.97,64256.32,neutral,neutral,,,4130.4976,3978.8723,15.84586,1486535.8
2025-04-14,83713.8,85755.0,83630.9,84553.9,209349.36,17726845000.0,83062.16,85546.28,87454.23,-628.046,-1152.0742,524.02814,-1563.1086,51.99426,49.81801,88604.06,83062.16,77520.25,107661.76,71.52888,66.382225,83307.59,88782.95,93208.25,97633.55,103933.97,64256.32,neutral,neutral,,,3987.1833,3941.7769,15.013735,1695885.1
2025-04-15,84553.9,86443.0,83560.0,83608.7,184522.19,15709861000.0,82883.055,85310.11,87543.52,-514.73035,-1024.6055,509.87506,-1452.2753,50.23749,48.679955,88089.484,82883.055,77676.625,107537.18,67.66194,69.30974,83307.59,88782.95,93208.25,97633.55,103933.97,64256.32,neutral,neutral,,,3908.3132,3920.6013,14.511829,1511362.9
2025-04-16,83608.6,85493.5,83063.9,83990.0,209441.42,17600465000.0,82745.734,85050.78,87634.36,-389.6673,-897.6178,507.9505,-1331.1864,50.957375,49.171783,87668.266,82745.734,77823.2,107279.8,72.20116,70.46399,83307.59,88782.95,93208.25,97633.55,103933.97,64256.32,neutral,neutral,,,3802.6907,3890.7812,13.815826,1720804.4
2025-04-17,83990.1,85441.5,83700.0,84915.0,141033.19,11925437000.0,82637.34,84846.914,87731.09,-213.45361,-760.785,547.33136,-1174.7494,52.743366,50.383,87254.32,82637.34,78020.37,107170.55,77.31846,72.39385,83307.59,88782.95,93208.25,97633.55,103933.97,64256.32,neutral,neutral,,,3655.463,3847.7957,13.1695385,1861837.5
2025-04-18,84914.9,85100.0,84260.0,84421.0,55218.844,4669701000.0,82639.26,84627.234,87836.66,-112.36933,-631.1018,518.7325,-1059.822,51.66133,49.718628,87259.16,82639.26,78019.36,107102.97,83.30553,77.608376,83307.59,88782.95,93208.25,97633.55,103933.97,64256.32,neutral,neutral,,,3454.3584,3787.64,12.569413,1806618.8
2025-04-19,84421.0,85600.0,84317.2,85046.9,73380.56,6243873300.0,82755.555,84424.12,87958.01,18.037659,-501.27393,519.3116,-924.965,52.97759,50.585487,87487.7,82755.555,78023.4,107071.17,86.24479,82.28959,83307.59,88782.95,93208.25,97633.55,103933.97,64256.32,neutral,neutral,,,3299.247,3737.543,12.25819,1879999.2
2025-04-20,85046.9,85283.6,83900.0,85138.8,90651.82,7672459000.0,82888.22,84308.195,88080.586,127.33388,-375.55237,502.88626,-800.4425,53.179184,50.71648,87722.87,82888.22,78053.57,107001.5,86.86718,85.472496,83307.59,88782.95,93208.25,97633.55,103933.97,64256.32,neutral,neutral,,,3162.415,3690.464,11.725887,1970651.1
2025-04-21,85138.9,88418.2,85100.0,87466.0,274069.88,23894438000.0,83123.86,84286.87,88214.28,397.1593,-221.01004,618.1693,-573.61346,58.080322,53.961494,88331.28,83123.86,77916.445,106928.61,90.19701,87.76965,83307.59,88782.95,93208.25,97633.55,103933.97,64256.32,neutral,neutral,,,3173.5427,3683.0188,12.611907,2244721.0
2025-04-22,87466.0,94142.5,87017.5,93404.9,334005.1,30146810000.0,83518.336,84454.07,88371.03,1077.7933,38.75064,1039.0427,-79.861626,67.44566,60.86598,90290.96,83518.336,76745.72,106909.234,92.82286,89.96235,83307.59,88782.95,93208.25,97633.55,103933.97,64256.32,neutral,neutral,,,3455.7896,3751.8584,14.980857,2578726.0
2025-04-23,93404.9,94904.3,91898.0,93632.1,232748.42,21736792000.0,84049.15,84617.055,88529.08,1616.8954,354.37958,1262.5157,354.0555,67.74258,61.10032,92050.49,84049.15,76047.805,106893.88,93.877945,92.29927,83307.59,88782.95,93208.25,97633.55,103933.97,64256.32,neutral,neutral,,,3423.683,3736.9473,17.33275,2811474.5
2025-04-24,93632.2,93980.6,91619.0,93931.6,157092.73,14589478000.0,84561.055,84792.18,88684.79,2044.7343,692.4505,1352.2837,738.2594,68.15489,61.420086,93585.04,84561.055,75537.07,106839.78,94.14093,93.61391,83307.59,88782.95,93208.25,97633.55,103933.97,64256.32,neutral,neutral,,,3347.82,3709.4404,19.355453,2968567.2
2025-04-25,93931.5,95769.6,92788.0,94591.8,191830.48,18114329000.0,85072.03,84948.26,88846.8,2409.2993,1035.8203,1373.4791,1096.0724,69.09272,62.140415,95044.98,85072.03,75099.09,106682.14,92.38081,93.46656,83307.59,88782.95,93208.25,97633.55,103933.97,64256.32,neutral,neutral,,,3321.6616,3694.8835,21.603718,3160397.8
2025-04-26,94591.8,95157.1,93833.0,94575.7,72538.21,6848478000.0,85599.16,84954.67,89009.016,2666.1865,1361.8936,1304.2931,1395.7172,69.03932,62.11072,96326.914,85599.16,74871.4,106540.45,91.838295,92.78668,83307.59,88782.95,93208.25,97633.55,103933.97,64256.32,neutral,neutral,,,3178.9785,3647.4678,23.691393,3087859.5
2025-04-27,94575.7,95280.5,93547.3,93697.1,83816.18,7891352600.0,86328.07,85091.12,89174.47,2766.98,1642.9109,1124.0691,1601.0049,66.0399,60.455368,97077.53,86328.07,75578.6,106220.9,88.43152,90.883545,83307.59,88782.95,93208.25,97633.55,103933.97,64256.32,neutral,neutral,,,3075.7087,3609.1826,25.443047,3004043.2
2025-04-28,93697.0,95578.8,92700.0,94969.0,194420.72,18333704000.0,87081.83,85231.54,89347.84,2915.8787,1897.5044,1018.3742,1832.1158,68.194145,61.994995,97928.89,87081.83,76234.766,105898.82,89.34799,89.872604,83307.59,88782.95,93208.25,97633.55,103933.97,64256.32,neutral,neutral,,,3061.6438,3594.575,26.513796,3198464.0
2025-04-29,94969.0,95426.4,93678.7,94200.1,147831.8,14010735000.0,87934.31,85297.61,89506.305,2937.971,2105.5977,832.3732,1982.1101,65.48957,60.499832,98046.3,87934.31,77822.336,105692.55,88.344864,88.70813,83307.59,88782.95,93208.25,97633.55,103933.97,64256.32,neutral,neutral,,,2967.7905,3557.6375,27.508062,3050632.2
2025-04-30,94200.1,95186.5,92848.1,94125.1,170929.31,16099511000.0,88483.7,85374.65,89661.05,2915.8157,2267.6414,648.17444,2096.6948,65.217865,60.35076,98627.695,88483.7,78339.7,105444.555,89.24034,88.97773,83307.59,88782.95,93208.25,97633.55,103933.97,64256.32,neutral,neutral,,,2922.8342,3533.2527,27.86633,2879703.0
2025-05-01,94125.2,97388.0,94086.7,96423.3,184526.75,17724494000.0,89286.7,85550.46,89828.97,3048.5613,2423.8252,624.7359,2299.091,69.40642,63.26321,99143.734,89286.7,79429.67,105063.38,88.95662,88.847275,83307.59,88782.95,93208.25,97633.55,103933.97,64256.32,neutral,neutral,,,2949.8674,3528.6135,28.866549,3064229.8
2025-05-02,96423.2,97865.4,96283.1,96831.2,139197.53,13503167000.0,89927.32,85744.03,89982.8,3150.3616,2569.1326,581.22906,2481.0396,70.094765,63.759315,99912.91,89927.32,79941.734,104808.836,90.60571,89.60089,83307.59,88782.95,93208.25,97633.55,103933.97,64256.32,neutral,neutral,,,2852.184,3489.6873,29.925419,3203427.2
2025-05-03,96831.2,96868.4,95700.0,95803.3,71420.63,6871383000.0,90430.44,86018.84,90126.59,3112.2205,2677.7502,434.47037,2572.8052,66.06107,61.55965,100484.65,90430.44,80376.23,104513.09,90.225494,89.929276,83307.59,88782.95,93208.25,97633.55,103933.97,64256.32,neutral,neutral,,,2731.9138,3443.2615,30.50241,3132006.5
2025-05-04,95803.3,96266.6,94116.4,94230.2,94260.875,8988012000.0,90931.23,86303.61,90259.78,2921.3816,2726.4763,194.9051,2559.7458,60.338375,58.326168,100639.0,90931.23,81223.45,104126.664,83.11726,87.98283,83307.59,88782.95,93208.25,97633.55,103933.97,64256.32,neutral,neutral,,,2690.3628,3417.4004,30.015453,3037745.8
2025-05-05,94230.2,95165.1,93445.1,94696.7,154902.38,14600852000.0,91414.21,86518.17,90396.26,2775.7854,2736.3381,39.447163,2559.1062,61.406086,58.996788,100808.984,91414.21,82019.44,103747.734,75.84899,83.06392,83307.59,88782.95,93208.25,97633.55,103933.97,64256.32,neutral,neutral,,,2621.051,3383.4524,29.163752,3192648.0
2025-05-06,94696.7,96879.5,93327.0,96798.9,173683.06,16444016000.0,92042.32,86757.414,90538.22,2797.7783,2748.6262,49.152073,2650.874,65.865555,61.89796,101020.16,92042.32,83064.484,103525.96,75.07964,78.015305,83307.59,88782.95,93208.25,97633.55,103933.97,64256.32,neutral,neutral,,,2687.5833,3386.8333,29.02007,3366331.0
2025-05-07,96798.9,97700.0,95718.5,96988.4,185267.14,17927424000.0,92661.29,87046.555,90681.375,2798.2424,2758.5496,39.693035,2725.556,66.2442,62.151432,101109.86,92661.29,84212.72,103332.4,79.89194,76.94019,83307.59,88782.95,93208.25,97633.55,103933.97,64256.32,neutral,neutral,,,2637.1487,3358.7266,29.167313,3551598.2
2025-05-08,96988.4,104305.3,96831.5,103228.1,317422.47,31823810000.0,93533.34,87397.25,90852.414,3264.4712,2859.734,404.73743,3087.7664,75.77364,69.228775,102375.01,93533.34,84691.68,103423.37,86.534706,80.5021,83307.59,88782.95,93208.25,97633.55,103933.97,64256.32,neutral,neutral,,,2982.6238,3441.028,30.872559,3869020.8
2025-05-09,103228.0,104373.0,102240.0,102941.9,172883.92,17811570000.0,94415.29,87736.14,91030.28,3569.7175,3001.7305,567.98694,3367.7073,74.73153,68.610886,103139.32,94415.29,85691.26,103385.734,88.13934,84.85533,83307.59,88782.95,93208.25,97633.55,103933.97,64256.32,neutral,neutral,,,2921.9363,3414.8674,32.467754,3696136.8
2025-05-10,102941.9,105000.1,102784.0,104788.8,104384.54,10820371000.0,95355.38,88140.64,91217.19,3915.521,3184.4885,731.03235,3682.5635,76.93593,70.40093,104093.414,95355.38,86617.35,103391.77,92.24675,88.9736,83307.59,88782.95,93208.25,97633.55,103933.97,64256.32,neutral,neutral,,,2871.5195,3390.892,34.061916,3800521.2
2025-05-11,104788.8,104950.0,103283.3,104072.7,139136.42,14486322000.0,96256.99,88506.27,91404.32,4084.7036,3364.5317,720.17194,3897.5476,74.23187,68.80353,104484.664,96256.99,88029.33,103475.39,92.82748,91.07119,83307.59,88782.95,93208.25,97633.55,103933.97,64256.32,neutral,neutral,,,2785.461,3356.4082,35.54221,3661385.0
2025-05-12,104072.7,105863.1,100678.0,102739.3,256542.7,26551603000.0,96984.3,88871.234,91577.15,4064.3367,3504.4927,559.844,3995.2012,69.34455,65.88091,104656.47,96984.3,89312.125,103570.62,88.913605,91.32928,83307.59,88782.95,93208.25,97633.55,103933.97,64256.32,neutral,neutral,,,2956.8638,3392.9822,35.369186,3404842.2
2025-05-13,102739.3,104949.2,101400.0,104082.0,162368.33,16783134000.0,97492.73,89185.28,91764.24,4109.1724,3625.4285,483.74377,4125.854,71.38742,67.34743,105553.97,97492.73,89431.49,103838.9,84.92457,88.88855,83307.59,88782.95,93208.25,97633.55,103933.97,64256.32,neutral,neutral,,,2999.1736,3396.1064,35.208523,3567210.5
2025-05-14,104082.0,104319.0,102536.0,103458.1,126264.09,13068577000.0,97960.63,89535.73,91946.17,4047.7021,3709.8833,337.8188,4185.738,69.0837,65.9641,106209.695,97960.63,89711.57,103937.74,81.04296,84.96038,83307.59,88782.95,93208.25,97633.55,103933.97,64256.32,neutral,neutral,,,2912.304,3363.8445,35.059338,3440946.5
2025-05-15,103458.1,104162.8,101270.8,103714.5,176344.11,18109800000.0,98426.484,89893.26,92124.78,3973.8674,3762.6802,211.1874,4228.83,69.519035,66.26312,106816.55,98426.484,90036.43,104180.92,83.330376,83.099304,83307.59,88782.95,93208.25,97633.55,103933.97,64256.32,neutral,neutral,,,2910.8538,3354.4075,34.17671,3617290.5
2025-05-16,103714.2,104524.2,103062.3,103412.2,115513.05,11990203000.0,98846.51,90249.75,92292.14,3846.6187,3779.4678,67.150764,4229.4146,68.29794,65.5502,107309.44,98846.51,90383.57,104440.7,81.37512,81.91615,83307.59,88782.95,93208.25,97633.55,103933.97,64256.32,neutral,neutral,,,2807.357,3316.5574,33.486916,3501777.5
2025-05-17,103412.2,103658.0,102541.6,103079.6,90372.67,9316018000.0,99251.45,90559.484,92443.84,3676.5537,3758.885,-82.3312,4192.137,66.90551,64.74546,107671.914,99251.45,90830.99,104682.43,80.3687,81.6914,83307.59,88782.95,93208.25,97633.55,103933.97,64256.32,neutral,neutral,,,2686.5742,3272.5542,32.533398,3411404.8
2025-05-18,103079.5,106629.8,103052.2,106407.6,173224.28,18124063000.0,99856.71,90903.92,92614.13,3766.8955,3760.487,6.4084883,4305.7046,72.86651,68.77318,108419.24,99856.71,91294.19,105086.56,85.525024,82.42294,83307.59,88782.95,93208.25,97633.55,103933.97,64256.32,neutral,neutral,,,2750.219,3278.655,32.662407,3584629.0
2025-05-19,106407.5,107114.3,102038.8,105531.6,257825.61,26840365000.0,100359.695,91234.14,92790.19,3724.8684,3753.3633,-28.495054,4337.476,69.32678,66.66808,108955.55,100359.695,91763.84,105438.1,88.21546,84.703064,83307.59,88782.95,93208.25,97633.55,103933.97,64256.32,neutral,neutral,,,2916.3105,3314.592,32.193966,3326803.5
2025-05-20,105531.5,107292.5,104115.2,106800.1,226187.25,23924085000.0,100959.695,91596.44,92976.71,3750.683,3752.8274,-2.1441522,4406.3784,71.48681,68.150375,109510.87,100959.695,92408.52,105847.34,94.19864,89.31304,83307.59,88782.95,93208.25,97633.55,103933.97,64256.32,neutral,neutral,,,2934.9526,3311.8462,31.819557,3552990.8
2025-05-21,106800.0,110830.0,106037.9,109609.5,413589.84,44576305000.0,101697.05,92004.04,93177.92,3952.2773,3792.7173,159.56001,4583.728,75.5872,71.135414,110432.125,101697.05,92961.97,106376.89,91.849144,91.42108,83307.59,88782.95,93208.25,97633.55,103933.97,64256.32,neutral,neutral,,,3067.606,3341.4512,32.49977,3966580.5
2025-05-22,109609.6,111959.5,109153.4,111662.7,246067.03,27295715000.0,102422.734,92500.08,93392.42,4228.969,3879.9678,349.00162,4815.103,78.069374,73.07209,111793.67,102422.734,93051.79,107053.89,94.79866,93.61548,83307.59,88782.95,93208.25,97633.55,103933.97,64256.32,neutral,neutral,,,3048.927,3330.7441,33.397205,4212647.5
2025-05-23,111662.6,111770.4,106721.9,107271.5,279480.34,30543710000.0,102919.89,92948.56,93589.61,4047.2622,3913.4268,133.83563,4769.2935,63.256016,63.50385,112158.33,102919.89,93681.45,107418.96,82.3652,89.671005,83307.59,88782.95,93208.25,97633.55,103933.97,64256.32,neutral,neutral,,,3191.7537,3365.0994,32.90197,3933167.2
2025-05-24,107271.6,109440.2,106836.0,107698.9,165158.77,17895242000.0,103486.34,93409.4,93781.336,3892.871,3909.3154,-16.44441,4727.6494,63.972557,63.98579,112361.52,103486.34,94611.17,107829.86,72.68271,83.28219,83307.59,88782.95,93208.25,97633.55,103933.97,64256.32,neutral,neutral,,,3149.7856,3349.8813,32.44211,4098326.0
2025-05-25,107699.0,109285.1,106497.0,108955.9,159465.8,17159184000.0,104187.57,93890.1,93948.22,3827.8196,3893.0164,-65.19667,4731.256,66.068344,65.39687,112322.734,104187.57,96052.41,108274.62,64.68496,73.244286,83307.59,88782.95,93208.25,97633.55,103933.97,64256.32,neutral,neutral,,,3123.951,3338.6458,31.831617,4257792.0
2025-05-26,108956.0,110400.0,108616.6,109386.8,146992.22,16103266000.0,104887.1,94331.3,94115.86,3767.6055,3867.934,-100.32877,4732.228,66.781715,65.8781,112113.09,104887.1,97661.1,108729.88,70.51343,69.2937,83307.59,88782.95,93208.25,97633.55,103933.97,64256.32,neutral,neutral,,,3028.1973,3307.5408,31.629549,4404784.0
2025-05-27,109386.8,110700.0,107438.0,108889.3,223599.9,24452830000.0,105462.836,94811.375,94277.89,3637.8066,3821.9087,-184.102,4684.523,65.08048,64.785866,111903.28,105462.836,99022.39,109183.734,73.52758,69.575325,83307.59,88782.95,93208.25,97633.55,103933.97,64256.32,neutral,neutral,,,3044.8975,3306.63,30.787882,4181184.2
2025-05-28,108889.2,109252.6,106723.9,107723.1,158417.77,17119396000.0,105974.01,95257.586,94433.13,3401.6257,3737.852,-336.2263,4562.0024,61.14812,62.245758,111239.75,105974.01,100708.27,109579.625,69.19083,71.07728,83307.59,88782.95,93208.25,97633.55,103933.97,64256.32,neutral,neutral,,,3008.0261,3291.0713,29.627422,4022766.5
2025-05-29,107723.1,108860.0,105054.2,105539.9,213101.25,22850298000.0,106084.09,95651.74,94558.78,3003.6604,3591.0137,-587.35333,4325.278,54.50811,57.791786,111210.42,106084.09,100957.766,109877.03,55.644226,66.12088,83307.59,88782.95,93208.25,97633.55,103933.97,64256.32,neutral,neutral,,,3065.01,3301.366,27.729406,3809665.2
2025-05-30,105539.9,106266.0,103555.0,103950.0,219701.3,23083176000.0,106132.1,96023.445,94634.88,2530.805,3378.972,-848.1671,4021.7566,50.23038,54.793766,111157.72,106132.1,101106.48,110089.88,38.307083,54.380714,83307.59,88782.95,93208.25,97633.55,103933.97,64256.32,neutral,neutral,,,3039.7236,3289.5586,26.181189,3589963.8
2025-05-31,103949.9,104859.3,103032.1,104544.7,103607.84,10771231000.0,106120.48,96498.99,94717.75,2178.9333,3138.9644,-960.03094,3771.872,51.75553,55.696426,111159.586,106120.48,101081.37,110285.47,26.604977,40.18543,83307.59,88782.95,93208.25,97633.55,103933.97,64256.32,neutral,neutral,,,2953.1147,3260.3115,24.9592,3693571.8
2025-06-01,104544.6,105823.6,103704.1,105583.3,97420.24,10189735000.0,106192.41,96979.77,94793.6,1961.2706,2903.4255,-942.1549,3591.2915,54.384556,57.261326,111155.08,106192.41,101229.734,110565.17,26.750801,30.554287,83307.59,88782.95,93208.25,97633.55,103933.97,64256.32,neutral,neutral,,,2893.5708,3237.4954,23.357098,3790992.0
2025-06-02,105583.3,105900.0,103600.6,105814.3,158252.92,16568774000.0,106338.836,97516.44,94885.76,1786.8138,2680.1033,-893.2893,3430.4888,54.972286,57.610996,111060.95,106338.836,101616.73,110842.93,30.717453,28.02441,83307.59,88782.95,93208.25,97633.55,103933.97,64256.32,neutral,neutral,,,2851.1301,3218.7334,21.91738,3949244.8
2025-06-03,105814.4,106775.0,104822.4,105330.1,139216.0,14728116000.0,106398.27,97929.93,94957.03,1591.1431,2462.3113,-871.16815,3251.64,53.418633,56.591957,111035.93,106398.27,101760.61,111103.984,30.87801,29.448755,83307.59,88782.95,93208.25,97633.55,103933.97,64256.32,neutral,neutral,,,2786.9495,3193.4106,20.558123,3810028.8
2025-06-04,105330.1,105967.2,104111.7,104641.8,118534.125,12459563000.0,106454.64,98385.96,95027.03,1364.7999,2242.8088,-878.00903,3048.051,51.203262,55.13628,110975.28,106454.64,101933.99,111401.48,24.978905,28.858122,83307.59,88782.95,93208.25,97633.55,103933.97,64256.32,neutral,neutral,,,2720.4172,3166.6523,19.244072,3691494.8
2025-06-05,104641.8,105878.3,100305.1,101458.6,246238.67,25426534000.0,106347.21,98714.695,95084.82,917.98175,1977.8435,-1059.8617,2699.5823,42.43777,49.014095,111216.945,106347.21,101477.484,111607.46,17.944258,24.600391,83307.59,88782.95,93208.25,97633.55,103933.97,64256.32,neutral,neutral,,,2924.1875,3214.7834,19.565672,3445256.0
2025-06-06,101458.7,105283.0,101003.4,104240.0,174300.9,18075103000.0,106386.63,99060.19,95153.484,779.3273,1738.1403,-958.813,2527.2134,50.42388,53.727955,111173.39,106386.63,101599.875,111888.164,21.98198,21.635048,83307.59,88782.95,93208.25,97633.55,103933.97,64256.32,neutral,neutral,,,3021.0027,3236.0798,19.864304,3619557.0
2025-06-07,104240.1,105878.3,103800.1,105507.5,79833.17,8393331700.0,106502.25,99456.44,95219.34,762.92474,1543.0972,-780.1724,2430.5771,53.584217,55.68824,111076.484,106502.25,101928.016,112207.86,32.654182,24.193474,83307.59,88782.95,93208.25,97633.55,103933.97,64256.32,neutral,neutral,,,2953.6597,3212.922,19.801525,3699390.2
2025-06-08,105507.5,106482.6,104927.4,105676.5,75105.1,7939013600.0,106467.43,99840.484,95276.28,754.86096,1385.45,-630.589,2344.25,54.005226,55.9495,111055.13,106467.43,101879.734,112521.67,46.52506,33.720406,83307.59,88782.95,93208.25,97633.55,103933.97,64256.32,neutral,neutral,,,2853.7695,3179.7678,19.40019,3774495.2
2025-06-09,105676.5,110653.6,105253.2,110227.9,192956.4,20800390000.0,106691.07,100324.47,95335.59,1103.0154,1328.963,-225.94762,2486.2893,63.584904,62.244408,111525.695,106691.07,101856.44,113017.8,65.72646,48.301903,83307.59,88782.95,93208.25,97633.55,103933.97,64256.32,neutral,neutral,,,3035.6719,3224.1804,18.883644,3967451.8
2025-06-10,110228.0,110367.2,108282.0,110235.4,152216.97,16647654000.0,106854.66,100801.66,95392.16,1363.8143,1335.9332,27.88102,2595.6763,63.59836,62.253742,111919.94,106854.66,101789.37,113467.95,81.0302,64.42724,83307.59,88782.95,93208.25,97633.55,103933.97,64256.32,neutral,neutral,,,2967.781,3201.4006,18.403994,4119668.5
2025-06-11,110235.4,110350.0,108001.2,108600.0,134422.33,14691641000.0,106806.58,101232.3,95446.53,1422.1426,1353.1752,68.96747,2594.4539,58.520954,58.919132,111784.79,106806.58,101828.37,113872.03,90.524254,79.093636,83307.59,88782.95,93208.25,97633.55,103933.97,64256.32,neutral,neutral,,,2923.568,3184.3486,17.816792,3985246.2
2025-06-12,108600.1,108782.1,105602.0,105609.5,185790.19,19916220000.0,106518.336,101617.54,95484.78,1213.0763,1325.1554,-112.079094,2430.9114,50.57041,53.42461,111016.266,106518.336,102020.4,114160.164,75.790695,82.44838,83307.59,88782.95,93208.25,97633.55,103933.97,64256.32,neutral,neutral,,,2941.8918,3184.2637,16.919058,3799456.0
2025-06-13,105609.4,106141.1,102614.0,106027.3,245935.4,25704798000.0,106459.086,101999.0,95549.59,1068.7823,1273.8807,-205.09837,2299.818,51.560547,54.053165,110948.55,106459.086,101969.625,114453.2,62.236073,76.18367,83307.59,88782.95,93208.25,97633.55,103933.97,64256.32,neutral,neutral,,,2983.6924,3191.1204,17.155722,4045391.5
2025-06-14,106027.3,106173.6,104225.4,105359.9,79911.57,8391666000.0,106347.7,102366.66,95616.29,890.3119,1197.167,-306.8551,2142.8643,49.84298,52.856716,110824.64,106347.7,101870.766,114720.93,51.799454,63.275406,83307.59,88782.95,93208.25,97633.55,103933.97,64256.32,neutral,neutral,,,2909.7285,3166.262,17.359602,3965480.0
2025-06-15,105359.8,106099.4,104399.9,105534.6,78819.4,8299752400.0,106184.79,102695.18,95664.44,754.2748,1108.5885,-354.31378,2006.6893,50.309597,53.14179,110516.875,106184.79,101852.7,114985.8,51.558197,55.19791,83307.59,88782.95,93208.25,97633.55,103933.97,64256.32,neutral,neutral,,,2823.2837,3136.9268,17.548922,4044299.2
2025-06-16,105534.7,108900.0,104920.0,106750.1,166813.22,17887210000.0,106059.23,102937.82,95719.71,736.0602,1034.0829,-298.02267,1941.0012,53.547638,55.124218,110159.45,106059.23,101959.0,115280.47,53.88639,52.41468,83307.59,88782.95,93208.25,97633.55,103933.97,64256.32,neutral,neutral,,,2905.9062,3153.7883,16.387783,4211112.5
2025-06-17,106750.1,107727.4,103300.0,104508.0,226051.86,23808393000.0,105850.59,103135.56,95754.67,534.54443,934.1752,-399.63077,1763.0281,47.410458,50.94937,109796.55,105850.59,101904.65,115435.555,51.142357,52.19565,83307.59,88782.95,93208.25,97633.55,103933.97,64256.32,neutral,neutral,,,3014.5845,3179.2605,15.933923,3985060.8
2025-06-18,104508.0,105500.0,103426.1,104832.8,172706.4,18052952000.0,105712.96,103333.766,95796.46,396.47995,826.6361,-430.1562,1618.2858,48.334255,51.507996,109589.07,105712.96,101836.86,115548.086,48.8818,51.303516,83307.59,88782.95,93208.25,97633.55,103933.97,64256.32,neutral,neutral,,,2947.3926,3157.1533,15.512482,4157767.0
2025-06-19,104832.8,105185.7,103870.3,104607.1,87710.6,9170655000.0,105668.54,103515.87,95833.17,265.78696,714.4663,-448.67935,1475.1547,47.707123,51.08351,109572.836,105668.54,101764.25,115716.445,40.569706,46.86462,83307.59,88782.95,93208.25,97633.55,103933.97,64256.32,neutral,neutral,,,2830.8218,3120.3184,15.121143,4070056.5
2025-06-20,104607.1,106486.2,102255.3,103246.1,199102.14,20795552000.0,105635.02,103673.51,95869.945,51.79344,581.9317,-530.1383,1277.3518,43.99974,48.550182,109609.22,105635.02,101660.83,115848.82,30.964376,40.13863,83307.59,88782.95,93208.25,97633.55,103933.97,64256.32,neutral,neutral,,,2930.8274,3142.5298,15.395931,3870954.2
2025-06-21,103246.1,103940.6,100789.9,102079.8,120771.35,12390156000.0,105517.65,103825.92,95900.78,-209.49371,423.64664,-633.1403,1043.5287,41.055378,46.476303,109750.875,105517.65,101284.414,115905.88,20.739378,30.75782,83307.59,88782.95,93208.25,97633.55,103933.97,64256.32,neutral,neutral,,,2946.5325,3142.6934,16.16308,3750183.0
2025-06-22,102079.8,103362.6,98115.4,100904.7,293562.62,29530841000.0,105294.86,103933.84,95911.95,-505.55865,237.80559,-743.3642,779.6372,38.276184,44.466827,109961.125,105294.86,100628.586,115972.81,15.707094,22.470284,83307.59,88782.95,93208.25,97633.55,103933.97,64256.32,neutral,neutral,,,3110.866,3184.7834,17.656868,3456620.5
2025-06-23,100904.7,106050.0,99547.6,105290.9,297222.03,30424121000.0,105269.93,104135.49,95953.4,-381.8607,113.87233,-495.73303,769.4218,51.479244,52.513626,109930.43,105269.93,100609.44,116145.29,31.296854,22.58111,83307.59,88782.95,93208.25,97633.55,103933.97,64256.32,neutral,neutral,,,3353.1184,3251.1357,17.691462,3753842.5
2025-06-24,105291.0,106239.0,104570.8,106034.9,144449.89,15211187000.0,105303.49,104352.03,95984.56,-221.24425,46.849014,-268.09326,794.0406,53.303864,53.708298,109975.375,105303.49,100631.62,116304.39,48.514557,31.839502,83307.59,88782.95,93208.25,97633.55,103933.97,64256.32,neutral,neutral,,,3232.767,3219.477,17.636215,3898292.2
2025-06-25,106034.9,108095.7,105755.6,107280.0,159277.83,17055576000.0,105429.125,104549.43,96021.47,6.4403844,38.76729,-32.326904,873.3744,56.267754,55.668114,110164.52,105429.125,100693.72,116512.74,69.42528,49.745564,83307.59,88782.95,93208.25,97633.55,103933.97,64256.32,neutral,neutral,,,3169.0051,3201.8894,16.76045,4057570.2
2025-06-26,107280.1,108249.9,106500.0,106913.7,114433.38,12286992000.0,105688.89,104732.75,96050.04,155.53186,62.120205,93.41166,918.5229,55.15855,54.949497,110112.81,105688.89,101264.97,116677.99,77.097,65.01228,83307.59,88782.95,93208.25,97633.55,103933.97,64256.32,neutral,neutral,,,3067.6404,3172.8496,15.881361,3943136.8
2025-06-27,106913.8,107686.0,106313.1,107010.7,118637.45,12685404000.0,105820.83,104936.516,96098.34,278.3069,105.35754,172.94934,957.3823,55.409225,55.11062,110229.27,105820.83,101412.38,116891.625,83.01405,76.51211,83307.59,88782.95,93208.25,97633.55,103933.97,64256.32,neutral,neutral,,,2946.5876,3136.8508,15.142154,4061774.2
2025-06-28,107010.6,107538.0,106767.0,107241.0,35670.418,3824572000.0,105903.375,105173.08,96151.54,389.69806,162.22565,227.47241,997.33514,56.03761,55.507317,110350.016,105903.375,101456.74,117070.72,82.89351,81.00152,83307.59,88782.95,93208.25,97633.55,103933.97,64256.32,neutral,neutral,,,2791.1885,3089.5337,14.455747,4097444.5
2025-06-29,107240.9,108499.0,107112.6,108309.8,79448.33,8563401700.0,106028.77,105420.586,96187.51,557.78973,241.33846,316.45126,1079.9482,58.930218,57.34422,110589.79,106028.77,101467.75,117270.195,87.20861,84.372055,83307.59,88782.95,93208.25,97633.55,103933.97,64256.32,neutral,neutral,,,2690.8464,3055.471,13.50372,4176893.0
2025-06-30,108309.8,108783.9,106686.4,107087.4,114681.38,12341254000.0,105879.23,105607.66,96223.03,585.61554,310.19388,275.42166,1084.0626,54.512424,54.635414,110070.68,105879.23,101687.766,117416.33,87.74746,85.94986,83307.59,88782.95,93208.25,97633.55,103933.97,64256.32,neutral,neutral,,,2648.4646,3036.3115,12.669989,4062211.5
2025-07-01,107087.3,107499.9,105182.6,105637.9,120434.4,12798967000.0,105660.3,105764.914,96244.37,485.11304,345.1777,139.93535,1009.68506,49.749783,51.600567,109371.516,105660.3,101949.08,117546.12,83.045586,86.00055,83307.59,88782.95,93208.25,97633.55,103933.97,64256.32,neutral,neutral,,,2624.8098,3021.9314,12.59739,3941777.2
2025-07-02,105637.9,109690.4,105010.0,108800.0,177567.27,19179637000.0,105669.82,105866.23,96281.46,653.09076,406.7603,246.33041,1099.1489,58.30741,57.06361,109412.06,105669.82,101927.58,117776.69,82.30564,84.36623,83307.59,88782.95,93208.25,97633.55,103933.97,64256.32,neutral,neutral,,,2771.6377,3055.1008,11.947108,4119344.5
2025-07-03,108800.0,110484.0,108480.6,109545.2,141488.0,15492329000.0,105857.234,105986.28,96306.88,836.7007,492.74838,343.9523,1207.4047,60.03476,58.230267,109946.72,105857.234,101767.75,118021.12,85.07623,83.475815,83307.59,88782.95,93208.25,97633.55,103933.97,64256.32,neutral,neutral,,,2716.7637,3034.0667,11.689795,4260832.5
2025-07-04,109545.1,109732.3,107200.0,107935.4,132305.84,14316423000.0,105948.09,106043.49,96316.445,842.60254,562.71924,279.8833,1213.4364,54.757057,54.849773,110132.35,105948.09,101763.84,118199.67,88.03732,85.13973,83307.59,88782.95,93208.25,97633.55,103933.97,64256.32,neutral,neutral,,,2703.5876,3024.0315,10.88049,4128526.5
2025-07-05,107935.3,108368.1,107688.3,108153.4,36660.95,3960654300.0,106081.12,106117.69,96326.836,855.01447,621.1783,233.8362,1223.4263,55.32976,55.219425,110358.695,106081.12,101803.55,118379.76,84.32051,85.811356,83307.59,88782.95,93208.25,97633.55,103933.97,64256.32,neutral,neutral,,,2559.0315,2977.1467,10.128993,4165187.5
2025-07-06,108153.4,109684.7,107743.4,109145.8,72388.6,7864421400.0,106253.08,106234.17,96371.664,934.16095,683.77484,250.38617,1275.4706,57.939903,56.905872,110715.305,106253.08,101790.85,118535.65,82.77184,85.04322,83307.59,88782.95,93208.25,97633.55,103933.97,64256.32,neutral,neutral,,,2514.9077,2956.43,10.006478,4237576.0
2025-07-07,109145.8,109667.3,107456.0,108203.9,106397.58,11536683000.0,106322.31,106309.12,96425.51,910.3873,729.0973,181.29001,1266.496,54.674522,54.847393,110857.74,106322.31,101786.875,118612.5,76.78714,81.29317,83307.59,88782.95,93208.25,97633.55,103933.97,64256.32,neutral,neutral,,,2493.2214,2941.5273,9.736778,4131178.5
2025-07-08,108203.9,109180.0,107400.0,108873.1,95156.02,10320330000.0,106530.17,106407.57,96481.055,934.76996,770.2318,164.5381,1285.9503,56.54822,56.03384,111113.805,106530.17,101946.54,118687.54,73.2587,77.605896,83307.59,88782.95,93208.25,97633.55,103933.97,64256.32,neutral,neutral,,,2442.277,2918.2966,9.454416,4226334.5
2025-07-09,108873.2,112036.8,108273.5,111199.9,167834.73,18458202000.0,106833.37,106543.664,96550.74,1128.8341,841.9523,286.88184,1412.494,62.37259,59.88236,111757.47,106833.37,101909.266,118824.34,73.36739,74.47108,83307.59,88782.95,93208.25,97633.55,103933.97,64256.32,neutral,neutral,,,2536.636,2935.1968,10.455798,4394169.5
2025-07-10,111199.8,117500.0,110432.2,115979.2,225570.22,25573716000.0,107374.9,106772.16,96654.875,1649.2693,1003.4157,645.8536,1752.5914,70.9778,66.253265,113544.36,107374.9,101205.43,119187.98,82.16184,76.26265,83307.59,88782.95,93208.25,97633.55,103933.97,64256.32,neutral,neutral,,,2860.2905,3017.8489,12.909919,4619739.5
2025-07-11,115979.2,118882.8,115186.7,117500.0,199819.36,23468288000.0,108053.66,107034.34,96768.07,2159.5398,1234.6405,924.8993,2110.6516,73.086975,67.95363,115299.31,108053.66,100807.99,119536.29,88.64868,81.39264,83307.59,88782.95,93208.25,97633.55,103933.97,64256.32,neutral,neutral,,,2919.9912,3031.4138,15.467205,4819559.0
2025-07-12,117500.0,118176.9,116862.4,117389.3,63722.473,7488784400.0,108782.68,107234.016,96861.875,2525.8835,1492.8892,1032.9944,2400.705,72.67296,67.69294,116540.06,108782.68,101025.29,119872.805,89.03016,86.61356,83307.59,88782.95,93208.25,97633.55,103933.97,64256.32,neutral,neutral,,,2805.3132,2997.0757,17.841827,4755836.5
2025-07-13,117389.4,119655.0,117164.3,119038.3,90052.38,10670542000.0,109646.18,107479.59,96960.17,2915.664,1777.4441,1138.2201,2719.147,74.94937,69.521706,117733.63,109646.18,101558.73,120278.26,91.68521,89.78802,83307.59,88782.95,93208.25,97633.55,103933.97,64256.32,neutral,neutral,,,2782.8408,2986.948,20.341822,4845889.0
2025-07-14,119038.3,123300.0,118862.6,119816.5,221556.12,26804450000.0,110337.875,107716.25,97080.5,3249.8997,2071.9353,1177.9644,3016.7292,75.96685,70.35327,119258.76,110337.875,101417.0,120685.72,88.659134,89.791504,83307.59,88782.95,93208.25,97633.55,103933.97,64256.32,neutral,neutral,,,2901.0237,3015.957,23.25666,5067445.0
2025-07-15,119816.5,119919.4,115678.1,117738.5,269977.44,31656600000.0,110895.19,107864.055,97197.9,3308.9626,2319.3406,989.6219,3152.1785,68.02186,65.35383,120128.02,110895.19,101662.36,120803.33,82.111916,87.48542,83307.59,88782.95,93208.25,97633.55,103933.97,64256.32,neutral,neutral,,,2996.7576,3040.4639,24.326656,4797467.5
2025-07-16,117738.6,120100.0,117017.1,118590.7,159165.95,18903224000.0,111433.8,107990.016,97314.555,3385.5098,2532.5745,852.9353,3294.8364,69.43372,66.38253,121070.984,111433.8,101796.6,120951.195,73.76548,81.51218,83307.59,88782.95,93208.25,97633.55,103933.97,64256.32,neutral,neutral,,,3002.9106,3041.3127,25.358204,4956633.5
2025-07-17,118590.7,120951.5,117412.8,119176.6,164274.4,19529126000.0,112017.74,108206.48,97441.94,3453.64,2716.7876,736.8523,3429.6301,70.40128,67.08797,121969.58,112017.74,102065.91,120966.0,71.577065,75.81815,83307.59,88782.95,93208.25,97633.55,103933.97,64256.32,neutral,neutral,,,3041.1814,3051.2605,26.499249,5120908.0
2025-07-18,119176.5,120846.1,116788.9,117896.4,162246.9,19250655000.0,112536.11,108391.88,97567.625,3365.5361,2846.5374,518.9989,3463.7202,65.52089,64.00648,122524.68,112536.11,102547.54,121134.85,70.38454,71.90903,83307.59,88782.95,93208.25,97633.55,103933.97,64256.32,neutral,neutral,,,3113.7542,3071.3792,27.235838,4958661.0
2025-07-19,117896.5,118456.0,117245.9,117814.4,52531.19,6197161000.0,113039.6,108552.945,97688.95,3251.614,2927.5527,324.06143,3471.449,65.20907,63.809357,122975.58,113039.6,103103.625,121152.52,68.63443,70.19868,83307.59,88782.95,93208.25,97633.55,103933.97,64256.32,neutral,neutral,,,2977.7788,3034.1536,27.919813,4906129.5
2025-07-20,117814.3,118158.7,117618.0,117790.3,9500.253,1120339100.0,113491.055,108705.734,97805.0,3123.3809,2966.7183,156.66264,3459.4946,65.11099,63.74877,123387.83,113491.055,103594.28,121281.39,65.62076,68.21324,83307.59,88782.95,93208.25,97633.55,103933.97,64256.32,neutral,neutral,,,2803.7017,2984.2847,28.554934,4896629.5
