open_time,开盘价,最高价,最低价,收盘价,成交量,成交额,成交笔数,主动买入量,主动买入额,MA20,MA50,MA_LONG,MACD,MACD_Signal,MACD_Hist,RSI,RSI_Long,BB_Upper,BB_Middle,BB_Lower,BB_Long_Upper,BB_Long_Middle,BB_Long_Lower,Stoch_SlowK,Stoch_SlowD,OBV,ATR,ATR_Long,ATR_Ratio,ADX,Fib_Ret_0.382,Fib_Ret_0.500,Fib_Ret_0.618,Fib_Ret_0.236,Fib_Ret_0.786,Fib_Ret_0.000,Fib_Ret_1.000,Fib_Ext_1.272,Fib_Ext_1.414,Fib_Trend,Fib_High,Fib_Low,Fib_Signal,Fib_Support_Level,Fib_Resistance_Level,Fib_Price_Position,MA200,MACD_Long,MACD_Long_Signal
2024-12-13,99982.3,101869.5,99149.6,101371.9,152437.31,15327839000.0,3042727.0,76027.66,7643586600.0,97544.06,,,,,,56.06872,,102391.25,97544.06,92696.87,,,,73.616806,64.244385,-413952.88,4306.449,,,,,,,,,,,,,neutral,,,neutral,,,,,,
2024-12-14,101371.9,102638.0,100559.8,101381.0,107680.55,10931716000.0,2229858.0,53113.633,5393209300.0,97718.13,,,,,,56.085796,55.136395,102833.99,97718.13,92602.27,,,,74.23056,70.14898,-306272.3,4147.2886,,,,,,,,,,,,,neutral,,,neutral,,,,,,
2024-12-15,101381.0,105374.6,101200.1,104460.4,157733.92,16239310000.0,3101360.0,84467.83,8698623000.0,98027.66,,,,,,61.533867,58.873367,103895.9,98027.66,92159.414,,,,82.95897,76.93545,-148538.4,4149.2324,,,,,,,,,,,,,neutral,,,neutral,,,,,,
2024-12-16,104460.5,107777.0,103264.6,106023.2,274395.75,28967203000.0,5278040.0,138944.34,14670106000.0,98644.766,,,,,,63.976433,60.62126,105000.625,98644.766,92288.9,,,,87.159966,81.44984,125857.35,4175.173,,,,,,,,,,,,,neutral,,,neutral,,,,,,
2024-12-17,106023.2,108366.8,105252.0,106074.6,197773.9,21115020000.0,4179052.0,99997.28,10677742000.0,99313.96,,,,,,64.057274,60.67897,105698.664,99313.96,92929.26,,,,90.460045,86.85966,323631.25,4099.432,,,,,,,,,,,,,neutral,,,neutral,,,,,,
2024-12-18,106074.6,106484.6,99951.1,100181.1,328581.94,33924250000.0,6216898.0,155604.9,16069942000.0,99517.58,,,,,,50.158512,51.578365,105724.71,99517.58,93310.44,,,,77.4487,85.0229,-4950.673,4273.294,,,,,,,,,,,,,neutral,,,neutral,,,,,,
2024-12-19,100181.2,102756.7,95681.2,97434.4,372968.47,37081223000.0,7425449.0,179453.92,17848003000.0,99600.43,,,,,,45.23265,48.05167,105645.56,99600.43,93555.305,,,,55.33939,74.416046,-377919.12,4473.4517,,,,,,,,,,,,,neutral,,,neutral,,,,,,
2024-12-20,97434.3,98243.0,92272.6,97764.4,396188.78,37958726000.0,7747092.0,192090.03,18404614000.0,99612.25,,,,,,45.91982,48.495926,105641.984,99612.25,93582.51,,,,37.58618,56.791424,18269.658,4580.3765,,,17.314922,,,,,,,,,,neutral,,,neutral,,,,,,
2024-12-21,97764.5,99485.0,96375.0,97261.8,161258.48,15758502000.0,3335893.0,80347.266,7853654000.0,99649.71,,,,,,44.99387,47.841644,105610.4,99649.71,93689.016,,,,29.6057,40.843758,-142988.83,4475.3496,,,17.076248,,,,,,,,,,neutral,,,neutral,,,,,,
2024-12-22,97261.7,97437.9,94200.0,95153.5,148114.73,14215964000.0,3134938.0,70507.414,6767629000.0,99549.16,,,,,,41.23745,45.158176,105734.375,99549.16,93363.94,,,,27.674358,31.62208,-291103.56,4386.9604,,,17.327919,,,,,,,,,,neutral,,,neutral,,,,,,
2024-12-23,95153.4,96499.0,92464.4,94861.1,247211.86,23352439000.0,5207668.0,121829.03,11510199000.0,99500.14,,,,,,40.72957,44.792305,105815.51,99500.14,93184.766,,,,21.661219,26.313759,-538315.44,4361.7915,,,17.913713,,,,,,,,,,neutral,,,neutral,,,,,,
2024-12-24,94861.0,99450.0,93525.6,98627.2,211610.62,20467194000.0,3920298.0,109376.055,10580880000.0,99629.375,,,,,,49.377483,50.244106,105754.05,99629.375,93504.695,,,,24.489153,24.608244,-326704.78,4473.4067,,,17.542433,,,,,,,,,,neutral,,,neutral,,,,,,
2024-12-25,98626.9,99580.7,97570.0,99379.7,124696.89,12284102000.0,2722825.0,62253.484,6133707300.0,99663.18,,,,,,50.91844,51.254017,105774.12,99663.18,93552.234,,,,33.242203,26.464191,-202007.89,4297.499,,,17.158667,,,,,,,,,,neutral,,,neutral,,,,,,
2024-12-26,99379.6,99950.0,95153.0,95751.0,194857.66,18828964000.0,3878316.0,95170.88,9195864000.0,99603.625,,,223.10278,1133.6259,-910.5231,43.96799,46.47746,105840.234,99603.625,93367.02,,,,35.08531,30.938889,-396865.53,4333.1777,,,17.35438,,,,,,,,,,neutral,,,neutral,,,,,,
2024-12-27,95750.9,97564.5,93440.0,94258.9,206008.25,19664749000.0,4086656.0,102046.14,9741715000.0,99339.65,,,-104.95124,885.9104,-990.8617,41.46178,44.679695,105976.68,99339.65,92702.62,,,,26.037952,31.455154,-602873.75,4318.272,,,17.896214,,,,,,,,,,neutral,,,neutral,,,,,,
2024-12-28,94258.9,95700.0,94100.0,95259.1,67991.35,6441586700.0,1613529.0,35331.938,3347872000.0,99118.69,,,-280.98956,652.53046,-933.51996,43.77534,46.145878,105971.92,99118.69,92265.45,,,,17.503614,26.20896,-534882.44,4124.11,,,18.399345,,,,,,,,,,neutral,,,neutral,,,,,,
2024-12-29,95259.1,95300.0,92961.8,93700.0,95047.94,8949367000.0,1990464.0,44931.74,4231864600.0,98761.55,,,-540.0818,414.008,-954.0898,41.05173,44.227337,105918.664,98761.55,91604.43,,,,13.255707,18.932425,-629930.4,3996.5447,,,19.11454,,,,,,,,,,neutral,,,neutral,,,,,,
2024-12-30,93699.9,95031.6,91510.0,92759.3,222343.6,20718760000.0,4401173.0,111061.0,10352744000.0,98542.984,,,-811.9611,168.81416,-980.77527,39.456596,43.092316,106126.88,98542.984,90959.086,,,,11.61222,14.123847,-852273.94,3962.62,,,20.084145,,,,,,,,,,neutral,,,neutral,,,,,,
2024-12-31,92759.3,96254.3,92000.0,93548.9,178648.11,16839153000.0,3535447.0,91654.17,8640104000.0,98397.58,,,-952.73083,-55.494835,-897.236,41.51098,44.350998,106237.49,98397.58,90557.664,,,,9.965336,11.611088,-673625.8,3983.4543,,,20.497322,,,,,,,,,,neutral,,,neutral,,,,,,
2025-01-01,93548.8,95161.2,92796.5,94580.9,91236.66,8572615000.0,1804360.0,45712.48,4296719400.0,98086.42,,,-969.8384,-238.36354,-731.47485,44.17712,45.99037,105988.625,98086.42,90184.22,,,,16.110624,12.562727,-582389.2,3867.829,,,20.880987,,,,,,,,,,neutral,,,neutral,,,,,,
2025-01-02,94580.9,97822.4,94357.4,96967.5,181645.5,17520374000.0,3485887.0,91670.016,8844274000.0,97942.85,,,-781.80536,-347.0519,-434.75348,49.868343,49.595955,105811.53,97942.85,90074.17,,,,35.194313,20.423426,-400743.7,3839.0557,,,20.204706,,,,,,,,,,neutral,,,neutral,,,,,,
2025-01-03,96967.6,98949.0,96061.5,98145.7,125220.67,12191508000.0,2447503.0,62635.65,6100957000.0,97789.23,,,-531.5892,-383.95935,-147.6298,52.44588,51.281822,105508.67,97789.23,90069.77,,,,56.863087,36.056007,-275523.0,3771.0874,,,19.18078,,,,,,,,,,neutral,,,neutral,,,,,,
2025-01-04,98145.7,98760.9,97438.2,98173.2,71914.63,7047067000.0,1425236.0,34608.53,3391666200.0,97636.47,,,-327.29907,-372.62732,45.328224,52.50726,51.321728,105190.76,97636.47,90082.18,,,,74.07741,55.37827,-203608.38,3596.2026,,,18.229994,,,,,,,,,,neutral,,,neutral,,,,,,
2025-01-05,98173.2,98852.6,97227.0,98340.2,74949.29,7346604500.0,1416760.0,36787.547,3606330400.0,97345.03,,,-150.19092,-328.14,177.94911,52.904797,51.574627,104269.78,97345.03,90420.28,,,,79.49882,70.14644,-128659.09,3455.4453,,,17.419073,,,,,,,,,,neutral,,,neutral,,,,,,
2025-01-06,98340.2,102444.0,97872.6,102180.4,207493.33,20828553000.0,3872847.0,106223.516,10662927000.0,97162.04,,,296.62137,-203.18774,499.8091,60.99086,56.972134,103320.52,97162.04,91003.56,,,,85.82119,79.79914,78834.234,3535.1562,,,16.934582,,,,,,,,,,neutral,,,neutral,,,,,,
2025-01-07,102180.5,102762.1,96153.0,96920.3,258711.31,25560000000.0,4469033.0,124202.164,12272380000.0,96726.125,,,223.69855,-117.810486,341.50903,48.665344,49.10096,101421.62,96726.125,92030.63,,,,75.53276,80.284256,-179877.08,3754.7236,,,15.868991,,,,,,,,,,neutral,,,neutral,,,,,,
2025-01-08,96920.2,97242.2,92500.0,95014.1,262012.11,24890489000.0,5034341.0,125746.04,11946831000.0,96480.08,,,11.954485,-91.85749,103.81198,45.10779,46.648624,100962.27,96480.08,91997.88,,,,58.93783,73.430595,-441889.2,3825.2578,,,15.693815,,,,,,,,,,neutral,,,neutral,,,,,149.79805,251.75304
2025-01-09,95014.0,95358.7,91055.8,92505.9,257760.9,23994410000.0,4976061.0,122609.98,11417562000.0,96245.38,,,-354.16245,-144.31848,-209.84395,40.87376,43.637474,101010.33,96245.38,91480.445,,,,30.537224,55.002605,-699650.06,3859.375,,,15.905382,,,,,,,,,,neutral,,,neutral,,,,,-124.54075,176.49428
2025-01-10,92506.0,95882.5,92173.6,94675.5,261942.95,24636484000.0,4889944.0,131544.77,12376535000.0,96098.3,,,-463.89664,-208.23412,-255.66252,45.62799,46.75886,100857.3,96098.3,91339.3,,,,24.816683,38.097244,-437707.12,3848.6267,,,15.906146,,,,,,,,,,neutral,,,neutral,,,,,-249.99771,91.19588
2025-01-11,94675.6,94988.0,93802.1,94562.5,64661.76,6101597700.0,1369972.0,31163.719,2940960300.0,95969.76,,,-553.5984,-277.30698,-276.2914,45.42313,46.617676,100741.91,95969.76,91197.61,,,,24.421324,26.591743,-502368.9,3658.4321,,,15.906856,,,,,,,,,,neutral,,,neutral,,,,,-361.66342,0.62401885
2025-01-12,94562.4,95444.0,93661.1,94499.9,77298.13,7302019600.0,1571748.0,38243.258,3613115400.0,95938.63,,,-622.56244,-346.35806,-276.2044,45.301785,46.53594,100740.11,95938.63,91137.164,,,,30.099178,26.445728,-579667.0,3524.4656,3950.312,0.8921993,15.718896,,,,,,,,,,neutral,,,neutral,,,,,-458.4593,-91.19264
2025-01-13,94499.9,95934.5,88909.0,94485.3,361150.5,33357740000.0,6407451.0,174597.8,16132784000.0,95920.734,,,-670.66406,-411.21927,-259.44482,45.271408,46.51597,100740.91,95920.734,91100.57,,,,33.209885,29.243462,-940817.5,3774.5393,4011.8157,0.9408556,16.805649,,,,,,,,,,neutral,,,neutral,,,,,-539.6575,-180.8856
2025-01-14,94485.4,97353.9,94305.4,96514.9,212859.66,20455516000.0,4065158.0,109290.336,10503730000.0,95820.16,,,-538.80225,-436.73587,-102.06637,50.264072,49.668934,100496.22,95820.16,91144.086,,,,41.52598,34.945015,-727957.9,3722.6794,3992.5496,0.9324066,17.2399,,,,,,,,,,neutral,,,neutral,,,,,-504.90363,-245.68921
2025-01-15,96514.9,100658.9,96450.2,100460.0,222417.56,21890263000.0,4026826.0,114044.234,11227791000.0,95871.59,,,-114.64263,-372.3172,257.6746,58.238914,55.07432,100723.625,95871.59,91019.56,,,,59.513035,44.749634,-505540.28,3757.3953,3996.8726,0.9400838,16.470888,,,,,,,,,,neutral,,,neutral,,,,,-275.40955,-251.63329
2025-01-16,100460.0,100850.0,97293.6,99937.4,216802.52,21512694000.0,3912749.0,106931.95,10609333000.0,96070.945,97459.43,,177.29372,-262.39502,439.68875,56.93653,54.263733,101221.59,96070.945,90920.3,,,,72.631874,57.890297,-722342.8,3743.0383,3988.063,0.9385605,15.69408,,,,,,,,,,neutral,,,neutral,,,,,-103.94509,-222.09564
2025-01-17,99937.4,105784.0,99902.0,104042.5,249449.97,25723722000.0,4489396.0,129505.27,13354795000.0,96536.836,97574.28,,731.4707,-63.62188,795.0926,63.787117,59.21479,102631.05,96536.836,90442.62,,,,84.22389,72.12293,-472892.84,3895.8213,4025.9417,0.9676795,15.580407,,,,,,,,,,neutral,,,neutral,,,,,248.43175,-127.990166
2025-01-18,104042.6,104962.1,102242.8,104524.3,167940.1,17403566000.0,3308318.0,82838.625,8586609700.0,96978.03,97693.625,,1195.7533,188.25316,1007.5001,64.5009,59.75172,103920.81,96978.03,90035.26,,,,87.27491,81.37689,-304952.75,3811.7842,3999.8088,0.95299155,15.4748535,,,,,,,,,,neutral,,,neutral,,,,,572.5618,12.120229
2025-01-19,104524.3,106450.0,99600.0,101311.5,280949.2,29174847000.0,5347056.0,139324.61,14473673000.0,97340.484,97843.58,,1289.5889,408.5203,881.0686,56.503033,54.708847,104355.25,97340.484,90325.73,,,,84.30696,85.268585,-585901.94,4028.7996,4056.8127,0.99309474,14.530458,,,,,,,,,,neutral,,,neutral,,,,,686.1902,146.93422
2025-01-20,101311.5,110000.0,99501.0,102247.6,530508.2,55636480000.0,10954393.0,264671.22,27754752000.0,97792.31,98029.516,,1423.0853,611.4333,811.652,58.132004,55.848827,104790.836,97792.31,90793.79,,,,75.49466,82.35884,-55393.746,4490.9565,4185.6562,1.0729396,14.5654,,,,,,,,,,neutral,,,neutral,,,,,826.7165,282.8907
2025-01-21,102247.7,107241.6,100097.2,106114.5,273296.8,28422392000.0,6773872.0,137255.69,14280891000.0,98390.67,98215.13,,1819.9297,853.13257,966.79706,64.11116,60.194504,105960.98,98390.67,90820.37,,,,71.8421,77.21458,217903.08,4680.4883,4244.8315,1.1026324,14.597845,,,,,,,,,,neutral,,,neutral,,,,,1136.0779,453.5281
2025-01-22,106115.4,106390.0,103211.6,103664.9,151243.53,15829574000.0,3771385.0,74815.09,7830997500.0,98823.24,98360.055,,1914.698,1065.4457,849.2523,58.41958,56.495773,106510.57,98823.24,91135.914,,,,71.59452,72.9771,66659.555,4573.1963,4223.503,1.082797,14.627973,,,,,,,,,,neutral,,,neutral,,,,,1272.4215,617.3068
2025-01-23,103664.9,106840.2,101211.0,103864.1,418154.03,43515003000.0,8556453.0,206938.75,21543148000.0,99151.66,98475.47,,1983.0173,1248.96,734.0573,58.740353,56.72283,107079.305,99151.66,91224.0,,,,74.14932,72.52865,484813.56,4648.625,4251.6167,1.0933782,13.964279,,,,,,,,,,neutral,,,neutral,,,,,1392.5933,772.3641
2025-01-24,103864.0,107076.5,102680.0,104808.1,165746.95,17435124000.0,3964568.0,83393.69,8775082000.0,99468.91,98626.98,,2089.2502,1417.0181,672.23224,60.303276,57.81831,107736.12,99468.91,91201.7,,,,72.08462,72.60949,650560.5,4630.616,4254.514,1.0884007,13.419634,,,,,,,,,,neutral,,,neutral,,,,,1535.577,925.00665
2025-01-25,104808.0,105274.7,104040.6,104702.0,65630.164,6869072000.0,1653111.0,32840.336,3437604600.0,99779.805,98762.195,,2140.2083,1561.6561,578.5521,60.028046,57.646103,108315.41,99779.805,91244.2,,,,73.7237,73.319214,584930.4,4388.008,4194.106,1.046232,12.913893,,,,,,,,,,neutral,,,neutral,,,,,1644.8453,1068.9744
2025-01-26,104702.0,105496.9,102450.3,102560.1,75787.086,7903655400.0,1627122.0,35869.344,3742535000.0,99980.75,98883.46,,1984.8789,1646.3007,338.57828,54.609425,54.22287,108569.85,99980.75,91391.66,,,,71.662796,72.49037,509143.28,4292.193,4171.156,1.0290177,12.118843,,,,,,,,,,neutral,,,neutral,,,,,1622.9504,1179.7697
2025-01-27,102560.0,103216.5,97680.0,102021.3,325689.88,32694557000.0,7400145.0,156956.5,15756518000.0,99973.18,98994.516,,1797.5813,1676.5568,121.0245,53.30589,53.385517,108554.78,99973.18,91391.57,,,,62.922604,69.43637,183453.39,4381.0723,4198.463,1.0434943,12.76902,,,,,,,,,,neutral,,,neutral,,,,,1569.1757,1257.6509
2025-01-28,102021.3,103797.0,100235.0,101279.6,169917.27,17380446000.0,3946858.0,83140.625,8505452000.0,100180.766,99041.97,,1571.1859,1655.4825,-84.29671,51.48404,52.21991,108667.305,100180.766,91694.22,,,,49.84313,61.476177,13536.136,4322.567,4185.7334,1.0326904,13.153858,,,,,,,,,,neutral,,,neutral,,,,,1478.2673,1301.7742
2025-01-29,101279.7,104755.0,101269.7,103698.2,169989.95,17464740000.0,3968545.0,85699.01,8805219000.0,100594.29,99163.73,,1568.842,1638.1545,-69.31241,56.683002,55.543365,108877.37,100594.29,92311.21,,,,45.069714,52.611816,183526.1,4262.762,4171.725,1.0218225,13.1483135,,,,,,,,,,neutral,,,neutral,,,,,1514.0793,1344.2351
2025-01-30,103698.1,106450.0,103224.5,104676.9,136967.4,14403072000.0,3003472.0,69611.53,7320676400.0,101173.86,99252.35,,1627.2002,1635.9636,-8.76346,58.61559,56.819527,108788.266,101173.86,93559.45,,,,47.613132,47.50866,320493.5,4188.672,4152.8003,1.0086379,12.531543,,,,,,,,,,neutral,,,neutral,,,,,1586.0631,1392.6007
2025-01-31,104676.9,106000.0,101509.0,102379.7,172237.81,17878626000.0,3554639.0,84961.164,8819625000.0,101540.73,99297.445,,1471.1263,1602.9962,-131.86986,52.675125,53.065323,108588.72,101540.73,94492.734,,,,48.44815,47.043667,148255.67,4210.267,4159.5645,1.0121894,12.478844,,,,,,,,,,neutral,,,neutral,,,,,1524.8191,1419.0444
2025-02-01,102379.8,102734.9,100215.0,100603.6,90863.09,9240331000.0,2078447.0,41605.58,4232004000.0,101828.4,99286.6,,1190.3981,1520.4766,-330.0785,48.57608,50.36387,108171.516,101828.4,95485.28,,,,39.55682,45.206036,57392.58,4089.5264,4126.771,0.99097484,12.797363,,,,,,,,,,neutral,,,neutral,,,,,1376.0262,1410.4408
2025-02-02,100603.6,101426.0,96029.6,97664.5,232934.69,22949597000.0,4938568.0,110296.11,10866285000.0,101979.09,99292.34,,722.43036,1360.8673,-638.43695,42.660053,46.27097,107742.5,101979.09,96215.69,,,,24.526678,37.510548,-175542.11,4182.8745,4152.1636,1.0073963,14.094917,,,,,,,,,,neutral,,,neutral,,,,,1094.9733,1347.3473
2025-02-03,97664.5,102456.0,91130.3,101293.7,455088.03,43861860000.0,9447064.0,223647.34,21568874000.0,102303.305,99377.63,,637.065,1216.1068,-579.0419,50.652092,51.392517,107013.86,102303.305,97592.75,,,,32.838516,32.30734,279545.9,4693.076,4295.6343,1.0925223,16.165207,,,,,,,,,,neutral,,,neutral,,,,,1030.6581,1284.0094
2025-02-04,101293.6,101729.3,96100.0,97709.9,262746.2,26009379000.0,5493800.0,129124.32,12780935000.0,102360.21,99315.72,,277.0361,1028.2927,-751.2566,44.113434,46.76997,106811.42,102360.21,97909.0,,,,38.68209,32.015762,16799.719,4759.949,4322.3076,1.1012518,18.08762,,,,,,,,,,neutral,,,neutral,,,,,791.3253,1185.4727
2025-02-05,97710.0,99124.2,96106.1,96553.2,151379.67,14787603000.0,3469799.0,75494.664,7375762000.0,102174.17,99253.37,,-100.46726,802.5407,-903.00793,42.219074,45.386486,107215.02,102174.17,97133.32,,,,46.11705,39.21255,-134579.95,4635.5317,4296.2236,1.0789782,19.872717,,,,,,,,,,neutral,,,neutral,,,,,524.90424,1053.3589
2025-02-06,96553.2,99093.0,95613.5,96515.1,161521.02,15732382000.0,3536819.0,81877.09,7976520700.0,102011.2,99165.06,,-398.1264,562.4073,-960.5337,42.15486,45.3401,107529.445,102011.2,96492.96,,,,36.345753,40.38163,-296100.97,4552.958,4279.889,1.0638028,21.617981,,,,,,,,,,neutral,,,neutral,,,,,292.58463,901.2041
2025-02-07,96515.0,100112.4,95555.0,96454.5,223373.62,21837468000.0,4285021.0,109960.02,10751019000.0,101649.875,99075.49,,-631.63226,323.59937,-955.2316,42.045322,45.262844,107567.99,101649.875,95731.75,,,,34.176655,38.879818,-519474.6,4553.2754,4285.4395,1.062499,22.765945,,,,,,,,,,neutral,,,neutral,,,,,89.45845,738.855
2025-02-08,96454.5,96850.0,95600.0,96411.9,69050.43,6644122600.0,1556064.0,33693.24,3242334200.0,101263.57,98929.16,,-810.7786,96.72377,-907.50244,41.962776,45.205986,107434.42,101263.57,95092.71,,,,34.332787,34.951733,-588525.0,4317.327,4224.7305,1.0219177,23.831911,,,,,,,,,,neutral,,,neutral,,,,,-86.79172,573.72565
2025-02-09,96412.0,97301.7,94650.1,96423.6,101177.29,9736103000.0,2020676.0,48790.48,4695821300.0,101030.81,98754.62,,-940.9625,-110.81349,-830.14905,41.996456,45.225826,107536.516,101030.81,94525.1,,,,34.59402,34.36782,-487347.75,4198.3467,4193.268,1.0012112,25.031876,,,,,,,,,,neutral,,,neutral,,,,,-236.46666,411.68716
2025-02-10,96423.6,98328.0,95200.1,97379.2,132932.55,12909987000.0,2797120.0,66003.414,6410343000.0,100798.984,98596.52,,-956.005,-279.8518,-676.15326,44.813576,46.87557,107459.84,100798.984,94138.12,,,,36.606026,35.177612,-354415.2,4121.886,4171.9604,0.98799735,25.623034,,,,,,,,,,neutral,,,neutral,,,,,-315.47638,266.25446
2025-02-11,97379.2,98482.2,94814.3,95731.4,154832.9,14974331000.0,2870437.0,78111.3,7555540500.0,100304.55,98515.62,,-1088.3442,-441.5503,-646.79395,41.106167,44.451504,106854.27,100304.55,93754.82,,,,35.125362,35.441803,-509248.1,4089.4585,4161.8794,0.982599,26.270319,,,,,,,,,,neutral,,,neutral,,,,,-463.84235,120.23509
2025-02-12,95731.4,98090.9,94003.9,97816.3,202448.08,19439639000.0,3777676.0,101345.23,9733748000.0,100026.04,98522.56,,-1013.30927,-555.9021,-457.40717,47.072506,48.02245,106477.17,100026.04,93574.914,,,,38.155666,36.629017,-306800.03,4089.283,4160.382,0.9829105,27.079538,,,,,,,,,,neutral,,,neutral,,,,,-484.131,-0.63812506
2025-02-13,97816.3,98053.8,95160.1,96560.6,142240.53,13680787000.0,2882655.0,70609.21,6791245300.0,99678.26,98500.67,,-1043.1432,-653.35034,-389.79294,44.17014,46.146423,106051.24,99678.26,93305.27,,,,36.732086,36.671036,-449040.53,4003.884,4135.0483,0.9682799,27.83096,,,,,,,,,,neutral,,,neutral,,,,,-561.84216,-112.87893
2025-02-14,96560.6,98792.8,96225.7,97445.1,144452.95,14050947000.0,2698910.0,72407.9,7044416500.0,99327.64,98504.01,,-984.07135,-719.4945,-264.57684,46.66471,47.65873,105332.69,99327.64,93322.586,,,,44.859577,39.915775,-304587.6,3901.2566,4103.689,0.9506706,28.085798,,,,,,,,,,neutral,,,neutral,,,,,-581.251,-206.55334
2025-02-15,97445.2,97941.2,97170.0,97538.0,47418.594,4625304000.0,1122506.0,23589.945,2301136600.0,98986.49,98547.36,,-919.1647,-759.4286,-159.73613,46.93291,47.820328,104527.57,98986.49,93445.42,,,,49.17074,43.587467,-257168.98,3677.6812,4037.0393,0.9109847,28.322435,,,,,,,,,,neutral,,,neutral,,,,,-590.2943,-283.30154
2025-02-16,97538.0,97665.8,96002.0,96067.0,56684.87,5495964700.0,1178659.0,28140.783,2728106500.0,98677.3,98569.29,,-975.18176,-802.5792,-172.60258,43.226334,45.48553,104109.805,98677.3,93244.8,,,,51.527153,48.519157,-313853.88,3533.8325,3989.5745,0.88576674,28.916046,,,,,,,,,,neutral,,,neutral,,,,,-668.6248,-360.36618
2025-02-17,96067.0,97000.0,95150.6,95743.2,105576.984,10136668000.0,2123453.0,52837.37,5073257500.0,98378.34,98516.85,,-1033.7869,-848.82074,-184.96611,42.43194,44.977966,103732.26,98378.34,93024.42,,,,40.89305,47.196983,-419430.84,3413.5159,3946.771,0.86488825,29.723036,,,,,,,,,,neutral,,,neutral,,,,,-748.44434,-437.9818
2025-02-18,95743.1,96737.3,93321.6,95622.0,179173.36,17034411000.0,3299676.0,88832.52,8445743000.0,98108.93,98448.52,,-1077.5898,-894.5745,-183.01527,42.119915,44.781574,103420.99,98108.93,92796.875,,,,33.32592,41.915375,-598604.2,3413.6719,3936.1497,0.8672617,30.966137,,,,,,,,,,neutral,,,neutral,,,,,-819.00775,-514.187
2025-02-19,95622.0,96878.7,95012.5,96598.0,124996.875,11992997000.0,2363817.0,63086.71,6053367000.0,97770.83,98463.93,,-1021.7706,-920.0138,-101.75685,45.589733,46.747677,102487.3,97770.83,93054.36,,,,34.87897,36.365982,-473607.34,3303.1382,3894.7507,0.84810007,32.02025,,,,,,,,,,neutral,,,neutral,,,,,-826.44446,-576.6385
2025-02-20,96597.9,98662.1,96366.0,98252.9,129180.17,12598925000.0,2405719.0,64867.84,6326977000.0,97464.92,98536.55,,-834.3787,-902.8868,68.50806,50.958202,49.922203,101046.89,97464.92,93882.95,,,,51.58008,39.928326,-344427.16,3231.207,3862.7776,0.8364983,31.805637,,,,,,,,,,neutral,,,neutral,,,,,-745.92566,-610.4959
2025-02-21,98252.8,99431.5,94830.4,96127.9,250618.27,24420590000.0,4068903.0,124529.31,12133862000.0,97167.22,98552.34,,-847.5687,-891.8231,44.254406,44.840206,46.20825,100033.49,97167.22,94300.945,,,,55.598457,47.3525,-595045.44,3329.0564,3877.5442,0.8585477,32.093616,,,,,,,,,,neutral,,,neutral,,,,,-779.6024,-644.3172
2025-02-22,96128.0,96988.0,95701.9,96503.3,65792.15,6345520000.0,1273107.0,32970.24,3180377600.0,96971.97,98603.31,,-818.2975,-877.11804,58.820534,46.071976,46.940453,99400.484,96971.97,94543.445,,,,56.87408,54.684204,-529253.3,3183.1309,3825.7153,0.83203554,32.361027,,,,,,,,,,neutral,,,neutral,,,,,-785.728,-672.59937
2025-02-23,96503.3,96602.9,95180.2,96218.4,69298.69,6647362600.0,1246308.0,32959.316,3161812700.0,96903.1,98666.2,,-808.7659,-863.4476,54.681694,45.24618,46.43676,99331.18,96903.1,94475.03,,,,48.472153,53.648228,-598552.0,3057.386,3777.655,0.80933434,32.776543,,,,,,,,,,neutral,,,neutral,,,,,-801.2818,-698.3359
2025-02-24,96218.4,96470.0,91300.0,91514.5,217488.75,20543195000.0,3909950.0,104378.44,9865665000.0,96437.43,98629.21,,-1167.3213,-924.22235,-243.09898,34.311146,39.153263,99061.766,96437.43,93813.09,,,,34.041325,46.462517,-816040.75,3208.2869,3805.5017,0.8430654,34.16098,,,,,,,,,,neutral,,,neutral,,,,,-1045.7688,-767.82245
2025-02-25,91514.5,92500.0,86020.4,88639.1,472296.5,41894200000.0,8369213.0,230468.66,20442958000.0,96005.484,98521.18,,-1664.3146,-1072.2408,-592.07385,29.601604,35.57215,100178.734,96005.484,91832.234,,,,23.191944,35.235138,-1288337.2,3441.9521,3858.984,0.89193225,36.29706,,,,,,,,,,neutral,,,neutral,,,,,-1393.3464,-892.92725
2025-02-26,88639.1,89367.1,82222.0,84208.5,401141.8,34536660000.0,6847973.0,193276.12,16645210000.0,95417.64,98289.2,,-2388.1685,-1335.4264,-1052.7422,24.1101,30.98673,101935.695,95417.64,88899.59,,,,11.235765,22.823011,-1689479.0,3706.4626,3924.706,0.94439244,38.6955,,,,,,,,,,neutral,,,neutral,,,,,-1905.0885,-1095.3595
2025-02-27,84208.6,87066.0,82667.0,84668.1,269408.53,22931081000.0,5083388.0,134703.89,11467445000.0,94853.5,98044.16,,-2891.4116,-1646.6234,-1244.7882,25.650927,31.94228,102790.29,94853.5,86916.71,,,,15.094356,16.507355,-1420070.5,3755.9297,3934.192,0.95468897,40.922626,,,,,,,,,,neutral,,,neutral,,,,,-2310.1226,-1338.3121
2025-02-28,84668.2,85084.5,78200.2,84299.6,536343.25,43686396000.0,9672296.0,262633.6,21393440000.0,94274.695,97791.91,,-3282.1357,-1973.7258,-1308.41,25.208982,31.574236,103351.06,94274.695,85198.33,,,,18.161682,14.830601,-1956413.8,3979.3848,3993.194,0.99654174,43.3794,,,,,,,,,,neutral,,,neutral,,,,,-2663.301,-1603.3099
2025-03-01,84299.6,86516.5,83779.0,86007.7,146996.67,12515888000.0,3014683.0,74405.41,6335244000.0,93779.26,97567.68,,-3414.597,-2261.9001,-1152.6968,31.13199,35.207714,103451.195,93779.26,84107.32,,,,26.571846,19.942627,-1809417.1,3890.6787,3968.0803,0.9804939,44.925495,,,,,,,,,,neutral,,,neutral,,,,,-2866.5474,-1855.9574
2025-03-02,86007.7,94971.0,85015.0,94222.8,364711.53,32943383000.0,6300424.0,186997.22,16884420000.0,93674.46,97422.99,,-2824.1284,-2374.3457,-449.78275,51.163757,48.90838,103276.95,93674.46,84071.96,106362.664,97589.58,88816.484,46.989586,30.574371,-1444705.5,4323.916,4087.8386,1.057751,43.157143,,,,,,,,,,neutral,,,neutral,,,,,-2615.2349,-2007.8129
2025-03-03,94222.0,94373.4,85029.0,86192.7,436032.4,39107650000.0,8664891.0,212309.8,19040500000.0,93141.766,97227.945,,-2969.9048,-2493.4575,-476.44724,39.17015,40.186733,103097.71,93141.766,83185.82,106535.63,97474.25,88412.86,49.96177,41.1744,-1880738.0,4682.522,4192.9697,1.1167554,41.5151,88034.43,92228.5,96422.57,82845.15,102393.8,74457.0,110000.0,64789.305,59742.2,downtrend,110000.0,74457.0,neutral,64789.305,88034.43,0.33018315,,-2788.7917,-2164.0088
2025-03-04,86193.3,88931.0,81200.0,87245.9,432434.8,36591014000.0,9150619.0,214743.47,18174067000.0,92737.695,97086.71,,-2966.256,-2588.0173,-378.23874,41.11969,41.620422,102926.49,92737.695,82548.9,106653.555,97367.1,88080.66,51.905754,49.619038,-1448303.1,4900.2705,4263.7305,1.1492918,40.70275,88034.43,92228.5,96422.57,82845.15,102393.8,74457.0,110000.0,64789.305,59742.2,downtrend,110000.0,74457.0,neutral,64789.305,88034.43,0.35981488,,-2870.5789,-2305.3228
2025-03-05,87245.9,91000.0,86328.0,90566.1,279001.1,24826778000.0,5960009.0,139026.34,12372571000.0,92392.445,97051.44,,-2664.7344,-2603.3606,-61.37378,46.89756,45.911858,102358.4,92392.445,82426.49,106687.984,97342.125,87996.26,46.164703,49.344078,-1169302.0,4883.9653,4271.896,1.1432781,39.31841,88034.43,92228.5,96422.57,82845.15,102393.8,74457.0,110000.0,119667.695,124714.805,neutral,110000.0,74457.0,neutral,,,,,-2760.144,-2396.2869
2025-03-06,90566.1,92780.3,87790.5,89887.8,303058.62,27350634000.0,6061685.0,151593.36,13681706000.0,92074.695,96964.39,,-2452.2417,-2573.137,120.89517,45.906467,45.19914,101913.5,92074.695,82235.89,106724.7,97320.79,87916.875,51.966045,50.01217,-1472360.8,4891.525,4286.254,1.1412121,37.520866,88034.43,92228.5,96422.57,82845.15,102393.8,74457.0,110000.0,119667.695,124714.805,neutral,110000.0,74457.0,neutral,,,,,-2685.8364,-2454.1968
2025-03-07,89887.9,91257.7,84600.0,86753.8,452474.2,39785180000.0,8215927.0,223754.97,19681724000.0,91565.586,96822.414,,-2507.8188,-2560.0732,52.254536,41.53853,42.03354,101346.41,91565.586,81784.766,106861.84,97229.27,87596.7,52.940018,50.356922,-1924834.9,5017.68,4333.683,1.1578329,36.479454,88034.43,92228.5,96422.57,82845.15,102393.8,74457.0,110000.0,64789.305,59742.2,downtrend,110000.0,74457.0,neutral,64789.305,88034.43,0.34596968,,-2765.5742,-2516.4724
2025-03-08,86753.8,86876.5,85108.0,86184.7,96106.19,8274280000.0,2043283.0,47297.676,4072452000.0,91024.95,96671.23,,-2568.1812,-2561.6948,-6.4862895,40.77974,41.479626,100679.805,91024.95,81370.1,107010.17,97134.18,87258.18,47.987995,50.964687,-2020941.1,4785.596,4282.3794,1.1175086,35.512424,88034.43,92228.5,96422.57,82845.15,102393.8,74457.0,110000.0,64789.305,59742.2,downtrend,110000.0,74457.0,neutral,64789.305,88034.43,0.32995808,,-2848.3772,-2582.8533
2025-03-09,86184.7,86470.6,79933.4,80688.8,221609.34,18439154000.0,4087644.0,106112.91,8831517000.0,90292.66,96420.38,,-3024.626,-2654.281,-370.34488,34.2693,36.590298,100616.34,90292.66,79968.97,107369.47,96965.9,86562.336,34.178818,45.03561,-2242550.5,4910.7104,4327.4756,1.1347748,35.503212,88034.43,92228.5,96422.57,82845.15,102393.8,74457.0,110000.0,64789.305,59742.2,downtrend,110000.0,74457.0,neutral,64789.305,88034.43,0.1753313,,-3179.7268,-2702.228
2025-03-10,80690.7,84031.5,77410.1,78567.8,416386.8,33576468000.0,7504174.0,208814.0,16845572000.0,89474.78,96094.07,,-3516.9673,-2826.8184,-690.149,32.136955,34.922253,100629.57,89474.78,78319.99,107815.695,96786.83,85757.96,21.20051,34.455776,-2658937.2,5032.903,4373.354,1.1508107,35.85543,88034.43,92228.5,96422.57,82845.15,102393.8,74457.0,110000.0,64789.305,59742.2,downtrend,110000.0,74457.0,neutral,64789.305,88034.43,0.11565709,,-3553.1821,-2872.419
2025-03-11,78567.8,83600.0,76560.0,82896.0,390779.16,31496850000.0,6700221.0,195834.16,15789737000.0,88868.78,95774.73,,-3517.356,-2964.9258,-552.4301,40.300423,40.713276,100004.59,88868.78,77732.96,108012.5,96643.14,85273.77,18.20936,24.529564,-2268158.0,5176.2666,4426.687,1.169332,36.29982,88034.43,92228.5,96422.57,82845.15,102393.8,74457.0,110000.0,64789.305,59742.2,downtrend,110000.0,74457.0,neutral,64789.305,88034.43,0.23743072,,-3638.3105,-3025.5972
2025-03-12,82896.0,84487.0,80578.5,83640.7,306171.12,25257040000.0,5204106.0,151645.58,12511699000.0,88251.766,95478.42,,-3418.1704,-3055.5747,-362.5956,41.60208,41.651306,99036.51,88251.766,77467.02,108180.06,96520.64,84861.21,26.48859,21.966154,-1961986.9,5085.712,4416.323,1.1515715,36.407444,86980.72,90849.3,94717.88,82194.164,100225.695,74457.0,107241.6,65539.586,60884.176,downtrend,107241.6,74457.0,neutral,65539.586,86980.72,0.28012237,,-3655.6687,-3151.6116
2025-03-13,83640.7,84307.1,79903.4,81085.4,247960.05,20339091000.0,4136157.0,122081.99,10013322000.0,87434.266,95061.02,,-3505.3489,-3145.5295,-359.81934,38.50014,39.40504,97650.32,87434.266,77218.21,108429.28,96372.36,84315.44,32.484383,25.727446,-2209947.0,5036.997,4416.071,1.1406059,36.614193,86917.65,90766.75,94615.85,82155.2,100095.93,74457.0,107076.5,65584.49,60952.527,downtrend,107076.5,74457.0,neutral,65584.49,86917.65,0.2032036,,-3779.9968,-3277.2886
2025-03-14,81085.5,85270.2,80772.0,83939.8,233544.7,19480400000.0,3668098.0,117011.97,9762569000.0,86853.88,94686.76,,-3306.0027,-3177.6243,-128.37856,43.5624,43.009945,96390.664,86853.88,77317.09,108523.6,96225.06,83926.516,34.374195,31.115723,-1976402.2,4998.511,4417.7134,1.1314702,36.451717,86917.65,90766.75,94615.85,82155.2,100095.93,74457.0,107076.5,65584.49,60952.527,downtrend,107076.5,74457.0,neutral,65584.49,86917.65,0.29070956,,-3724.6772,-3366.7664
2025-03-15,83939.9,84625.0,83564.5,84302.9,76674.97,6452002300.0,1360801.0,39046.914,3285717800.0,86272.91,94377.51,,-3083.1794,-3158.7354,75.55583,44.191715,43.45923,94823.01,86272.91,77722.81,108622.09,96098.07,83574.055,35.573116,34.143898,-1899727.2,4717.2246,4350.5693,1.0842776,36.30085,86917.65,90766.75,94615.85,82155.2,100095.93,74457.0,107076.5,65584.49,60952.527,downtrend,107076.5,74457.0,neutral,65584.49,86917.65,0.30184093,,-3640.6006,-3421.5332
2025-03-16,84303.0,85136.0,81925.6,82541.6,174630.7,14560230000.0,2961719.0,87189.04,7268416000.0,85621.63,94019.22,,-3013.9695,-3129.782,115.81274,41.759277,41.781578,93052.58,85621.63,78190.69,108713.51,95925.47,83137.42,38.5729,36.173405,-2074358.0,4609.594,4327.7656,1.065121,36.468826,86678.33,90453.5,94228.67,82007.35,99603.5,74457.0,106450.0,65754.91,61211.9,downtrend,106450.0,74457.0,neutral,65754.91,86678.33,0.25269902,,-3638.577,-3464.942
2025-03-17,82541.6,84727.1,82384.0,83962.9,182662.08,15243761000.0,3126276.0,89902.77,7503060500.0,85262.03,93616.46,,-2812.0176,-3066.2292,254.21156,44.41799,43.625507,92234.21,85262.03,78289.85,108747.82,95766.1,82784.38,40.424927,38.190315,-1891695.9,4447.702,4288.0723,1.0372264,36.624805,86678.33,90453.5,94228.67,82007.35,99603.5,74457.0,106450.0,65754.91,61211.9,downtrend,106450.0,74457.0,neutral,65754.91,86678.33,0.2971244,,-3547.5889,-3481.4714
2025-03-18,83963.0,83979.8,81113.5,82666.1,188897.75,15546965000.0,3234435.0,93706.24,7712643600.0,84977.6,93234.664,,-2725.196,-2998.0225,272.82654,42.511127,42.340755,91862.3,84977.6,78092.914,108774.36,95580.766,82387.17,38.954582,39.317467,-2080593.6,4334.7446,4259.637,1.0176324,37.013996,86678.33,90453.5,94228.67,82007.35,99603.5,74457.0,106450.0,65754.91,61211.9,downtrend,106450.0,74457.0,neutral,65754.91,86678.33,0.25659052,,-3516.8962,-3488.5564
2025-03-19,82666.2,86990.0,82501.8,86809.8,251961.73,21278400000.0,4041006.0,130453.8,11024873000.0,85101.48,92924.586,,-2295.5654,-2857.5312,561.9657,49.91069,47.525547,92019.88,85101.48,78183.07,108778.7,95475.37,82172.04,48.825237,42.734913,-1828631.9,4345.706,4264.2085,1.019112,36.111336,86678.33,90453.5,94228.67,82007.35,99603.5,74457.0,106450.0,65754.91,61211.9,downtrend,106450.0,74457.0,fib_382_reject,86678.33,90453.5,0.38610947,,-3265.8845,-3444.022
2025-03-20,86809.8,87500.0,83613.6,84183.6,242943.48,20712135000.0,3647609.0,122401.86,10433709000.0,85078.41,92549.59,,-2142.2974,-2714.4844,572.18695,45.88008,44.842194,92005.664,85078.41,78151.14,108840.67,95351.18,81861.695,50.901775,46.2272,-2071575.4,4312.8984,4256.652,1.0132138,35.075733,86678.33,90453.5,94228.67,82007.35,99603.5,74457.0,106450.0,65754.91,61211.9,downtrend,106450.0,74457.0,neutral,65754.91,86678.33,0.30402276,,-3166.25,-3388.4675
2025-03-21,84183.6,84813.6,83122.0,84050.3,144422.27,12128213000.0,2379726.0,72427.43,6083061000.0,85066.53,92174.11,,-2008.4357,-2573.2747,564.839,45.678444,44.70766,91999.945,85066.53,78133.125,108805.11,95180.53,81555.95,61.175873,53.634296,-2215997.8,4125.6626,4205.351,0.9810507,34.24035,86678.33,90453.5,94228.67,82007.35,99603.5,74457.0,106450.0,65754.91,61211.9,downtrend,106450.0,74457.0,neutral,65754.91,86678.33,0.29985622,,-3071.8965,-3325.1533
2025-03-22,84050.3,84509.0,83589.5,83804.9,52218.652,4391946000.0,881860.0,24657.383,2074332500.0,84961.64,91833.11,,-1900.2461,-2438.669,538.42285,45.283875,44.449886,91901.57,84961.64,78021.71,108794.766,95018.76,81242.75,62.186794,58.088146,-2268216.2,3896.6511,4139.6343,0.94130325,33.464634,86506.43,90228.5,93950.57,81901.15,99249.8,74457.0,106000.0,65877.305,61398.2,downtrend,106000.0,74457.0,neutral,65877.305,86506.43,0.29635417,,-2988.1345,-3257.7495
2025-03-23,83804.9,86110.9,83761.2,86044.2,90899.875,7717260300.0,1395203.0,48358.4,4106148400.0,84572.18,91542.62,,-1615.1934,-2273.9739,658.78046,49.56508,47.358047,90179.516,84572.18,78964.85,108696.305,94865.48,81034.66,73.79464,65.7191,-2177316.5,3786.1545,4103.8354,0.9225893,32.05234,86124.46,89728.55,93332.63,81665.17,98463.875,74457.0,105000.1,66149.27,61812.156,downtrend,105000.1,74457.0,fib_382_reject,66149.27,86124.46,0.3793721,,-2789.6123,-3164.122
2025-03-24,86044.1,88752.0,85478.3,87463.4,210907.48,18432550000.0,3282516.0,106592.55,9315946000.0,84632.69,91291.414,,-1260.2421,-2071.2275,810.98535,52.12192,49.130257,90335.28,84632.69,78930.1,108572.16,94726.305,80880.445,80.78253,72.254654,-1966409.0,3749.5505,4087.2327,0.9173813,29.778505,86454.13,90160.05,93865.97,81868.836,99142.195,74457.0,105863.1,114405.56,118865.23,neutral,105863.1,74457.0,neutral,,,,,-2534.968,-3038.2913
2025-03-25,87463.4,88500.0,86260.0,87369.8,173505.28,15155815000.0,2768708.0,86657.04,7570230000.0,84638.59,90994.53,,-975.25134,-1852.0322,876.7809,51.934917,49.015984,90352.23,84638.59,78924.95,108338.195,94555.4,80772.6,86.834366,80.47051,-2139914.2,3641.7256,4050.288,0.89912754,27.667088,86454.13,90160.05,93865.97,81868.836,99142.195,74457.0,105863.1,114405.56,118865.23,neutral,105863.1,74457.0,neutral,,,,,-2309.2522,-2892.4834
2025-03-26,87369.9,88270.2,85816.3,86873.8,187956.69,16368183000.0,2620341.0,90917.375,7918117400.0,84462.766,90670.836,,-780.42096,-1637.71,857.289,50.8929,48.389744,89637.82,84462.766,79287.71,108035.73,94363.91,80692.086,84.194756,83.93722,-2327871.0,3556.8809,4018.3604,0.8851573,25.841932,86454.13,90160.05,93865.97,81868.836,99142.195,74457.0,105863.1,65914.54,61454.875,downtrend,105863.1,74457.0,fib_382_reject,86454.13,90160.05,0.39536268,,-2129.5188,-2739.8906
2025-03-27,86873.9,87722.4,85724.5,87191.2,163451.69,14210148000.0,2451436.0,79508.1,6912883700.0,84334.36,90394.69,,-593.56274,-1428.8805,835.3178,51.562637,48.82902,89080.66,84334.36,79588.06,107715.69,94175.07,80634.45,81.1982,84.075775,-2164419.2,3445.5251,3977.951,0.86615574,24.183233,86454.13,90160.05,93865.97,81868.836,99142.195,74457.0,105863.1,114405.56,118865.23,neutral,105863.1,74457.0,neutral,,,,,-1949.3292,-2581.7783
2025-03-28,87191.2,87470.0,83531.7,84380.8,222284.56,18906018000.0,3429988.0,109001.07,9269786000.0,84221.36,90099.73,,-664.59106,-1276.0227,611.4316,45.62866,45.248394,88843.23,84221.36,79599.49,107642.14,94017.07,80391.99,67.32975,77.574234,-2386703.8,3480.7234,3977.158,0.8751785,23.458288,86454.13,90160.05,93865.97,81868.836,99142.195,74457.0,105863.1,65914.54,61454.875,downtrend,105863.1,74457.0,neutral,65914.54,86454.13,0.3159832,,-1926.0405,-2450.6306
2025-03-29,84380.8,84589.7,81601.0,82604.7,135513.7,11234711000.0,2216920.0,65408.38,5422718000.0,84050.88,89825.91,,-854.34955,-1191.688,337.3385,42.314423,43.14879,88634.44,84050.88,79467.32,107663.59,93868.77,80073.945,47.57912,65.369026,-2522217.5,3445.5789,3957.389,0.8706698,23.399302,86454.13,90160.05,93865.97,81868.836,99142.195,74457.0,105863.1,65914.54,61454.875,downtrend,105863.1,74457.0,neutral,65914.54,86454.13,0.2594305,,-1985.3035,-2357.5652
2025-03-30,82604.8,83490.0,81501.4,82352.8,109565.92,9064726000.0,1944059.0,53855.055,4455757300.0,84130.12,89481.53,,-1013.3791,-1156.0262,142.64714,41.850132,42.852673,88532.4,84130.12,79727.836,107675.31,93714.66,79754.0,26.173552,47.027473,-2631783.5,3341.5088,3918.0132,0.852858,23.375067,86747.01,90543.4,94339.79,82049.78,99744.82,74457.0,106629.8,65706.0,61137.46,downtrend,106629.8,74457.0,neutral,65706.0,86747.01,0.24541849,,-2038.6417,-2293.7805
2025-03-31,82353.1,83895.8,81222.0,82517.5,212064.58,17489658000.0,3700495.0,107182.78,8840032000.0,84318.2,89205.305,,-1113.288,-1147.4786,34.190617,42.295948,43.12065,88038.51,84318.2,80597.89,107685.45,93567.21,79448.97,18.042374,30.598349,-2419719.0,3293.8154,3893.129,0.84605867,23.144478,86932.086,90785.65,94639.21,82164.125,100125.64,74457.0,107114.3,65574.21,60936.88,downtrend,107114.3,74457.0,neutral,65574.21,86932.086,0.24682078,,-2065.8176,-2248.188
2025-04-01,82517.5,85595.5,82383.3,85120.9,197263.17,16592830000.0,3204984.0,99985.016,8411848700.0,84424.15,88997.445,,-971.1985,-1112.2225,141.02408,48.957443,47.227882,88102.91,84424.15,80745.39,107680.875,93466.88,79252.9,28.794394,24.336773,-2222455.8,3287.9858,3879.5103,0.847526,22.102385,87000.164,90874.75,94749.336,82206.18,100265.7,74457.0,107292.5,65525.742,60863.1,downtrend,107292.5,74457.0,neutral,65525.742,87000.164,0.3247674,,-1948.5542,-2188.2612
2025-04-02,85121.0,88500.0,82300.0,82485.1,348964.38,29832753000.0,5700524.0,175049.92,14963524000.0,84369.12,88742.35,,-1059.0703,-1101.5922,42.52184,43.484108,43.86096,88126.83,84369.12,80611.41,107720.97,93343.125,78965.28,28.977676,25.27148,-2571420.0,3495.9868,3925.92,0.8904885,21.081684,88351.484,92643.5,96935.516,83041.03,103046.18,74457.0,110830.0,64563.543,59398.58,downtrend,110830.0,74457.0,neutral,64563.543,88351.484,0.22071591,,-1970.3411,-2144.6772
2025-04-03,82485.1,83889.2,81172.2,83181.5,239163.52,19745608000.0,4066509.0,121059.01,9995687000.0,84468.93,88501.02,,-1060.2932,-1093.3323,33.0391,45.226456,44.94971,87975.41,84468.93,80962.46,107667.63,93188.67,78709.7,31.687023,29.819698,-2332256.5,3440.3447,3901.7417,0.88174593,19.677149,88782.95,93208.25,97633.55,83307.59,103933.97,74457.0,111959.5,64256.32,58930.965,downtrend,111959.5,74457.0,neutral,64256.32,88782.95,0.23263782,,-1944.2971,-2104.601
2025-04-04,83181.7,84686.2,81624.6,83861.3,353109.22,29383846000.0,5495133.0,175192.25,14576753000.0,84465.195,88272.836,,-994.9392,-1073.6537,78.71449,46.94591,46.022682,87974.08,84465.195,80956.31,107576.21,93033.484,78490.76,26.253347,28.972683,-1979147.4,3413.2917,3884.9387,0.878596,18.677052,88782.95,93208.25,97633.55,83307.59,103933.97,74457.0,111959.5,64256.32,58930.965,downtrend,111959.5,74457.0,neutral,64256.32,88782.95,0.2507646,,-1878.318,-2059.3445
2025-04-05,83861.4,84244.5,82333.8,83506.1,99574.2,8287352000.0,1673031.0,49164.812,4092690400.0,84427.25,88037.97,,-960.7326,-1051.0695,90.33686,46.13104,45.53576,87959.49,84427.25,80895.016,107565.945,92911.03,78256.125,30.925617,29.621996,-2078721.6,3305.9636,3845.454,0.859707,17.74839,88782.95,93208.25,97633.55,83307.59,103933.97,74457.0,111959.5,64256.32,58930.965,downtrend,111959.5,74457.0,neutral,64256.32,88782.95,0.24129325,,-1830.2743,-2013.5305
2025-04-06,83506.1,83790.5,77111.0,78390.0,281191.75,22582931000.0,4458658.0,135853.52,10906301000.0,84229.555,87692.71,,-1331.1061,-1107.0768,-224.02922,36.345352,39.254646,88540.664,84229.555,79918.445,107686.445,92752.34,77818.24,25.751757,27.643574,-2359913.2,3546.9307,3902.135,0.9089718,17.940563,88782.95,93208.25,97633.55,83307.59,103933.97,74457.0,111959.5,64256.32,58930.965,downtrend,111959.5,74457.0,neutral,64256.32,88782.95,0.10487301,,-2035.8506,-2017.9945
2025-04-07,78390.1,81200.0,74457.0,79140.0,693843.5,53937100000.0,10521238.0,346063.9,26911970000.0,83999.9,87391.05,,-1546.2863,-1194.9187,-351.36755,38.40802,40.51759,88826.4,83999.9,79173.39,107759.67,92591.16,77422.63,25.041885,27.239754,-1666069.9,3775.2212,3958.9521,0.953591,18.795992,88782.95,93208.25,97633.55,83307.59,103933.97,74457.0,111959.5,64256.32,58930.965,downtrend,111959.5,74457.0,neutral,64256.32,88782.95,0.12487168,,-2163.9392,-2047.1835
2025-04-08,79140.1,80832.1,76200.1,76297.9,328409.53,25796581000.0,5357269.0,164156.31,12892077000.0,83696.65,86999.805,,-1923.9735,-1340.7296,-583.24384,33.92216,37.421856,89517.96,83696.65,77875.336,107926.24,92417.13,76908.02,19.147875,23.313839,-1994479.4,3836.4197,3972.413,0.96576554,19.590319,88782.95,93208.25,97633.55,83307.59,103933.97,74457.0,111959.5,64256.32,58930.965,downtrend,111959.5,74457.0,neutral,64256.32,88782.95,0.049087394,,-2404.74,-2118.6948
2025-04-09,76298.0,83554.9,74578.5,82588.0,560649.9,44072320000.0,8799174.0,279060.38,21941550000.0,83495.61,86745.76,,-1696.1823,-1411.8202,-284.36212,48.310966,46.857464,89162.54,83495.61,77828.68,107947.15,92315.42,76683.695,34.785778,26.325178,-1433829.5,4203.561,4072.493,1.0321838,19.175894,88782.95,93208.25,97633.55,83307.59,103933.97,74457.0,111959.5,64256.32,58930.965,downtrend,111959.5,74457.0,neutral,64256.32,88782.95,0.21681221,,-2284.0962,-2151.7751
2025-04-10,82587.9,82706.9,78416.0,79560.2,293662.1,23687470000.0,4989231.0,144665.48,11670843000.0,83275.445,86420.58,,-1739.9176,-1477.4397,-262.47794,43.410698,43.53937,89172.91,83275.445,77377.99,108009.664,92175.53,76341.41,35.783188,29.905615,-1727491.6,4209.8,4076.861,1.032608,18.791069,88782.95,93208.25,97633.55,83307.59,103933.97,74457.0,111959.5,64256.32,58930.965,downtrend,111959.5,74457.0,neutral,64256.32,88782.95,0.13607626,,-2320.915,-2185.603
2025-04-11,79560.3,84300.0,78935.5,83378.3,295777.88,24267637000.0,4822203.0,150572.22,12356304000.0,83243.445,86163.13,,-1449.7772,-1471.9072,22.129923,50.26192,48.37934,89131.02,83243.445,77355.87,107986.25,92063.51,76140.766,52.589664,41.052876,-1431713.8,4292.2783,4102.614,1.0462301,17.802248,88782.95,93208.25,97633.55,83307.59,103933.97,74457.0,111959.5,64256.32,58930.965,downtrend,111959.5,74457.0,neutral,64256.32,88782.95,0.23788548,,-2149.8857,-2178.4597
2025-04-12,83378.3,85884.2,82756.0,85237.8,158002.84,13313651000.0,2750499.0,82997.38,6994513000.0,83311.68,85966.234,,-1057.6014,-1389.046,331.44458,53.231667,50.547173,89256.64,83311.68,77366.73,107895.516,91946.21,75996.91,58.879395,49.084084,-1273710.9,4209.13,4083.1255,1.0308597,16.75307,88782.95,93208.25,97633.55,83307.59,103933.97,74457.0,111959.5,64256.32,58930.965,neutral,111959.5,74457.0,neutral,,,,,-1899.9313,-2122.754
2025-04-13,85237.9,86100.0,82991.5,83713.7,207038.38,17457668000.0,3377742.0,104685.13,8828549000.0,83200.7,85747.516,,-859.8694,-1283.2107,423.3413,50.56667,48.784035,89023.234,83200.7,77378.18,107785.336,91801.89,75818.445,68.738396,60.069153,-1480749.2,4130.513,4063.633,1.0164583,15.855947,88782.95,93208.25,97633.55,83307.59,103933.97,74457.0,111959.5,64256.32,58930.965,neutral,111959.5,74457.0,neutral,,,,,-1752.9255,-2048.7883
2025-04-14,83713.8,85755.0,83630.9,84553.9,209349.36,17726845000.0,3632120.0,105627.16,8944537000.0,83062.16,85546.28,,-628.12756,-1152.1941,524.0665,51.993526,49.79765,88604.06,83062.16,77520.25,107661.76,91665.695,75669.64,71.52888,66.382225,-1271399.9,3987.1982,4024.8423,0.990647,15.022903,88782.95,93208.25,97633.55,83307.59,103933.97,74457.0,111959.5,64256.32,58930.965,neutral,111959.5,74457.0,neutral,,,,,-1576.4609,-1954.3228
2025-04-15,84553.9,86443.0,83560.0,83608.7,184522.19,15709861000.0,3121181.0,92743.664,7897739000.0,82883.055,85310.11,,-514.80585,-1024.7164,509.91058,50.236786,48.6601,88089.484,82883.055,77676.625,107537.18,91518.38,75499.586,67.66194,69.30974,-1455922.1,3908.327,4002.0056,0.97659206,14.520153,88782.95,93208.25,97633.55,83307.59,103933.97,74457.0,111959.5,64256.32,58930.965,neutral,111959.5,74457.0,neutral,,,,,-1464.9614,-1856.4506
2025-04-16,83608.6,85493.5,83063.9,83990.0,209441.42,17600465000.0,3500261.0,104313.04,8765949000.0,82745.734,85050.78,,-389.7372,-897.7206,507.98337,50.956676,49.1521,87668.266,82745.734,77823.2,107279.8,91336.48,75393.164,72.20116,70.46399,-1246480.6,3802.7036,3970.5574,0.95772535,13.823371,88782.95,93208.25,97633.55,83307.59,103933.97,74457.0,111959.5,64256.32,58930.965,neutral,111959.5,74457.0,neutral,,,,,-1343.2396,-1753.8083
2025-04-17,83990.1,85441.5,83700.0,84915.0,141033.19,11925437000.0,2398235.0,72010.55,6090740000.0,82637.34,84846.914,,-213.51833,-760.8801,547.3618,52.742695,50.363747,87254.32,82637.34,78020.37,107170.55,91216.43,75262.305,77.31846,72.39385,-1105447.5,3655.4746,3925.9763,0.93109953,13.176359,88782.95,93208.25,97633.55,83307.59,103933.97,74457.0,111959.5,64256.32,58930.965,neutral,111959.5,74457.0,neutral,,,,,-1186.2012,-1640.2869
2025-04-18,84914.9,85100.0,84260.0,84421.0,55218.844,4669701000.0,1026255.0,27406.678,2318092000.0,82639.26,84627.234,,-112.42926,-631.18994,518.7607,51.66067,49.69965,87259.16,82639.26,78019.36,107102.97,91110.49,75118.016,83.30553,77.608376,-1160666.4,3454.3694,3864.2568,0.8939285,12.5755625,88782.95,93208.25,97633.55,83307.59,103933.97,74457.0,111959.5,64256.32,58930.965,neutral,111959.5,74457.0,neutral,,,,,-1070.7024,-1526.37
2025-04-19,84421.0,85600.0,84317.2,85046.9,73380.56,6243873300.0,1278384.0,37104.344,3157190000.0,82755.555,84424.12,,17.98217,-501.35553,519.3377,52.97695,50.566807,87487.7,82755.555,78023.4,107071.17,91035.91,75000.64,86.24479,82.28959,-1087285.8,3299.2573,3812.6277,0.86535,12.263722,88782.95,93208.25,97633.55,83307.59,103933.97,74457.0,111959.5,64256.32,58930.965,neutral,111959.5,74457.0,neutral,,,,,-935.3023,-1408.1565
2025-04-20,85046.9,85283.6,83900.0,85138.8,90651.82,7672459000.0,1426040.0,44964.07,3805208800.0,82888.22,84308.195,,127.28249,-375.62793,502.91043,53.178547,50.697845,87722.87,82888.22,78053.57,107001.5,90940.54,74879.57,86.86718,85.472496,-996633.94,3162.4246,3764.047,0.84016603,11.730852,88782.95,93208.25,97633.55,83307.59,103933.97,74457.0,111959.5,64256.32,58930.965,neutral,111959.5,74457.0,neutral,,,,,-810.2638,-1288.5779
2025-04-21,85138.9,88418.2,85100.0,87466.0,274069.88,23894438000.0,3962240.0,142309.19,12402164000.0,83123.86,84286.87,,397.11172,-221.08,618.1917,58.079754,53.94399,88331.28,83123.86,77916.445,106928.61,90869.57,74810.54,90.19701,87.76965,-722564.06,3173.5515,3755.1301,0.8451242,12.616384,88782.95,93208.25,97633.55,83307.59,103933.97,74457.0,111959.5,64256.32,58930.965,neutral,111959.5,74457.0,neutral,,,,,-582.9445,-1147.4513
2025-04-22,87466.0,94142.5,87017.5,93404.9,334005.1,30146810000.0,4829876.0,177605.55,16036484000.0,83518.336,84454.07,,1077.7493,38.685863,1039.0635,67.44523,60.85092,90290.96,83518.336,76745.72,106909.234,90858.625,74808.016,92.82286,89.96235,-388559.0,3455.7979,3822.5276,0.9040609,14.9849205,88782.95,93208.25,97633.55,83307.59,103933.97,74457.0,111959.5,64256.32,58930.965,neutral,111959.5,74457.0,neutral,,,,,-88.72684,-935.70636
2025-04-23,93404.9,94904.3,91898.0,93632.1,232748.42,21736792000.0,3900078.0,115506.414,10789641000.0,84049.15,84617.055,,1616.8545,354.3196,1262.5349,67.74214,61.085346,92050.49,84049.15,76047.805,106893.88,90850.09,74806.3,93.877945,92.29927,-155810.56,3423.6907,3806.203,0.89950293,17.336433,88782.95,93208.25,97633.55,83307.59,103933.97,74457.0,111959.5,64256.32,58930.965,neutral,111959.5,74457.0,neutral,,,,,345.63293,-679.43854
2025-04-24,93632.2,93980.6,91619.0,93931.6,157092.73,14589478000.0,2683732.0,80302.4,7459609600.0,84561.055,84792.18,,2044.6965,692.39496,1352.3015,68.154465,61.405228,93585.04,84561.055,75537.07,106839.78,90824.26,74808.734,94.14093,93.61391,1282.168,3347.8271,3777.311,0.8862991,19.358786,88782.95,93208.25,97633.55,83307.59,103933.97,74457.0,111959.5,64256.32,58930.965,neutral,111959.5,74457.0,neutral,,,,,730.2574,-397.49933
2025-04-25,93931.5,95769.6,92788.0,94591.8,191830.48,18114329000.0,3288571.0,94332.016,8908814000.0,85072.03,84948.26,,2409.2644,1035.7689,1373.4956,69.09231,62.125816,95044.98,85072.03,75099.09,106682.14,90765.58,74849.01,92.38081,93.46656,193112.64,3321.668,3761.3967,0.8830943,21.606733,88782.95,93208.25,97633.55,83307.59,103933.97,74457.0,111959.5,64256.32,58930.965,neutral,111959.5,74457.0,neutral,,,,,1088.47,-100.30547
2025-04-26,94591.8,95157.1,93833.0,94575.7,72538.21,6848478000.0,1340715.0,35871.715,3386855000.0,85599.16,84954.67,,2666.1543,1361.846,1304.3083,69.03891,62.096127,96326.914,85599.16,74871.4,106540.45,90711.96,74883.46,91.838295,92.78668,120574.44,3178.9846,3712.651,0.8562574,23.694115,88782.95,93208.25,97633.55,83307.59,103933.97,74457.0,111959.5,64256.32,58930.965,neutral,111959.5,74457.0,neutral,,,,,1388.4944,197.4545
2025-04-27,94575.7,95280.5,93547.3,93697.1,83816.18,7891352600.0,1503584.0,42053.02,3960324900.0,86328.07,85091.12,,2766.95,1642.8667,1124.0831,66.039505,60.441204,97077.53,86328.07,75578.6,106220.9,90608.51,74996.11,88.43152,90.883545,36758.254,3075.7144,3673.0618,0.8373707,25.445494,88782.95,93208.25,97633.55,83307.59,103933.97,74457.0,111959.5,64256.32,58930.965,neutral,111959.5,74457.0,neutral,,,,,1594.1428,476.79214
2025-04-28,93697.0,95578.8,92700.0,94969.0,194420.72,18333704000.0,2926262.0,97737.23,9216964000.0,87081.83,85231.54,,2915.8508,1897.4635,1018.38727,68.19377,61.981346,97928.89,87081.83,76234.766,105898.82,90512.95,75127.086,89.34799,89.872604,231178.97,3061.649,3657.1765,0.83716196,26.515993,88782.95,93208.25,97633.55,83307.59,103933.97,74457.0,111959.5,64256.32,58930.965,neutral,111959.5,74457.0,neutral,,,,,1825.5964,746.55304
2025-04-29,94969.0,95426.4,93678.7,94200.1,147831.8,14010735000.0,2481112.0,74470.17,7059199000.0,87934.31,85297.61,,2937.9453,2105.5598,832.3853,65.48921,60.48655,98046.3,87934.31,77822.336,105692.55,90441.836,75191.13,88.344864,88.70813,83347.17,2967.7954,3618.987,0.8200625,27.510029,88782.95,93208.25,97633.55,83307.59,103933.97,74457.0,111959.5,64256.32,58930.965,neutral,111959.5,74457.0,neutral,,,,,1975.9164,992.4257
2025-04-30,94200.1,95186.5,92848.1,94125.1,170929.31,16099511000.0,2588053.0,85918.516,8092754400.0,88483.7,85374.65,,2915.792,2267.6062,648.1856,65.217514,60.337513,98627.695,88483.7,78339.7,105444.555,90360.61,75276.67,89.24034,88.97773,-87582.13,2922.8386,3593.3752,0.81339645,27.868084,88782.95,93208.25,97633.55,83307.59,103933.97,74457.0,111959.5,64256.32,58930.965,neutral,111959.5,74457.0,neutral,,,,,2090.8103,1212.1027
2025-05-01,94125.2,97388.0,94086.7,96423.3,184526.75,17724494000.0,2825368.0,96525.42,9270273000.0,89286.7,85550.46,,3048.539,2423.793,624.7463,69.406105,63.250874,99143.734,89286.7,79429.67,105063.38,90263.7,75464.016,88.95662,88.847275,96944.62,2949.8716,3587.5337,0.82225615,28.868118,88782.95,93208.25,97633.55,83307.59,103933.97,74457.0,111959.5,64256.32,58930.965,neutral,111959.5,74457.0,neutral,,,,,2293.5005,1428.3822
2025-05-02,96423.2,97865.4,96283.1,96831.2,139197.53,13503167000.0,2240247.0,68734.4,6668888600.0,89927.32,85744.03,,3150.3413,2569.1025,581.23865,70.09446,63.747135,99912.91,89927.32,79941.734,104808.836,90195.37,75581.89,90.60571,89.60089,236142.14,2852.188,3547.429,0.8040155,29.926817,88782.95,93208.25,97633.55,83307.59,103933.97,74457.0,111959.5,64256.32,58930.965,neutral,111959.5,74457.0,neutral,,,,,2475.7283,1637.8514
2025-05-03,96831.2,96868.4,95700.0,95803.3,71420.63,6871383000.0,1207124.0,34360.58,3306264300.0,90430.44,86018.84,,3112.2017,2677.7224,434.47925,66.06078,61.547935,100484.65,90430.44,80376.23,104513.09,90114.76,75716.42,90.225494,89.929276,164721.52,2731.9175,3499.8484,0.7805816,30.50365,88782.95,93208.25,97633.55,83307.59,103933.97,74457.0,111959.5,64256.32,58930.965,neutral,111959.5,74457.0,neutral,,,,,2567.7593,1823.833
2025-05-04,95803.3,96266.6,94116.4,94230.2,94260.875,8988012000.0,1550180.0,46059.52,4393532000.0,90931.23,86303.61,,2921.364,2726.4507,194.91333,60.33811,58.31513,100639.0,90931.23,81223.45,104126.664,90008.98,75891.29,83.11726,87.98283,70460.64,2690.3662,3472.8555,0.77468413,30.016554,88782.95,93208.25,97633.55,83307.59,103933.97,74457.0,111959.5,64256.32,58930.965,neutral,111959.5,74457.0,neutral,,,,,2554.952,1970.0568
2025-05-05,94230.2,95165.1,93445.1,94696.7,154902.38,14600852000.0,2364149.0,78619.625,7411254000.0,91414.21,86518.17,,2775.769,2736.3145,39.454784,61.40583,58.985912,100808.984,91414.21,82019.44,103747.734,89908.92,76070.12,75.84899,83.06392,225363.02,2621.0542,3437.7983,0.7624223,29.164722,88782.95,93208.25,97633.55,83307.59,103933.97,74457.0,111959.5,64256.32,58930.965,neutral,111959.5,74457.0,neutral,,,,,2554.552,2086.9558
2025-05-06,94696.7,96879.5,93327.0,96798.9,173683.06,16444016000.0,2556838.0,87234.12,8263124500.0,92042.32,86757.414,,2797.7632,2748.6042,49.15913,65.86533,61.887806,101020.16,92042.32,83064.484,103525.96,89851.31,76176.66,75.07964,78.015305,399046.1,2687.5862,3440.0925,0.78125405,29.020927,88782.95,93208.25,97633.55,83307.59,103933.97,74457.0,111959.5,64256.32,58930.965,neutral,111959.5,74457.0,neutral,,,,,2646.5474,2198.874
2025-05-07,96798.9,97700.0,95718.5,96988.4,185267.14,17927424000.0,2739288.0,92439.664,8946084000.0,92661.29,87046.555,,2798.2285,2758.529,39.69957,66.24398,62.141342,101109.86,92661.29,84212.72,103332.4,89800.984,76269.57,79.89194,76.94019,584313.25,2637.1514,3410.9207,0.77314943,29.168068,88782.95,93208.25,97633.55,83307.59,103933.97,74457.0,111959.5,64256.32,58930.965,neutral,111959.5,74457.0,neutral,,,,,2721.4456,2303.3884
2025-05-08,96988.4,104305.3,96831.5,103228.1,317422.47,31823810000.0,4445990.0,167054.48,16750639000.0,93533.34,87397.25,,3264.4585,2859.7148,404.74347,75.77348,69.22047,102375.01,93533.34,84691.68,103423.37,89820.47,76217.57,86.534706,80.5021,901735.7,2982.6262,3492.1782,0.85408765,30.873234,88782.95,93208.25,97633.55,83307.59,103933.97,74457.0,111959.5,64256.32,58930.965,neutral,111959.5,74457.0,neutral,,,,,3083.8613,2459.483
2025-05-09,103228.0,104373.0,102240.0,102941.9,172883.92,17811570000.0,3180781.0,84963.516,8754551000.0,94415.29,87736.14,,3569.7056,3001.7131,567.9925,74.73138,68.60267,103139.32,94415.29,85691.26,103385.734,89812.91,76240.07,88.13934,84.85533,728851.75,2921.9387,3464.9946,0.84327364,32.468357,88782.95,93208.25,97633.55,83307.59,103933.97,74457.0,111959.5,64256.32,58930.965,neutral,111959.5,74457.0,neutral,,,,,3363.9973,2640.386
2025-05-10,102941.9,105000.1,102784.0,104788.8,104384.54,10820371000.0,1979353.0,53276.113,5524151300.0,95355.38,88140.64,,3915.51,3184.4724,731.03754,76.93578,70.39315,104093.414,95355.38,86617.35,103391.77,89814.02,76236.27,92.24675,88.9736,833236.3,2871.5217,3440.0168,0.8347406,34.062447,88782.95,93208.25,97633.55,83307.59,103933.97,74457.0,111959.5,64256.32,58930.965,neutral,111959.5,74457.0,neutral,,,,,3679.0388,2848.1165
2025-05-11,104788.8,104950.0,103283.3,104072.7,139136.42,14486322000.0,2552705.0,67115.64,6988279000.0,96256.99,88506.27,,4084.6934,3364.5166,720.17676,74.23173,68.795944,104484.664,96256.99,88029.33,103475.39,89830.95,76186.516,92.82748,91.07119,694099.9,2785.463,3404.5503,0.8181588,35.542675,88782.95,93208.25,97633.55,83307.59,103933.97,74457.0,111959.5,64256.32,58930.965,neutral,111959.5,74457.0,neutral,,,,,3894.199,3057.333
2025-05-12,104072.7,105863.1,100678.0,102739.3,256542.7,26551603000.0,4171603.0,125366.63,12980429000.0,96984.3,88871.234,,4064.3271,3504.4788,559.84845,69.34442,65.87369,104656.47,96984.3,89312.125,103570.62,89852.31,76134.01,88.913605,91.32928,437557.2,2956.8655,3440.1614,0.85951364,35.3696,88782.95,93208.25,97633.55,83307.59,103933.97,74457.0,111959.5,64256.32,58930.965,neutral,111959.5,74457.0,neutral,,,,,3992.02,3244.2705
2025-05-13,102739.3,104949.2,101400.0,104082.0,162368.33,16783134000.0,3009395.0,80743.48,8346771000.0,97492.73,89185.28,,4109.1636,3625.4158,483.7479,71.3873,67.34049,105553.97,97492.73,89431.49,103838.9,89916.484,75994.07,84.92457,88.88855,599925.5,2999.1753,3442.342,0.87126005,35.20888,88782.95,93208.25,97633.55,83307.59,103933.97,74457.0,111959.5,64256.32,58930.965,neutral,111959.5,74457.0,neutral,,,,,4122.832,3419.9827
2025-05-14,104082.0,104319.0,102536.0,103458.1,126264.09,13068577000.0,2289025.0,61671.895,6383482400.0,97960.63,89535.73,,4047.6938,3709.8713,337.8226,69.08359,65.95734,106209.695,97960.63,89711.57,103937.74,89938.13,75938.516,81.04296,84.96038,473661.4,2912.3054,3409.1553,0.85426015,35.059647,88782.95,93208.25,97633.55,83307.59,103933.97,74457.0,111959.5,64256.32,58930.965,neutral,111959.5,74457.0,neutral,,,,,4182.8667,3572.5596
2025-05-15,103458.1,104162.8,101270.8,103714.5,176344.11,18109800000.0,3256600.0,87513.73,8988230000.0,98426.484,89893.26,,3973.86,3762.6692,211.19092,69.51892,66.25641,106816.55,98426.484,90036.43,104180.92,89998.18,75815.43,83.330376,83.099304,650005.5,2910.8552,3398.8123,0.85643303,34.176975,88782.95,93208.25,97633.55,83307.59,103933.97,74457.0,111959.5,64256.32,58930.965,neutral,111959.5,74457.0,neutral,,,,,4226.1025,3703.268
2025-05-16,103714.2,104524.2,103062.3,103412.2,115513.05,11990203000.0,2303834.0,57430.06,5961446400.0,98846.51,90249.75,,3846.6116,3779.4575,67.15403,68.29783,65.543564,107309.44,98846.51,90383.57,104440.7,90066.766,75692.83,81.37512,81.91615,534492.5,2807.3584,3360.074,0.83550495,33.48714,88782.95,93208.25,97633.55,83307.59,103933.97,74457.0,111959.5,64256.32,58930.965,neutral,111959.5,74457.0,neutral,,,,,4226.823,3807.9792
2025-05-17,103412.2,103658.0,102541.6,103079.6,90372.67,9316018000.0,1899774.0,44461.16,4583343000.0,99251.45,90559.484,,3676.5474,3758.8755,-82.32817,66.905396,64.738914,107671.914,99251.45,90830.99,104682.43,90132.414,75582.4,80.3687,81.6914,444119.8,2686.5757,3315.2004,0.81038105,32.53359,88782.95,93208.25,97633.55,83307.59,103933.97,74457.0,111959.5,64256.32,58930.965,neutral,111959.5,74457.0,neutral,,,,,4189.676,3884.3184
2025-05-18,103079.5,106629.8,103052.2,106407.6,173224.28,18124063000.0,3286266.0,89890.055,9409859000.0,99856.71,90903.92,,3766.8896,3760.4783,6.4112906,72.86642,68.76734,108419.24,99856.71,91294.19,105086.56,90231.945,75377.32,85.525024,82.42294,617344.06,2750.2202,3320.4485,0.8282677,32.662567,88782.95,93208.25,97633.55,83307.59,103933.97,74457.0,111959.5,64256.32,58930.965,neutral,111959.5,74457.0,neutral,,,,,4303.3657,3968.128
2025-05-19,106407.5,107114.3,102038.8,105531.6,257825.61,26840365000.0,4455918.0,126416.82,13162994000.0,100359.695,91234.14,,3724.8628,3753.3552,-28.49246,69.32669,66.662445,108955.55,100359.695,91763.84,105438.1,90323.14,75208.18,88.21546,84.703064,359518.5,2916.3115,3355.5496,0.86910105,32.1941,88782.95,93208.25,97633.55,83307.59,103933.97,74457.0,111959.5,64256.32,58930.965,neutral,111959.5,74457.0,neutral,,,,,4335.2544,4041.5532
2025-05-20,105531.5,107292.5,104115.2,106800.1,226187.25,23924085000.0,3940207.0,116062.336,12276682000.0,100959.695,91596.44,,3750.678,3752.8198,-2.1417496,71.486725,68.14497,109510.87,100959.695,92408.52,105847.34,90426.91,75006.46,94.19864,89.31304,585705.75,2934.9536,3351.9846,0.87558687,31.819664,88782.95,93208.25,97633.55,83307.59,103933.97,74457.0,111959.5,64256.32,58930.965,neutral,111959.5,74457.0,neutral,,,,,4404.2676,4114.096
2025-05-21,106800.0,110830.0,106037.9,109609.5,413589.84,44576305000.0,6189752.0,209506.08,22586384000.0,101697.05,92004.04,,3952.2727,3792.7104,159.56224,75.58713,71.1305,110432.125,101697.05,92961.97,106376.89,90549.2,74721.516,91.849144,91.42108,999295.56,3067.607,3380.7869,0.9073648,32.49986,88782.95,93208.25,97633.55,83307.59,103933.97,74457.0,111959.5,64256.32,58930.965,neutral,111959.5,74457.0,neutral,,,,,4581.7227,4207.6216
2025-05-22,109609.6,111959.5,109153.4,111662.7,246067.03,27295715000.0,4612376.0,124614.99,13824512000.0,102422.734,92500.08,,4228.965,3879.9612,349.00366,78.06931,73.06748,111793.67,102422.734,93051.79,107053.89,90708.52,74363.15,94.79866,93.61548,1245362.6,3048.928,3369.293,0.9049162,33.397274,88782.95,93208.25,97633.55,83307.59,103933.97,74457.0,111959.5,64256.32,58930.965,neutral,111959.5,74457.0,neutral,,,,,4813.198,4328.737
2025-05-23,111662.6,111770.4,106721.9,107271.5,279480.34,30543710000.0,4943362.0,136446.69,14911670000.0,102919.89,92948.56,,4047.2583,3913.4207,133.83754,63.255962,63.499912,112158.33,102919.89,93681.45,107418.96,90803.07,74187.18,82.3652,89.671005,965882.25,3191.7544,3402.8772,0.9379576,32.902023,88782.95,93208.25,97633.55,83307.59,103933.97,74457.0,111959.5,64256.32,58930.965,neutral,111959.5,74457.0,neutral,,,,,4767.4834,4416.486
2025-05-24,107271.6,109440.2,106836.0,107698.9,165158.77,17895242000.0,2838855.0,79136.43,8574693000.0,103486.34,93409.4,,3892.8674,3909.31,-16.442646,63.972507,63.981903,112361.52,103486.34,94611.17,107829.86,90914.45,73999.05,72.68271,83.28219,1131041.0,3149.7864,3386.9036,0.92998993,32.442146,88782.95,93208.25,97633.55,83307.59,103933.97,74457.0,111959.5,64256.32,58930.965,neutral,111959.5,74457.0,neutral,,,,,4725.93,4478.375
2025-05-25,107699.0,109285.1,106497.0,108955.9,159465.8,17159184000.0,2938731.0,76863.25,8270759000.0,104187.57,93890.1,,3827.8162,3893.0112,-65.19503,66.0683,65.393135,112322.734,104187.57,96052.41,108274.62,91029.56,73784.51,64.68496,73.244286,1290506.9,3123.9517,3374.9275,0.92563516,31.831646,88782.95,93208.25,97633.55,83307.59,103933.97,74457.0,111959.5,64256.32,58930.965,neutral,111959.5,74457.0,neutral,,,,,4729.6226,4528.6245
2025-05-26,108956.0,110400.0,108616.6,109386.8,146992.22,16103266000.0,2776585.0,73695.69,8074192000.0,104887.1,94331.3,,3767.6023,3867.9294,-100.32726,66.78167,65.8744,112113.09,104887.1,97661.1,108729.88,91148.055,73566.22,70.51343,69.2937,1437499.0,3028.1978,3343.0972,0.9058061,31.629564,88782.95,93208.25,97633.55,83307.59,103933.97,74457.0,111959.5,64256.32,58930.965,neutral,111959.5,74457.0,neutral,,,,,4730.6763,4569.0347
2025-05-27,109386.8,110700.0,107438.0,108889.3,223599.9,24452830000.0,4065296.0,109504.23,11977738000.0,105462.836,94811.375,,3637.8037,3821.9043,-184.1006,65.08044,64.78224,111903.28,105462.836,99022.39,109183.734,91276.27,73368.81,73.52758,69.575325,1213899.1,3044.898,3341.475,0.9112437,30.787888,88782.95,93208.25,97633.55,83307.59,103933.97,74457.0,111959.5,64256.32,58930.965,neutral,111959.5,74457.0,neutral,,,,,4683.049,4591.8374
2025-05-28,108889.2,109252.6,106723.9,107723.1,158417.77,17119396000.0,3009662.0,77490.09,8375382500.0,105974.01,95257.586,,3401.623,3737.8481,-336.22498,61.14808,62.24229,111239.75,105974.01,100708.27,109579.625,91396.07,73212.516,69.19083,71.07728,1055481.4,3008.0269,3325.2197,0.9046099,29.627419,88782.95,93208.25,97633.55,83307.59,103933.97,74457.0,111959.5,64256.32,58930.965,neutral,111959.5,74457.0,neutral,,,,,4560.602,4585.5903
2025-05-29,107723.1,108860.0,105054.2,105539.9,213101.25,22850298000.0,3867631.0,103190.57,11066419000.0,106084.09,95651.74,,3003.658,3591.01,-587.3521,54.50807,57.78859,111210.42,106084.09,100957.766,109877.03,91495.25,73113.47,55.644226,66.12088,842380.1,3065.0105,3334.8313,0.91909015,27.729397,88782.95,93208.25,97633.55,83307.59,103933.97,74457.0,111959.5,64256.32,58930.965,neutral,111959.5,74457.0,neutral,,,,,4323.9473,4533.2617
2025-05-30,105539.9,106266.0,103555.0,103950.0,219701.3,23083176000.0,4162110.0,106922.49,11234607000.0,106132.1,96023.445,,2530.8025,3378.9685,-848.166,50.230347,54.79075,111157.72,106132.1,101106.48,110089.88,91568.77,73047.664,38.307083,54.380714,622678.8,3039.724,3322.3545,0.91493064,26.181185,88782.95,93208.25,97633.55,83307.59,103933.97,74457.0,111959.5,64256.32,58930.965,neutral,111959.5,74457.0,neutral,,,,,4020.4927,4430.708
2025-05-31,103949.9,104859.3,103032.1,104544.7,103607.84,10771231000.0,2173534.0,50579.79,5258360000.0,106120.48,96498.99,,2178.9312,3138.961,-960.0299,51.755497,55.693466,111159.586,106120.48,101081.37,110285.47,91631.69,72977.91,26.604977,40.18543,726286.7,2953.1152,3292.4514,0.89693505,24.959204,88782.95,93208.25,97633.55,83307.59,103933.97,74457.0,111959.5,64256.32,58930.965,neutral,111959.5,74457.0,neutral,,,,,3770.6714,4298.7007
2025-06-01,104544.6,105823.6,103704.1,105583.3,97420.24,10189735000.0,1959949.0,48780.477,5102309000.0,106192.41,96979.77,,1961.2687,2903.4226,-942.15393,54.384525,57.258465,111155.08,106192.41,101229.734,110565.17,91726.24,72887.32,26.750801,30.554287,823706.94,2893.5713,3268.9924,0.8851569,23.35711,88782.95,93208.25,97633.55,83307.59,103933.97,74457.0,111959.5,64256.32,58930.965,neutral,111959.5,74457.0,neutral,,,,,3590.151,4156.9907
2025-06-02,105583.3,105900.0,103600.6,105814.3,158252.92,16568774000.0,2994803.0,78240.69,8191502000.0,106338.836,97516.44,,1786.812,2680.1003,-893.28845,54.97225,57.608154,111060.95,106338.836,101616.73,110842.93,91819.35,72795.77,30.717453,28.02441,981959.8,2851.1304,3249.6006,0.8773787,21.917395,88782.95,93208.25,97633.55,83307.59,103933.97,74457.0,111959.5,64256.32,58930.965,neutral,111959.5,74457.0,neutral,,,,,3429.405,4011.4736
2025-06-03,105814.4,106775.0,104822.4,105330.1,139216.0,14728116000.0,2606908.0,69730.14,7376563700.0,106398.27,97929.93,,1591.1414,2462.3086,-871.1673,53.418602,56.589172,111035.93,106398.27,101760.61,111103.984,91910.47,72716.96,30.87801,29.448755,842743.8,2786.9497,3223.6606,0.8645295,20.558132,88782.95,93208.25,97633.55,83307.59,103933.97,74457.0,111959.5,64256.32,58930.965,neutral,111959.5,74457.0,neutral,,,,,3250.6104,3859.301
2025-06-04,105330.1,105967.2,104111.7,104641.8,118534.125,12459563000.0,2227909.0,58621.742,6162868000.0,106454.64,98385.96,,1364.7983,2242.8066,-878.0083,51.203236,55.13357,110975.28,106454.64,101933.99,111401.48,92041.74,72682.016,24.978905,28.858122,724209.7,2720.4175,3196.2974,0.8511153,19.244085,88782.95,93208.25,97633.55,83307.59,103933.97,74457.0,111959.5,64256.32,58930.965,neutral,111959.5,74457.0,neutral,,,,,3047.073,3696.8552
2025-06-05,104641.8,105878.3,100305.1,101458.6,246238.67,25426534000.0,4120064.0,117166.336,12100737000.0,106347.21,98714.695,,917.9802,1977.8413,-1059.8611,42.437748,49.011715,111216.945,106347.21,101477.484,111607.46,92169.94,72732.414,17.944258,24.600391,477971.03,2924.1877,3243.8354,0.90145993,19.565691,88782.95,93208.25,97633.55,83307.59,103933.97,74457.0,111959.5,64256.32,58930.965,neutral,111959.5,74457.0,neutral,,,,,2698.653,3497.2148
2025-06-06,101458.7,105283.0,101003.4,104240.0,174300.9,18075103000.0,2910225.0,86445.6,8964620000.0,106386.63,99060.19,,779.32587,1738.1382,-958.8123,50.423862,53.725777,111173.39,106386.63,101599.875,111888.164,92370.26,72852.34,21.98198,21.635048,652271.94,3021.003,3264.5508,0.9253962,19.864323,88782.95,93208.25,97633.55,83307.59,103933.97,74457.0,111959.5,64256.32,58930.965,neutral,111959.5,74457.0,neutral,,,,,2526.3306,3303.038
2025-06-07,104240.1,105878.3,103800.1,105507.5,79833.17,8393331700.0,1510843.0,42203.46,4437639700.0,106502.25,99456.44,,762.92346,1543.0952,-780.1718,53.584194,55.686146,111076.484,106502.25,101928.016,112207.86,92578.65,72949.44,32.654182,24.193474,732105.1,2953.66,3240.8237,0.9113917,19.801548,88782.95,93208.25,97633.55,83307.59,103933.97,74457.0,111959.5,64256.32,58930.965,neutral,111959.5,74457.0,neutral,,,,,2429.7385,3128.3782
2025-06-08,105507.5,106482.6,104927.4,105676.5,75105.1,7939013600.0,1397725.0,38745.875,4096542700.0,106467.43,99840.484,,754.85974,1385.4481,-630.5884,54.005207,55.947422,111055.13,106467.43,101879.734,112521.67,92792.414,73063.164,46.52506,33.720406,807210.2,2853.7698,3207.1113,0.88982564,19.400215,88782.95,93208.25,97633.55,83307.59,103933.97,74457.0,111959.5,64256.32,58930.965,neutral,111959.5,74457.0,neutral,,,,,2343.4534,2971.393
2025-06-09,105676.5,110653.6,105253.2,110227.9,192956.4,20800390000.0,3206202.0,103642.88,11174929000.0,106691.07,100324.47,,1103.0143,1328.9614,-225.9471,63.58489,62.242603,111525.695,106691.07,101856.44,113017.8,93034.62,73051.445,65.72646,48.301903,1000166.6,3035.672,3250.977,0.9337722,18.883665,88782.95,93208.25,97633.55,83307.59,103933.97,74457.0,111959.5,64256.32,58930.965,neutral,111959.5,74457.0,neutral,,,,,2485.5325,2874.221
2025-06-10,110228.0,110367.2,108282.0,110235.4,152216.97,16647654000.0,2781353.0,75668.02,8275759000.0,106854.66,100801.66,95392.16,1363.8132,1335.9318,27.881498,63.598343,62.251938,111919.94,106854.66,101789.37,113467.95,93194.74,72921.54,81.0302,64.42724,1152383.6,2967.7812,3227.6614,0.9194834,18.40401,88782.95,93208.25,97633.55,83307.59,103933.97,74457.0,111959.5,64256.32,58930.965,neutral,111959.5,74457.0,neutral,,,,95392.16,2594.9573,2818.3684
2025-06-11,110235.4,110350.0,108001.2,108600.0,134422.33,14691641000.0,2592990.0,64951.234,7099898400.0,106806.58,101232.3,95446.53,1422.1416,1353.1737,68.96791,58.52094,58.917435,111784.79,106806.58,101828.37,113872.03,93418.82,72965.61,90.524254,79.093636,1017961.25,2923.568,3210.0842,0.910745,17.816803,88782.95,93208.25,97633.55,83307.59,103933.97,74457.0,111959.5,64256.32,58930.965,neutral,111959.5,74457.0,neutral,,,,95446.53,2593.7708,2773.4487
2025-06-12,108600.1,108782.1,105602.0,105609.5,185790.19,19916220000.0,3320828.0,88829.22,9526204000.0,106518.336,101617.54,95484.78,1213.0754,1325.154,-112.07869,50.5704,53.423084,111016.266,106518.336,102020.4,114160.164,93602.45,73044.75,75.790695,82.44838,832171.06,2941.8918,3209.4846,0.9166244,16.919071,88782.95,93208.25,97633.55,83307.59,103933.97,74457.0,111959.5,64256.32,58930.965,neutral,111959.5,74457.0,neutral,,,,95484.78,2430.2625,2704.8115
2025-06-13,105609.4,106141.1,102614.0,106027.3,245935.4,25704798000.0,4731930.0,123623.27,12923131000.0,106459.086,101999.0,95549.59,1068.7816,1273.8795,-205.09799,51.56053,54.05166,110948.55,106459.086,101969.625,114453.2,93757.06,73060.93,62.236073,76.18367,1078106.5,2983.6924,3215.837,0.92781216,17.155737,88782.95,93208.25,97633.55,83307.59,103933.97,74457.0,111959.5,64256.32,58930.965,neutral,111959.5,74457.0,neutral,,,,95549.59,2299.2017,2623.6895
2025-06-14,106027.3,106173.6,104225.4,105359.9,79911.57,8391666000.0,1612153.0,39484.266,4146393900.0,106347.7,102366.66,95616.29,890.31116,1197.1659,-306.85474,49.842968,52.855247,110824.64,106347.7,101870.766,114720.93,93911.79,73102.64,51.799454,63.275406,998194.94,2909.7288,3190.4841,0.91200227,17.35962,88782.95,93208.25,97633.55,83307.59,103933.97,74457.0,111959.5,64256.32,58930.965,neutral,111959.5,74457.0,neutral,,,,95616.29,2142.2786,2527.4075
2025-06-15,105359.8,106099.4,104399.9,105534.6,78819.4,8299752400.0,1615722.0,39480.383,4157719300.0,106184.79,102695.18,95664.44,754.27405,1108.5875,-354.31345,50.309586,53.140327,110516.875,106184.79,101852.7,114985.8,94099.59,73213.39,51.558197,55.19791,1077014.4,2823.284,3160.6646,0.8932564,17.548939,88782.95,93208.25,97633.55,83307.59,103933.97,74457.0,111959.5,64256.32,58930.965,neutral,111959.5,74457.0,neutral,,,,95664.44,2006.1329,2423.1526
2025-06-16,105534.7,108900.0,104920.0,106750.1,166813.22,17887210000.0,3134819.0,85153.48,9131176000.0,106059.23,102937.82,95719.71,736.0596,1034.0819,-298.02237,53.547626,55.122814,110159.45,106059.23,101959.0,115280.47,94305.25,73330.03,53.88639,52.41468,1243827.5,2905.9065,3177.0513,0.9146552,16.387802,88782.95,93208.25,97633.55,83307.59,103933.97,74457.0,111959.5,64256.32,58930.965,neutral,111959.5,74457.0,neutral,,,,95719.71,1940.4728,2326.6165
2025-06-17,106750.1,107727.4,103300.0,104508.0,226051.86,23808393000.0,3970409.0,112258.83,11824212000.0,105850.59,103135.56,95754.67,534.5438,934.1743,-399.6305,47.41045,50.948086,109796.55,105850.59,101904.65,115435.555,94543.44,73651.33,51.142357,52.19565,1017775.7,3014.5845,3202.058,0.94145215,15.933942,88782.95,93208.25,97633.55,83307.59,103933.97,74457.0,111959.5,64256.32,58930.965,neutral,111959.5,74457.0,neutral,,,,95754.67,1762.5259,2213.7983
2025-06-18,104508.0,105500.0,103426.1,104832.8,172706.4,18052952000.0,3219465.0,86108.27,9001683000.0,105712.96,103333.766,95796.46,396.4794,826.6353,-430.1559,48.334248,51.50672,109589.07,105712.96,101836.86,115548.086,94806.09,74064.09,48.8818,51.303516,1190482.1,2947.3928,3179.4949,0.9270003,15.512501,88782.95,93208.25,97633.55,83307.59,103933.97,74457.0,111959.5,64256.32,58930.965,neutral,111959.5,74457.0,neutral,,,,95796.46,1617.8087,2094.6003
2025-06-19,104832.8,105185.7,103870.3,104607.1,87710.6,9170655000.0,1606233.0,43107.754,4507096000.0,105668.54,103515.87,95833.17,265.78644,714.4656,-448.6791,47.70711,51.08225,109572.836,105668.54,101764.25,115716.445,95023.2,74329.96,40.569706,46.86462,1102771.5,2830.8218,3142.2131,0.90090066,15.121162,88782.95,93208.25,97633.55,83307.59,103933.97,74457.0,111959.5,64256.32,58930.965,neutral,111959.5,74457.0,neutral,,,,95833.17,1474.7015,1970.6207
2025-06-20,104607.1,106486.2,102255.3,103246.1,199102.14,20795552000.0,3108911.0,97416.1,10175737000.0,105635.02,103673.51,95869.945,51.792973,581.931,-530.13806,43.99973,48.54899,109609.22,105635.02,101660.83,115848.82,95219.26,74589.695,30.964376,40.13863,903669.3,2930.8274,3163.9868,0.92630833,15.395951,88782.95,93208.25,97633.55,83307.59,103933.97,74457.0,111959.5,64256.32,58930.965,neutral,111959.5,74457.0,neutral,,,,95869.945,1276.9214,1831.8809
2025-06-21,103246.1,103940.6,100789.9,102079.8,120771.35,12390156000.0,2033604.0,58453.59,5997353500.0,105517.65,103825.92,95900.78,-209.49414,423.646,-633.14014,41.05537,46.475163,109750.875,105517.65,101284.414,115905.88,95429.2,74952.516,20.739378,30.75782,782898.0,2946.5327,3163.7212,0.9313503,16.163101,88782.95,93208.25,97633.55,83307.59,103933.97,74457.0,111959.5,64256.32,58930.965,neutral,111959.5,74457.0,neutral,,,,95900.78,1043.1196,1674.1285
2025-06-22,102079.8,103362.6,98115.4,100904.7,293562.62,29530841000.0,4876091.0,147071.52,14794588000.0,105294.86,103933.84,95911.95,-505.55905,237.805,-743.364,38.276176,44.46574,109961.125,105294.86,100628.586,115972.81,95598.85,75224.88,15.707094,22.470284,489335.34,3110.866,3205.3906,0.9705107,17.656887,88782.95,93208.25,97633.55,83307.59,103933.97,74457.0,111959.5,64256.32,58930.965,neutral,111959.5,74457.0,neutral,,,,95911.95,779.24866,1495.1526
2025-06-23,100904.7,106050.0,99547.6,105290.9,297222.03,30424121000.0,4717211.0,150465.02,15408831000.0,105269.93,104135.49,95953.4,-381.86108,113.87178,-495.73285,51.479237,52.512684,109930.43,105269.93,100609.44,116145.29,95808.73,75472.17,31.296854,22.58111,786557.4,3353.1184,3271.3308,1.0250013,17.691483,88782.95,93208.25,97633.55,83307.59,103933.97,74457.0,111959.5,64256.32,58930.965,neutral,111959.5,74457.0,neutral,,,,95953.4,769.05273,1349.9326
2025-06-24,105291.0,106239.0,104570.8,106034.9,144449.89,15211187000.0,2565480.0,71801.2,7561433000.0,105303.49,104352.03,95984.56,-221.24458,46.848507,-268.09308,53.303856,53.707375,109975.375,105303.49,100631.62,116304.39,96043.664,75782.93,48.514557,31.839502,931007.25,3232.767,3239.2683,0.99799305,17.636234,88782.95,93208.25,97633.55,83307.59,103933.97,74457.0,111959.5,64256.32,58930.965,neutral,111959.5,74457.0,neutral,,,,95984.56,793.6899,1238.6841
2025-06-25,106034.9,108095.7,105755.6,107280.0,159277.83,17055576000.0,2665403.0,81148.88,8689451000.0,105429.125,104549.43,96021.47,6.440065,38.76682,-32.32675,56.26775,55.66723,110164.52,105429.125,100693.72,116512.74,96276.836,76040.92,69.42528,49.745564,1090285.1,3169.0051,3221.285,0.98377055,16.760468,88782.95,93208.25,97633.55,83307.59,103933.97,74457.0,111959.5,64256.32,58930.965,neutral,111959.5,74457.0,neutral,,,,96021.47,873.04126,1165.5555
2025-06-26,107280.1,108249.9,106500.0,106913.7,114433.38,12286992000.0,2181091.0,56752.074,6094350000.0,105688.89,104732.75,96050.04,155.53157,62.11977,93.411804,55.158543,54.948624,110112.81,105688.89,101264.97,116677.99,96519.31,76360.625,77.097,65.01228,975851.7,3067.6406,3191.8572,0.9610833,15.881379,88782.95,93208.25,97633.55,83307.59,103933.97,74457.0,111959.5,64256.32,58930.965,neutral,111959.5,74457.0,neutral,,,,96050.04,918.2064,1116.0857
2025-06-27,106913.8,107686.0,106313.1,107010.7,118637.45,12685404000.0,2005062.0,60117.113,6428393500.0,105820.83,104936.516,96098.34,278.3066,105.35714,172.94948,55.40922,55.10975,110229.27,105820.83,101412.38,116891.625,96721.32,76551.016,83.01405,76.51211,1094489.1,2946.5876,3155.478,0.9338007,15.142171,88782.95,93208.25,97633.55,83307.59,103933.97,74457.0,111959.5,64256.32,58930.965,neutral,111959.5,74457.0,neutral,,,,96098.34,957.08167,1084.2849
2025-06-28,107010.6,107538.0,106767.0,107241.0,35670.418,3824572000.0,747193.0,18591.879,1993427500.0,105903.375,105173.08,96151.54,389.69778,162.22527,227.47253,56.037605,55.506454,110350.016,105903.375,101456.74,117070.72,96951.89,76833.06,82.89351,81.00152,1130159.6,2791.1885,3107.7886,0.89812696,14.455764,88782.95,93208.25,97633.55,83307.59,103933.97,74457.0,111959.5,64256.32,58930.965,neutral,111959.5,74457.0,neutral,,,,96151.54,997.04956,1066.8378
2025-06-29,107240.9,108499.0,107112.6,108309.8,79448.33,8563401700.0,1398904.0,41552.004,4478823400.0,106028.77,105420.586,96187.51,557.7895,241.33812,316.4514,58.930214,57.34339,110589.79,106028.77,101467.75,117270.195,97194.484,77118.78,87.20861,84.372055,1209607.9,2690.8464,3073.3606,0.87553877,13.503736,88782.95,93208.25,97633.55,83307.59,103933.97,74457.0,111959.5,64256.32,58930.965,neutral,111959.5,74457.0,neutral,,,,96187.51,1079.6769,1069.4056
2025-06-30,108309.8,108783.9,106686.4,107087.4,114681.38,12341254000.0,1865096.0,55900.03,6016047600.0,105879.23,105607.66,96223.03,585.6153,310.19354,275.42175,54.51242,54.63463,110070.68,105879.23,101687.766,117416.33,97427.31,77438.3,87.74746,85.94986,1094926.5,2648.4646,3053.8435,0.86725616,12.670004,88782.95,93208.25,97633.55,83307.59,103933.97,74457.0,111959.5,64256.32,58930.965,neutral,111959.5,74457.0,neutral,,,,96223.03,1083.8048,1072.2855
2025-07-01,107087.3,107499.9,105182.6,105637.9,120434.4,12798967000.0,2043731.0,58611.965,6229056000.0,105660.3,105764.914,96244.37,485.11285,345.1774,139.93544,49.74978,51.59983,109371.516,105660.3,101949.08,117546.12,97623.25,77700.38,83.045586,86.00055,974492.1,2624.81,3039.1125,0.8636764,12.5974045,88782.95,93208.25,97633.55,83307.59,103933.97,74457.0,111959.5,64256.32,58930.965,neutral,111959.5,74457.0,neutral,,,,96244.37,1009.4402,1059.7164
2025-07-02,105637.9,109690.4,105010.0,108800.0,177567.27,19179637000.0,2621458.0,92413.93,9983566000.0,105669.82,105866.23,96281.46,653.0906,406.76004,246.3305,58.307407,57.06295,109412.06,105669.82,101927.58,117776.69,97836.62,77896.55,82.30564,84.36623,1152059.4,2771.638,3071.9385,0.902244,11.947122,88782.95,93208.25,97633.55,83307.59,103933.97,74457.0,111959.5,64256.32,58930.965,neutral,111959.5,74457.0,neutral,,,,96281.46,1098.9163,1067.5564
2025-07-03,108800.0,110484.0,108480.6,109545.2,141488.0,15492329000.0,2342574.0,73227.89,8018864000.0,105857.234,105986.28,96306.88,836.70056,492.74814,343.9524,60.034756,58.22962,109946.72,105857.234,101767.75,118021.12,98058.37,78095.625,85.07623,83.475815,1293547.4,2716.7637,3050.5676,0.8905765,11.689806,88782.95,93208.25,97633.55,83307.59,103933.97,74457.0,111959.5,64256.32,58930.965,neutral,111959.5,74457.0,neutral,,,,96306.88,1207.1837,1095.4818
2025-07-04,109545.1,109732.3,107200.0,107935.4,132305.84,14316423000.0,1957162.0,64249.7,6952968700.0,105948.09,106043.49,96316.445,842.60236,562.719,279.8834,54.757053,54.849167,110132.35,105948.09,101763.84,118199.67,98268.984,78338.3,88.03732,85.13973,1161241.5,2703.5876,3040.2021,0.8892789,10.880502,88782.95,93208.25,97633.55,83307.59,103933.97,74457.0,111959.5,64256.32,58930.965,neutral,111959.5,74457.0,neutral,,,,96316.445,1213.2264,1119.0308
2025-07-05,107935.3,108368.1,107688.3,108153.4,36660.95,3960654300.0,734951.0,18462.03,1994707200.0,106081.12,106117.69,96326.836,855.01434,621.17804,233.83627,55.329758,55.218826,110358.695,106081.12,101803.55,118379.76,98478.61,78577.45,84.32051,85.811356,1197902.5,2559.0315,2992.9941,0.8550072,10.1290045,88782.95,93208.25,97633.55,83307.59,103933.97,74457.0,111959.5,64256.32,58930.965,neutral,111959.5,74457.0,neutral,,,,96326.836,1223.2268,1139.87
2025-07-06,108153.4,109684.7,107743.4,109145.8,72388.6,7864421400.0,1278877.0,37107.027,4031820500.0,106253.08,106234.17,96371.664,934.1608,683.7746,250.38623,57.9399,56.905293,110715.305,106253.08,101790.85,118535.65,98726.26,78916.86,82.77184,85.04322,1270291.1,2514.9077,2971.9602,0.8462118,10.006488,88782.95,93208.25,97633.55,83307.59,103933.97,74457.0,111959.5,64256.32,58930.965,neutral,111959.5,74457.0,neutral,,,,96371.664,1275.281,1166.9521
2025-07-07,109145.8,109667.3,107456.0,108203.9,106397.58,11536683000.0,1788546.0,52139.047,5654097400.0,106322.31,106309.12,96425.51,910.3872,729.0971,181.29007,54.674522,54.84684,110857.74,106322.31,101786.875,118612.5,98982.25,79351.99,76.78714,81.29317,1163893.5,2493.2214,2956.747,0.84323126,9.736787,88782.95,93208.25,97633.55,83307.59,103933.97,74457.0,111959.5,64256.32,58930.965,neutral,111959.5,74457.0,neutral,,,,96425.51,1266.316,1186.825
2025-07-08,108203.9,109180.0,107400.0,108873.1,95156.02,10320330000.0,1658291.0,47448.08,5146117000.0,106530.17,106407.57,96481.055,934.76984,770.2317,164.53815,56.548218,56.0333,111113.805,106530.17,101946.54,118687.54,99247.45,79807.36,73.2587,77.605896,1259049.5,2442.277,2933.2122,0.83262885,9.454423,88782.95,93208.25,97633.55,83307.59,103933.97,74457.0,111959.5,64256.32,58930.965,neutral,111959.5,74457.0,neutral,,,,96481.055,1285.7793,1206.6158
2025-07-09,108873.2,112036.8,108273.5,111199.9,167834.73,18458202000.0,2548622.0,87925.1,9671704000.0,106833.37,106543.664,96550.74,1128.834,841.95215,286.8819,62.372585,59.88186,111757.47,106833.37,101909.266,118824.34,99534.27,80244.2,73.36739,74.47108,1426884.2,2536.636,2949.814,0.8599308,10.455805,88782.95,93208.25,97633.55,83307.59,103933.97,74457.0,111959.5,64256.32,58930.965,neutral,111959.5,74457.0,neutral,,,,96550.74,1412.3315,1247.759
2025-07-10,111199.8,117500.0,110432.2,115979.2,225570.22,25573716000.0,3420723.0,119208.75,13523226000.0,107374.9,106772.16,96654.875,1649.2692,1003.4155,645.8536,70.9778,66.25284,113544.36,107374.9,101205.43,119187.98,99842.86,80497.74,82.16184,76.26265,1652454.5,2860.2905,3032.1736,0.94331354,12.9099245,88782.95,93208.25,97633.55,83307.59,103933.97,74457.0,111959.5,64256.32,58930.965,neutral,111959.5,74457.0,neutral,,,,96654.875,1752.437,1348.6946
2025-07-11,115979.2,118882.8,115186.7,117500.0,199819.36,23468288000.0,3481508.0,100784.695,11836216000.0,108053.66,107034.34,96768.07,2159.5398,1234.6404,924.89935,73.08697,67.953224,115299.31,108053.66,100807.99,119536.29,100193.01,80849.73,88.64868,81.39264,1852273.9,2919.9912,3045.4521,0.95880383,15.46721,88782.95,93208.25,97633.55,83307.59,103933.97,74457.0,111959.5,64256.32,58930.965,neutral,111959.5,74457.0,neutral,,,,96768.07,2110.5051,1501.0566
2025-07-12,117500.0,118176.9,116862.4,117389.3,63722.473,7488784400.0,1330505.0,31394.033,3689856500.0,108782.68,107234.016,96861.875,2525.8835,1492.889,1032.9945,72.67296,67.692535,116540.06,108782.68,101025.29,119872.805,100535.086,81197.375,89.03016,86.61356,1788551.4,2805.3132,3010.833,0.93173987,17.841831,88782.95,93208.25,97633.55,83307.59,103933.97,74457.0,111959.5,64256.32,58930.965,neutral,111959.5,74457.0,neutral,,,,96861.875,2400.5657,1680.9585
2025-07-13,117389.4,119655.0,117164.3,119038.3,90052.38,10670542000.0,1810973.0,45809.832,5428491000.0,109646.18,107479.59,96960.17,2915.664,1777.444,1138.2201,74.94937,69.521324,117733.63,109646.18,101558.73,120278.26,100886.86,81495.45,91.68521,89.78802,1878603.8,2782.8408,3000.4304,0.9274805,20.341825,88782.95,93208.25,97633.55,83307.59,103933.97,74457.0,111959.5,64256.32,58930.965,neutral,111959.5,74457.0,neutral,,,,96960.17,2719.0146,1888.5697
2025-07-14,119038.3,123300.0,118862.6,119816.5,221556.12,26804450000.0,4034670.0,113834.67,13772359000.0,110337.875,107716.25,97080.5,3249.8994,2071.935,1177.9644,75.96685,70.352905,119258.76,110337.875,101417.0,120685.72,101249.96,81814.2,88.659134,89.791504,2100159.8,2901.0237,3029.17,0.9576959,23.256664,88782.95,93208.25,97633.55,83307.59,103933.97,74457.0,111959.5,64256.32,58930.965,neutral,111959.5,74457.0,neutral,,,,97080.5,3016.6035,2114.1765
2025-07-15,119816.5,119919.4,115678.1,117738.5,269977.44,31656600000.0,4738657.0,131447.5,15412736000.0,110895.19,107864.055,97197.9,3308.9624,2319.3406,989.6219,68.02186,65.35349,120128.02,110895.19,101662.36,120803.33,101643.445,82483.56,82.111916,87.48542,1830182.4,2996.7576,3053.4124,0.98144543,24.326658,88782.95,93208.25,97633.55,83307.59,103933.97,74457.0,111959.5,64256.32,58930.965,neutral,111959.5,74457.0,neutral,,,,97197.9,3152.059,2321.753
2025-07-16,117738.6,120100.0,117017.1,118590.7,159165.95,18903224000.0,3160880.0,79673.55,9462556000.0,111433.8,107990.016,97314.555,3385.5098,2532.5745,852.93536,69.433716,66.382195,121070.984,111433.8,101796.6,120951.195,102037.95,83124.71,73.76548,81.51218,1989348.4,3002.9106,3054.0022,0.98327065,25.358206,88782.95,93208.25,97633.55,83307.59,103933.97,74457.0,111959.5,64256.32,58930.965,neutral,111959.5,74457.0,neutral,,,,97314.555,3294.7231,2516.347
2025-07-17,118590.7,120951.5,117412.8,119176.6,164274.4,19529126000.0,3301670.0,82532.266,9814513000.0,112017.74,108206.48,97441.94,3453.64,2716.7876,736.85236,70.40128,67.08764,121969.58,112017.74,102065.91,120966.0,102466.74,83967.48,71.577065,75.81815,2153622.8,3041.1814,3063.696,0.9926511,26.49925,88782.95,93208.25,97633.55,83307.59,103933.97,74457.0,111959.5,64256.32,58930.965,neutral,111959.5,74457.0,neutral,,,,97441.94,3429.5222,2698.982
2025-07-18,119176.5,120846.1,116788.9,117896.4,162246.9,19250655000.0,3368152.0,78772.03,9348607000.0,112536.11,108391.88,97567.625,3365.5361,2846.5374,518.9989,65.52088,64.006165,122524.68,112536.11,102547.54,121134.85,102819.82,84504.79,70.38454,71.90903,1991375.9,3113.7542,3083.5662,1.00979,27.23584,88782.95,93208.25,97633.55,83307.59,103933.97,74457.0,111959.5,64256.32,58930.965,neutral,111959.5,74457.0,neutral,,,,97567.625,3463.618,2851.9092
2025-07-19,117896.5,118456.0,117245.9,117814.4,52531.19,6197161000.0,1248912.0,24526.72,2893580500.0,113039.6,108552.945,97688.95,3251.614,2927.5525,324.06146,65.20907,63.80905,122975.58,113039.6,103103.625,121152.52,103202.37,85252.21,68.63443,70.19868,1938844.6,2977.7788,3046.097,0.9775719,27.919815,88782.95,93208.25,97633.55,83307.59,103933.97,74457.0,111959.5,64256.32,58930.965,neutral,111959.5,74457.0,neutral,,,,97688.95,3471.3516,2975.7976
2025-07-20,117814.3,118158.7,117618.0,117854.9,10997.015,1296682900.0,275754.0,5949.406,701543000.0,113494.13,108706.914,97805.32,3128.5342,2967.749,160.78528,65.29691,63.866756,123396.29,113494.13,103591.98,121284.12,103547.13,85810.14,65.75619,68.258385,1949841.6,2803.7017,2995.989,0.93581843,28.554935,88782.95,93208.25,97633.55,83307.59,103933.97,74457.0,111959.5,64256.32,58930.965,neutral,111959.5,74457.0,neutral,,,,97805.32,3462.6323,3073.1646
