open_time,开盘价,最高价,最低价,收盘价,成交量,MA20,MA50,MACD,MACD_Signal,MACD_Hist,RSI,BB_Upper,BB_Middle,BB_Lower,Fib_Ret_0.382,Fib_Ret_0.500,Fib_Ret_0.618,Fib_Ext_1.272,Fib_Trend,Fib_Signal,ATR,ADX,OBV
2025-07-17 17:30:00,118694.3,118772.9,118482.9,118656.3,494.704,118666.836,118442.09,74.078766,94.28201,-20.203249,52.24698,119021.57,118675.61,118329.65,118519.88,118830.35,119140.82,120861.56,neutral,neutral,353.56506,20.240288,-2958.815
2025-07-17 17:45:00,118656.3,119346.9,118593.9,119255.3,2808.83,118714.375,118503.09,173.41922,120.66108,52.758137,68.51627,119168.17,118717.48,118266.78,119195.766,119531.0,119866.234,121724.25,neutral,neutral,403.49445,22.98032,-149.985
2025-07-17 18:00:00,119255.4,119394.3,119186.3,119206.2,1443.006,118783.06,118567.516,212.57475,151.29897,61.275784,66.354355,119262.8,118782.71,118302.625,119305.02,119619.4,119933.77,117562.64,downtrend,neutral,379.05765,25.617266,-1592.991
2025-07-17 18:15:00,119206.3,119767.4,119206.2,119687.4,3478.393,118925.19,118655.74,316.4839,206.36061,110.123276,75.27464,119513.34,118880.92,118248.51,119308.914,119622.55,119936.18,121674.445,neutral,neutral,401.82544,29.529068,1885.402
2025-07-17 18:30:00,119687.3,119787.7,119629.9,119672.9,1735.977,119078.33,118740.65,358.02795,256.91638,101.111565,74.57952,119671.375,118929.71,118188.04,119308.914,119622.55,119936.18,121674.445,neutral,neutral,371.32227,33.027683,149.425
2025-07-17 18:45:00,119672.9,119713.6,119474.2,119582.5,1019.003,119207.35,118833.29,347.49942,287.11075,60.388695,69.88551,119796.79,118988.664,118180.55,119308.914,119622.55,119936.18,121674.445,neutral,neutral,354.83197,33.92703,-869.578
2025-07-17 19:00:00,119582.4,119879.1,119582.4,119798.7,1405.524,119319.2,118906.484,366.1165,313.44598,52.670506,74.384026,119961.97,119083.836,118205.695,119308.914,119622.55,119936.18,121674.445,neutral,neutral,347.56546,35.593334,535.946
2025-07-17 19:15:00,119798.7,119864.0,119631.2,119650.0,817.62,119438.664,118963.08,330.9969,319.2963,11.700597,66.42226,120043.586,119175.47,118307.34,119308.914,119622.55,119936.18,121674.445,neutral,neutral,333.2198,37.051353,-281.674
2025-07-17 19:30:00,119650.0,119678.0,119446.1,119489.4,1003.172,119542.8,118999.96,264.5763,301.0563,-36.47999,58.52858,120045.125,119262.266,118479.41,119308.914,119622.55,119936.18,121674.445,neutral,neutral,320.5548,35.62683,-1284.846
2025-07-17 19:45:00,119489.4,119490.0,118800.0,118948.8,2783.899,119504.484,119018.98,111.05139,237.72133,-126.66994,39.904793,120001.85,119295.48,118589.1,119308.914,119622.55,119936.18,117570.65,downtrend,neutral,366.73547,33.76505,-4068.745
2025-07-17 20:00:00,118948.8,118999.1,118343.2,118761.2,3715.503,119448.86,119019.375,-17.69863,152.58134,-170.27997,35.3507,120014.46,119283.586,118552.71,119308.914,119622.55,119936.18,117570.65,downtrend,neutral,402.88104,34.412518,-7784.248
2025-07-17 20:15:00,118761.2,119119.3,118586.4,119003.6,1764.499,119363.39,119047.0,-44.255848,86.96894,-131.2248,44.84025,119987.17,119309.36,118631.54,119308.914,119622.55,119936.18,117570.65,downtrend,neutral,419.1334,33.856583,-6019.749
2025-07-17 20:30:00,119003.7,119390.0,118999.7,119221.4,1263.463,119306.95,119080.93,-15.838267,52.699875,-68.53814,52.195866,119938.85,119356.45,118774.055,119339.57,119647.35,119955.13,117633.74,downtrend,neutral,415.52924,31.053223,-4756.286
2025-07-17 20:45:00,119221.5,119440.8,119076.9,119428.8,1290.628,119287.734,119097.19,40.659317,48.686356,-8.027039,58.36412,119951.56,119370.91,118790.25,119339.57,119647.35,119955.13,121660.96,neutral,neutral,409.07556,28.186888,-3465.658
2025-07-17 21:00:00,119428.8,120145.9,119410.5,120094.9,7680.755,119324.766,119155.27,197.88368,98.4188,99.46488,71.933556,120118.46,119444.97,118771.48,119955.13,119647.35,119339.57,121660.96,uptrend,fib_golden_zone,449.86612,27.974424,4215.097
2025-07-17 21:15:00,120095.0,120951.5,120094.9,120900.1,9396.811,119481.02,119262.1,431.67456,209.50406,222.17052,80.77149,120534.12,119546.02,118557.93,119955.13,119647.35,119339.57,121660.96,uptrend,neutral,500.70786,30.497149,13611.908
2025-07-17 21:30:00,120900.0,120930.8,120033.4,120615.2,6634.727,119621.75,119360.43,490.44678,303.15164,187.29514,71.480034,120747.336,119624.55,118501.76,119955.13,119647.35,119339.57,121660.96,uptrend,neutral,550.2944,32.2402,6977.181
2025-07-17 21:45:00,120615.2,120752.1,120177.0,120254.8,1405.184,119785.0,119446.48,432.02866,346.11063,85.918015,61.105984,120845.586,119680.58,118515.56,119955.13,119647.35,119339.57,121660.96,uptrend,fib_golden_zone,553.3951,33.765373,5571.997
2025-07-17 22:00:00,120254.8,120450.0,120112.5,120432.4,1729.164,119993.9,119536.1,411.90265,368.04132,43.861343,64.10133,120956.93,119733.38,118509.836,119955.13,119647.35,119339.57,121660.96,uptrend,neutral,526.4082,34.50038,7301.161
2025-07-17 22:15:00,120432.4,120706.1,120041.7,120077.6,2029.247,120128.15,119591.99,313.20673,349.76312,-36.556396,54.346436,121003.14,119769.016,118534.89,119955.13,119647.35,119339.57,121660.96,uptrend,fib_golden_zone,543.65717,36.131405,5271.914
2025-07-17 22:30:00,120077.6,120272.5,120077.4,120162.0,940.763,120245.73,119661.88,257.9706,319.16562,-61.194992,56.19643,121063.41,119825.07,118586.73,119955.13,119647.35,119339.57,121660.96,uptrend,fib_golden_zone,500.08752,37.558548,6212.677
2025-07-17 22:45:00,120162.1,120336.4,119451.3,119767.8,3249.944,120288.1,119714.81,139.03711,259.12277,-120.08567,46.03212,121038.72,119893.32,118747.914,119339.57,119647.35,119955.13,121660.96,neutral,neutral,548.2141,33.369328,2962.733
2025-07-17 23:00:00,119767.8,119878.4,119569.8,119711.0,1406.856,120240.11,119736.51,53.635242,190.62694,-136.9917,44.673805,120949.49,119972.47,118995.445,119339.57,119647.35,119955.13,121660.96,neutral,neutral,518.2623,29.703762,1555.877
2025-07-17 23:15:00,119711.1,119883.3,119428.4,119608.0,1998.507,120078.6,119755.64,-17.338932,121.30498,-138.6439,42.048805,120876.516,120022.836,119169.16,119339.57,119647.35,119955.13,121660.96,neutral,neutral,510.34204,26.525816,-442.63
2025-07-17 23:30:00,119608.0,119665.6,119250.0,119360.1,1084.68,119921.71,119740.055,-104.28899,46.10699,-150.39598,36.09365,120855.06,120034.39,119213.72,119339.57,119647.35,119955.13,117633.74,downtrend,fib_382_reject,498.49927,24.982746,-1527.31
2025-07-17 23:45:00,119360.1,119470.5,119155.0,119176.6,1416.664,119786.94,119716.42,-183.96097,-30.58233,-153.37865,32.160275,120891.85,120013.375,119134.9,119339.57,119647.35,119955.13,117633.74,downtrend,neutral,475.62436,24.267862,-2943.974
2025-07-18 00:00:00,119176.5,119370.0,119003.8,119037.6,1206.858,119612.586,119690.48,-247.20396,-102.78954,-144.41443,29.335087,120926.195,119925.266,118924.34,119489.87,119768.95,120048.03,117943.09,downtrend,neutral,461.94632,24.623762,-4150.832
2025-07-18 00:15:00,119037.6,119592.1,119037.5,119482.0,1339.373,119538.14,119675.4,-186.92358,-130.83423,-56.08936,46.775154,120674.89,119807.09,118939.29,119745.29,119975.6,120205.914,118468.81,downtrend,neutral,473.52805,22.70521,-2811.459
2025-07-18 00:30:00,119481.9,119749.8,119478.0,119731.5,1541.23,119484.33,119679.27,-96.05272,-119.24039,23.187672,54.18186,120482.266,119733.45,118984.63,119747.82,119977.65,120207.48,118474.02,downtrend,fib_382_reject,448.31204,20.104195,-1270.229
2025-07-18 00:45:00,119731.5,119785.1,119500.0,119735.8,1345.464,119480.33,119691.01,-38.73352,-92.40476,53.671246,54.309704,120383.945,119690.2,118996.45,119747.82,119977.65,120207.48,118474.02,downtrend,fib_382_reject,427.91052,18.140873,75.235
2025-07-18 01:00:00,119735.9,120485.8,119636.0,120259.7,3385.753,119548.914,119753.43,95.655235,-29.718098,125.37334,67.284966,120323.45,119675.805,119028.164,120207.48,119977.65,119747.82,121481.27,uptrend,fib_golden_zone,480.6467,20.801277,3460.988
2025-07-18 01:15:00,120259.7,120441.9,120010.4,120167.8,2252.317,119618.89,119820.414,150.38904,30.317614,120.07143,63.58932,120347.42,119683.33,119019.23,120194.69,119967.3,119739.914,121454.945,uptrend,fib_618_bounce,474.50336,23.129131,1208.671
2025-07-18 01:30:00,120167.8,120799.0,120032.3,120374.5,3126.784,119745.69,119885.695,213.87553,91.503586,122.37195,68.176,120413.164,119701.03,118988.9,120113.234,119901.4,119689.56,121287.3,uptrend,fib_golden_zone,511.02795,26.65058,4335.455
2025-07-18 01:45:00,120374.5,120473.2,120250.0,120346.1,852.335,119891.875,119939.25,234.55946,139.18889,95.37059,66.82659,120530.734,119749.23,118967.72,120113.234,119901.4,119689.56,121287.3,uptrend,fib_golden_zone,475.04947,29.731846,3483.12
2025-07-18 02:00:00,120346.1,120362.5,119911.2,120100.0,1565.526,120024.67,119971.21,188.33318,155.57031,32.762856,55.684074,120581.75,119781.64,118981.53,120113.234,119901.4,119689.56,121287.3,uptrend,fib_618_bounce,472.08078,28.731165,1917.594
2025-07-18 02:15:00,120100.0,120314.8,119862.0,120215.5,1185.485,120116.36,119976.96,174.94989,162.03017,12.919722,59.391464,120653.58,119832.266,119010.95,120113.234,119901.4,119689.56,121287.3,uptrend,fib_golden_zone,469.6707,27.377472,3103.079
2025-07-18 02:30:00,120215.5,120400.0,120114.4,120272.7,875.167,120184.016,119947.08,169.8666,164.64232,5.224284,61.263813,120713.3,119908.32,119103.336,120142.34,119924.95,119707.56,121347.2,uptrend,fib_golden_zone,446.66183,26.793795,3978.246
2025-07-18 02:45:00,120272.7,120276.0,120053.2,120075.2,623.648,120226.44,119921.37,121.25392,150.17952,-28.925592,51.6675,120685.19,119983.2,119281.21,119707.56,119924.95,120142.34,121347.2,neutral,neutral,418.6791,25.579699,3354.598
2025-07-18 03:00:00,120075.3,120149.9,119926.0,120084.6,973.775,120204.55,119913.266,89.49174,129.95026,-40.458523,52.08426,120549.484,120070.45,119591.414,119707.56,119924.95,120142.34,121347.2,neutral,neutral,394.33173,23.079802,4328.373
2025-07-18 03:15:00,120084.7,120216.7,119974.0,120046.8,808.471,120189.42,119894.9,59.880398,106.593636,-46.713238,50.059185,120476.625,120117.516,119758.414,119707.56,119924.95,120142.34,121347.2,neutral,neutral,375.37775,21.549452,3519.902
2025-07-18 03:30:00,120046.8,120324.0,119986.7,120324.0,754.223,120183.11,119906.63,92.90819,102.03182,-9.1236315,62.525085,120470.76,120166.89,119863.02,120142.34,119924.95,119707.56,121347.2,uptrend,fib_golden_zone,370.61804,21.243835,4274.125
2025-07-18 03:45:00,120324.0,120492.2,120160.0,120212.8,883.354,120166.45,119909.055,86.17606,96.74657,-10.570507,55.984802,120400.57,120206.64,120012.71,120142.34,119924.95,119707.56,121347.2,uptrend,fib_golden_zone,365.8158,22.41688,3390.771
2025-07-18 04:00:00,120212.8,120221.4,119726.5,119873.9,1381.558,120138.19,119914.1,13.673126,69.05542,-55.382294,40.80747,120426.27,120174.49,119922.71,119728.38,119941.8,120155.21,121338.04,neutral,neutral,381.95132,20.612461,2009.213
2025-07-18 04:15:00,119874.0,120076.9,119818.0,120076.9,650.1,120120.86,119931.53,10.258444,49.45643,-39.197983,50.235413,120423.37,120166.914,119910.46,119890.61,120073.05,120255.49,121266.64,neutral,neutral,366.5699,19.033596,2659.313
2025-07-18 04:30:00,120076.8,120312.1,120070.8,120262.1,895.025,120119.54,119962.68,43.09489,47.335915,-4.2410254,57.449005,120394.81,120157.55,119920.28,120229.016,120038.4,119847.78,121285.49,uptrend,fib_golden_zone,350.91116,17.994257,3554.338
2025-07-18 04:45:00,120262.1,120478.9,120262.0,120387.8,775.906,120158.61,120011.62,83.74929,59.47371,24.275585,61.830196,120407.945,120161.02,119914.1,120170.266,119961.5,119752.734,121327.32,uptrend,fib_golden_zone,334.15976,18.458496,4330.244
2025-07-18 05:00:00,120387.8,120628.6,120165.3,120545.3,2320.654,120216.2,120076.79,132.99232,83.97991,49.012405,66.82367,120506.96,120198.13,119889.305,119905.805,119615.35,119324.89,121515.625,uptrend,neutral,350.3023,19.961737,6650.898
2025-07-18 05:15:00,120545.3,120609.4,120366.0,120537.1,1078.788,120277.484,120148.195,153.23631,107.065384,46.170937,66.29686,120577.055,120224.93,119872.81,119905.805,119615.35,119324.89,121515.625,uptrend,neutral,336.9395,21.277073,5572.11
2025-07-18 05:30:00,120537.0,120545.0,120264.5,120267.6,768.969,120270.44,120185.6,106.17402,106.76826,-0.5942422,50.90808,120576.45,120224.51,119872.56,119905.805,119615.35,119324.89,121515.625,uptrend,fib_golden_zone,329.88458,20.955053,4803.141
2025-07-18 05:45:00,120267.7,120626.2,120267.6,120588.3,1292.476,120317.375,120226.41,135.31108,116.28253,19.02855,62.872547,120651.52,120267.266,119883.01,119905.805,119615.35,119324.89,121515.625,uptrend,neutral,333.474,21.448353,6095.617
2025-07-18 06:00:00,120588.3,120846.1,120289.5,120419.7,2350.703,120385.6,120258.97,113.40316,115.32275,-1.9195802,54.696423,120672.54,120295.195,119917.84,119905.805,119615.35,119324.89,121515.625,uptrend,neutral,361.36475,23.6727,3744.914
2025-07-18 06:15:00,120419.7,120419.8,120153.8,120153.9,785.812,120395.23,120253.93,44.85563,91.83371,-46.978077,44.13909,120665.87,120304.12,119942.37,119905.805,119615.35,119324.89,121515.625,uptrend,fib_golden_zone,349.44415,23.553036,2959.102
2025-07-18 06:30:00,120153.8,120296.0,120076.9,120265.6,843.301,120395.664,120258.59,24.825819,69.49774,-44.671925,48.96834,120661.305,120299.25,119937.195,119905.805,119615.35,119324.89,121515.625,uptrend,fib_golden_zone,333.15112,22.353304,3802.403
2025-07-18 06:45:00,120265.6,120463.2,120231.6,120238.5,644.668,120377.0,120252.12,7.036127,48.677204,-41.64108,47.798706,120662.01,120301.39,119940.77,119905.805,119615.35,119324.89,121515.625,uptrend,fib_golden_zone,320.45724,22.923977,3157.735
2025-07-18 07:00:00,120238.6,120375.7,119999.9,120081.3,933.133,120319.0,120239.51,-33.407322,21.315697,-54.72302,41.14739,120623.33,120318.67,120014.02,119905.805,119615.35,119324.89,121515.625,uptrend,fib_golden_zone,327.3751,20.367113,2224.602
2025-07-18 07:15:00,120081.3,120081.4,119625.4,119666.6,2132.426,120210.19,120218.87,-133.91751,-30.428709,-103.48881,28.809204,120718.125,120284.484,119850.836,119324.89,119615.35,119905.805,121515.625,neutral,neutral,343.45322,20.87427,92.176
2025-07-18 07:30:00,119666.5,119867.7,119641.6,119852.8,1538.022,120158.336,120201.59,-149.50822,-70.12188,-79.386345,38.473373,120734.586,120250.375,119766.164,119324.89,119615.35,119905.805,121515.625,neutral,neutral,328.78406,21.318031,1630.198
2025-07-18 07:45:00,119852.8,119852.9,119300.0,119356.6,3374.032,120004.375,120157.97,-245.81204,-128.68527,-117.12678,27.054855,120813.375,120164.445,119515.51,119324.89,119615.35,119905.805,117715.07,downtrend,fib_382_reject,356.79855,23.956598,-1743.834
2025-07-18 08:00:00,119356.5,119483.2,119230.7,119260.2,2460.638,119859.44,120119.164,-307.49936,-188.28996,-119.2094,25.349606,120809.39,120057.35,119305.31,119324.89,119615.35,119905.805,117715.07,downtrend,neutral,343.76123,26.641993,-4204.472
2025-07-18 08:15:00,119260.2,119425.9,119076.9,119130.2,1884.993,119731.48,120073.71,-352.86835,-243.14943,-109.71892,23.062616,120771.36,119940.11,119108.86,119324.89,119615.35,119905.805,117715.07,downtrend,neutral,344.41608,29.790949,-6089.465
2025-07-18 08:30:00,119130.1,119130.1,118384.6,118460.9,5555.819,119505.89,119998.195,-489.47592,-325.25827,-164.21767,14.957294,120875.53,119789.55,118703.57,119324.89,119615.35,119905.805,117715.07,downtrend,neutral,394.56406,34.810802,-11645.284
2025-07-18 08:45:00,118460.9,118731.2,118412.5,118637.3,2282.757,119305.734,119917.875,-510.62903,-387.04852,-123.58051,23.251179,120758.305,119626.97,118495.63,119324.89,119615.35,119905.805,117715.07,downtrend,neutral,385.08105,39.20317,-9362.527
2025-07-18 09:00:00,118637.3,118904.0,118450.0,118842.5,2064.539,119150.89,119852.625,-459.31516,-411.1374,-48.177746,32.222054,120600.266,119495.53,118390.805,119324.89,119615.35,119905.805,117715.07,downtrend,neutral,393.69592,40.726147,-7297.988
2025-07-18 09:15:00,118842.5,118847.4,118550.0,118649.7,2172.202,119023.77,119794.33,-444.84457,-422.3731,-22.471455,28.562443,120486.27,119370.18,118254.09,119324.89,119615.35,119905.805,117715.07,downtrend,neutral,381.65894,42.05875,-9470.19
2025-07-18 09:30:00,118649.6,118909.7,118640.0,118813.1,926.666,118893.81,119734.15,-384.2688,-409.6717,25.402884,35.774826,120281.375,119249.14,118216.91,119324.89,119615.35,119905.805,117715.07,downtrend,neutral,367.66406,42.299084,-8543.524
2025-07-18 09:45:00,118813.1,119000.0,118808.3,118885.0,1727.41,118834.86,119668.57,-317.6603,-379.00122,61.34091,38.939552,120028.43,119136.35,118244.27,119324.89,119615.35,119905.805,117715.07,downtrend,neutral,345.66855,41.160294,-6816.114
2025-07-18 10:00:00,118885.0,118939.0,118660.0,118680.9,944.21,118762.45,119587.29,-303.34784,-353.78342,50.435596,33.47654,119772.375,119019.65,118266.93,119178.625,119423.9,119669.17,117819.22,downtrend,neutral,337.335,41.1939,-7760.324
2025-07-18 10:15:00,118680.8,118899.8,118503.4,118796.7,1420.95,118720.766,119504.02,-258.667,-322.07794,63.410957,39.129314,119617.96,118947.16,118276.35,119178.625,119423.9,119669.17,117819.22,downtrend,neutral,344.7181,42.171883,-6339.374
2025-07-18 10:30:00,118796.7,118929.5,118750.2,118929.5,865.172,118779.336,119427.47,-195.52237,-279.89276,84.370384,45.343254,119327.85,118870.22,118412.58,119178.625,119423.9,119669.17,117819.22,downtrend,neutral,324.04086,42.518806,-5474.202
2025-07-18 10:45:00,118929.5,119266.0,118888.5,119240.1,1685.001,118854.69,119378.54,-90.96723,-216.91759,125.95035,57.251114,119287.35,118860.51,118433.664,118740.66,119052.85,119365.04,121095.33,neutral,neutral,330.72324,38.088367,-3789.201
2025-07-18 11:00:00,119240.2,119292.0,118980.6,118980.8,879.806,118871.98,119301.99,-76.28014,-170.03844,93.75829,47.229244,119213.01,118837.23,118461.445,118992.43,118656.05,118319.664,120856.79,uptrend,fib_618_bounce,328.30783,33.909893,-4669.007
2025-07-18 11:15:00,118980.8,119039.7,118775.1,118890.3,769.713,118902.05,119229.164,-81.49323,-140.52336,59.030136,44.086807,119160.016,118817.234,118474.45,118860.37,118549.2,118238.03,120584.96,uptrend,fib_618_bounce,320.34436,32.270573,-5438.72
2025-07-18 11:30:00,118890.3,119129.8,118786.9,119104.0,972.161,118938.414,119179.17,-39.886745,-106.97783,67.09108,52.74801,119180.85,118870.83,118560.8,118851.22,118541.8,118232.38,120566.14,uptrend,fib_golden_zone,323.16382,29.655832,-4466.559
2025-07-18 11:45:00,119104.1,119194.5,119035.4,119175.5,435.074,118974.73,119127.266,-0.59319514,-71.51628,70.92309,55.442245,119231.805,118915.67,118599.55,118645.37,118375.25,118105.13,120142.44,uptrend,neutral,302.65582,26.528814,-4031.485
2025-07-18 12:00:00,119175.5,119316.8,119175.5,119304.8,863.776,119052.71,119082.8,46.517082,-32.17183,78.68891,60.226837,119321.03,118954.2,118587.37,118645.37,118375.25,118105.13,120142.44,uptrend,neutral,282.48636,24.13993,-3167.709
2025-07-18 12:15:00,119304.7,119336.8,119126.2,119202.4,658.418,119103.42,119040.945,51.71738,-4.2087593,55.92614,54.790855,119345.64,119000.26,118654.875,118645.37,118375.25,118105.13,120142.44,uptrend,neutral,273.50055,21.372805,-3826.127
2025-07-18 12:30:00,119202.5,119498.7,119202.5,119412.0,1145.869,119163.734,119028.82,92.150055,27.910845,64.23921,62.807327,119434.27,119050.164,118666.06,118645.37,118375.25,118105.13,120142.44,uptrend,neutral,276.3505,20.900387,-2680.258
2025-07-18 12:45:00,119411.9,119519.8,119360.2,119428.5,845.52,119187.29,119008.62,114.0092,56.6103,57.398903,63.403316,119510.39,119095.46,118680.52,118645.37,118375.25,118105.13,120142.44,uptrend,neutral,261.75668,20.72546,-1834.738
2025-07-18 13:00:00,119428.6,119440.4,118859.0,118859.0,3921.311,119172.06,118984.92,12.59494,41.93851,-29.34357,38.53687,119484.67,119110.3,118735.93,118645.37,118375.25,118105.13,120142.44,uptrend,fib_golden_zone,301.7121,21.461496,-5756.049
2025-07-18 13:15:00,118859.0,118911.6,118636.4,118790.9,1865.244,119159.64,118962.58,-58.927254,8.316589,-67.24384,36.537727,119485.51,119109.82,118734.125,118645.37,118375.25,118105.13,120142.44,uptrend,fib_golden_zone,298.39807,23.608027,-7621.293
2025-07-18 13:30:00,118790.8,118888.0,118500.0,118650.1,3492.735,119102.9,118939.71,-123.81007,-35.725628,-88.084435,32.47416,119519.74,119086.53,118653.33,118645.37,118375.25,118105.13,120142.44,uptrend,fib_618_bounce,309.59833,26.275558,-11114.028
2025-07-18 13:45:00,118650.0,118857.1,118600.0,118766.8,1402.405,119051.81,118954.28,-132.76167,-68.07098,-64.6907,39.030937,119498.6,119047.09,118595.58,118645.37,118375.25,118105.13,120142.44,uptrend,fib_golden_zone,303.03604,28.609648,-9711.623
2025-07-18 14:00:00,118766.9,119250.0,118689.6,118971.0,2309.438,119010.086,118970.17,-92.65965,-76.267204,-16.392448,49.117058,119498.2,119046.27,118594.35,118645.37,118375.25,118105.13,120142.44,uptrend,fib_golden_zone,335.20654,25.595274,-7402.185
2025-07-18 14:15:00,118970.9,119036.5,117730.0,117931.1,9744.403,118851.17,118926.77,-263.40805,-138.64748,-124.76056,24.770655,119682.41,118966.34,118250.28,118105.13,118375.25,118645.37,116608.06,downtrend,neutral,456.61823,28.185307,-17146.588
2025-07-18 14:30:00,117931.1,118091.1,117230.7,117749.8,6986.761,118643.4,118883.92,-382.96863,-220.08786,-162.88077,22.50196,119784.06,118853.49,117922.92,118105.13,118375.25,118645.37,116608.06,downtrend,neutral,507.09094,31.837963,-24133.35
2025-07-18 14:45:00,117749.9,118389.6,117731.9,118123.8,4691.1,118480.31,118851.09,-361.81427,-267.33002,-94.484276,36.49909,119744.03,118765.85,117787.67,118105.13,118375.25,118645.37,116608.06,downtrend,fib_382_reject,525.91705,32.60023,-19442.248
2025-07-18 15:00:00,118123.9,118255.3,117723.8,117730.6,2232.351,118339.266,118796.125,-407.39206,-314.01736,-93.37471,29.879759,119689.195,118634.664,117580.14,118105.13,118375.25,118645.37,116608.06,downtrend,neutral,526.6149,33.296864,-21674.6
2025-07-18 15:15:00,117730.5,117922.0,117453.1,117740.3,2858.094,118207.94,118751.336,-412.18927,-346.74133,-65.447945,30.243858,119605.01,118512.83,117420.64,118088.945,118362.15,118635.35,116574.74,downtrend,neutral,519.4006,34.89074,-18816.506
2025-07-18 15:30:00,117740.3,117930.2,117430.0,117632.0,2076.035,118080.67,118695.875,-415.93103,-369.80457,-46.126476,28.327868,119419.37,118364.49,117309.62,118030.17,118314.6,118599.02,116453.77,downtrend,neutral,517.0005,36.368122,-20892.541
2025-07-18 15:45:00,117632.1,118011.9,117484.0,117830.0,1439.792,117963.58,118643.516,-360.54868,-366.71927,6.1705956,36.85977,119140.53,118231.28,117322.03,118030.17,118314.6,118599.02,116453.77,downtrend,neutral,518.3629,36.794353,-19452.748
2025-07-18 16:00:00,117830.1,118053.5,117664.1,117664.1,1471.474,117800.21,118568.47,-343.3326,-358.9237,15.5911,33.01766,119012.09,118131.71,117251.32,118030.17,118314.6,118599.02,116453.77,downtrend,neutral,502.24255,36.699768,-20924.223
2025-07-18 16:15:00,117664.1,117813.9,117518.2,117590.5,1301.261,117757.64,118502.266,-331.16476,-349.67075,18.50598,31.327524,118870.97,118031.67,117192.38,118030.17,118314.6,118599.02,116453.77,downtrend,neutral,476.42474,37.391487,-22225.484
2025-07-18 16:30:00,117590.4,118008.0,117460.0,117900.0,1676.556,117776.414,118455.1,-249.48955,-316.277,66.78745,45.111797,118739.34,117969.164,117198.984,118026.03,118311.25,118596.47,116445.25,downtrend,neutral,485.37164,35.714397,-20548.928
2025-07-18 16:45:00,117900.0,117917.1,117483.7,117543.5,1292.824,117703.875,118380.8,-258.84232,-297.1321,38.28979,35.528347,118528.016,117867.23,117206.43,117861.78,118163.2,118464.62,116191.2,downtrend,neutral,478.87518,34.24694,-21841.752
2025-07-18 17:00:00,117543.5,117651.1,117328.6,117567.7,2646.58,117683.516,118304.234,-247.2514,-280.50522,33.253803,36.595085,118046.29,117750.28,117454.28,117729.04,118019.45,118309.86,116119.484,downtrend,neutral,459.3283,34.085716,-19195.172
2025-07-18 17:15:00,117567.7,117983.8,117542.5,117904.9,1184.434,117704.086,118237.57,-164.62558,-241.87866,77.25308,50.034435,118040.04,117748.1,117456.16,117729.04,118019.45,118309.86,119919.42,neutral,neutral,457.07477,30.211985,-18010.738
2025-07-18 17:30:00,117904.9,117950.0,117553.3,117591.5,826.438,117699.02,118160.86,-169.26674,-217.6747,48.407944,40.683907,118037.05,117734.91,117432.77,117729.04,118019.45,118309.86,116119.484,downtrend,neutral,449.52792,26.822472,-18837.176
2025-07-18 17:45:00,117591.6,117699.7,117420.7,117580.0,996.179,117667.77,118073.625,-166.049,-200.46613,34.41713,40.361,117913.82,117689.59,117465.37,117729.04,118019.45,118309.86,116119.484,downtrend,neutral,428.2119,25.1246,-19833.355
2025-07-18 18:00:00,117580.0,117600.7,117331.6,117386.9,900.586,117633.125,117976.41,-193.08414,-198.00546,4.9213247,34.929977,117929.1,117660.95,117392.8,117647.484,117912.7,118177.914,116177.555,downtrend,neutral,408.32294,24.445883,-20733.941
2025-07-18 18:15:00,117386.9,117673.2,117318.1,117673.2,785.453,117643.46,117919.94,-144.80498,-180.27197,35.46699,47.215923,117920.2,117655.36,117390.516,117400.37,117589.25,117778.13,118824.99,neutral,neutral,401.67007,22.88377,-19948.488
2025-07-18 18:30:00,117673.2,117716.3,117510.8,117545.3,531.177,117599.125,117860.625,-134.68332,-165.07574,30.392437,42.98584,117918.5,117648.13,117377.766,117400.37,117589.25,117778.13,118824.99,neutral,neutral,377.1488,20.927574,-20479.664
2025-07-18 18:45:00,117545.2,117615.3,117204.5,117297.9,1108.386,117568.42,117796.234,-169.60982,-166.58711,-3.022716,35.7566,117905.31,117603.79,117302.266,117349.06,117522.1,117695.13,116390.04,downtrend,neutral,381.3552,22.171381,-21588.05
2025-07-18 19:00:00,117297.9,117395.9,117109.4,117339.1,2940.388,117539.85,117728.25,-173.64355,-168.93925,-4.7042966,37.789314,117903.01,117576.71,117250.41,117271.98,117421.2,117570.42,118397.47,neutral,neutral,369.49832,23.976318,-18647.662
2025-07-18 19:15:00,117339.1,117866.0,117339.1,117779.4,1730.29,117524.164,117671.51,-83.81313,-140.56389,56.750748,55.388515,117934.08,117592.45,117250.82,117570.42,117421.2,117271.98,118397.47,uptrend,fib_golden_zone,389.17352,21.851234,-16917.373
2025-07-18 19:30:00,117779.4,117779.5,117402.0,117475.9,731.947,117509.71,117649.83,-86.29989,-122.47588,36.175995,45.122963,117858.43,117557.11,117255.79,117271.98,117421.2,117570.42,118397.47,neutral,neutral,387.71432,19.991787,-17649.32
2025-07-18 19:45:00,117475.8,117486.9,117286.2,117361.6,824.105,117482.414,117631.34,-105.3828,-116.77819,11.39539,41.72518,117858.69,117541.95,117225.22,117271.98,117421.2,117570.42,118397.47,neutral,neutral,364.33752,17.86573,-18473.426
2025-07-18 20:00:00,117361.7,117399.2,117102.7,117160.1,1562.522,117454.06,117585.45,-149.65004,-127.73547,-21.91457,36.1297,117876.45,117507.984,117139.51,117254.59,117398.45,117542.305,116457.305,downtrend,neutral,355.85785,17.755043,-20035.947
2025-07-18 20:15:00,117160.1,117251.7,116886.0,116980.2,2751.026,117367.44,117549.72,-202.08609,-152.51901,-49.567074,31.701546,117817.195,117430.92,117044.66,117254.59,117398.45,117542.305,116457.305,downtrend,neutral,357.0881,19.349518,-22786.973
2025-07-18 20:30:00,116980.2,117054.7,116788.9,116994.0,4955.099,117298.52,117514.18,-219.79782,-174.94528,-44.85254,32.44256,117812.125,117381.13,116950.14,117251.54,117394.45,117537.36,116459.484,downtrend,neutral,345.6771,21.413797,-17831.873
2025-07-18 20:45:00,116994.0,117532.3,116984.2,117370.1,3093.22,117307.55,117501.71,-147.81415,-165.90158,18.087418,49.77045,117780.914,117363.64,116946.37,117251.54,117394.45,117537.36,118329.42,neutral,neutral,370.97995,19.385925,-14738.654
2025-07-18 21:00:00,117370.0,117837.2,117330.0,117816.8,1183.416,117367.266,117501.08,-14.556148,-115.453094,100.89695,62.941483,117874.086,117399.47,116924.85,117545.83,117401.3,117256.77,118346.84,uptrend,neutral,388.00748,19.752344,-13555.238
2025-07-18 21:15:00,117816.8,117855.8,117654.5,117708.1,1281.41,117358.35,117503.18,41.579674,-63.10884,104.688515,58.580597,117882.71,117402.375,116922.04,117545.83,117401.3,117256.77,118346.84,uptrend,fib_golden_zone,364.66904,20.193733,-14836.648
2025-07-18 21:30:00,117708.1,117832.5,117708.1,117786.8,544.119,117397.21,117512.52,86.66778,-13.183302,99.85108,60.870586,117936.11,117422.5,116908.89,117545.83,117401.3,117256.77,118346.84,uptrend,neutral,334.6354,20.579947,-14292.529
2025-07-18 21:45:00,117786.8,117860.5,117542.3,117648.3,633.954,117433.05,117500.54,81.924416,18.519272,63.405148,54.665287,117971.9,117451.7,116931.5,117545.83,117401.3,117256.77,118346.84,uptrend,fib_golden_zone,332.581,18.968634,-14926.483
2025-07-18 22:00:00,117648.3,117662.2,117379.6,117587.1,1016.58,117486.42,117502.62,63.65562,33.56472,30.0909,51.93586,117992.7,117472.37,116952.03,117574.44,117424.45,117274.46,118405.74,uptrend,fib_618_bounce,326.33334,17.308697,-15943.063
2025-07-18 22:15:00,117587.2,117957.7,117571.5,117862.6,1504.059,117596.73,117516.66,102.66128,56.59691,46.064373,61.921143,118014.33,117479.3,116944.27,117595.82,117441.75,117287.68,118449.75,uptrend,neutral,333.81668,17.14231,-14439.004
2025-07-18 22:30:00,117862.5,117907.2,117754.7,117755.1,581.018,117691.86,117509.52,99.5854,70.92641,28.658998,56.570984,118054.87,117502.57,116950.266,117595.82,117441.75,117287.68,118449.75,uptrend,fib_golden_zone,311.1521,16.996721,-15020.022
2025-07-18 22:45:00,117755.1,117800.0,117568.9,117663.0,729.698,117728.48,117512.93,75.54274,72.46519,3.077557,52.07376,118079.57,117527.68,116975.8,117595.82,117441.75,117287.68,118449.75,uptrend,fib_golden_zone,301.1456,14.963954,-15749.72
2025-07-18 23:00:00,117662.9,117688.2,117433.6,117645.2,760.524,117707.02,117516.03,54.81633,66.58223,-11.765904,51.15678,118084.375,117568.11,117051.84,117664.36,117497.2,117330.04,118590.81,uptrend,fib_618_bounce,295.3274,14.51397,-16510.244
2025-07-18 23:15:00,117645.2,117860.0,117617.3,117808.5,899.623,117719.58,117536.11,71.467125,68.21053,3.256594,58.90263,118053.516,117637.13,117220.75,117707.31,117531.95,117356.59,118679.22,uptrend,fib_golden_zone,288.74896,13.151437,-15610.621
2025-07-18 23:30:00,117808.5,117886.0,117769.3,117840.0,478.85,117726.23,117544.055,83.57867,73.333244,10.245425,60.318817,117945.76,117707.63,117469.51,117707.31,117531.95,117356.59,118679.22,uptrend,fib_golden_zone,267.24286,12.233114,-15131.771
2025-07-18 23:45:00,117840.0,118000.0,117804.5,117896.4,1258.011,117757.234,117560.77,97.262474,81.309654,15.952819,62.983337,117922.76,117751.49,117580.23,117714.35,117537.65,117360.945,118693.72,uptrend,fib_golden_zone,258.275,12.633696,-13873.76
2025-07-19 00:00:00,117896.5,117920.0,117804.1,117907.9,663.385,117797.336,117589.82,102.64072,88.420006,14.22071,63.565327,117945.09,117759.086,117573.08,117747.914,117564.8,117381.69,118762.79,uptrend,fib_golden_zone,240.47812,12.97829,-13210.375
2025-07-19 00:15:00,117907.9,117940.0,117851.2,117940.0,386.391,117807.016,117618.43,106.940636,94.59355,12.347084,65.33993,117982.18,117778.41,117574.63,117747.914,117564.8,117381.69,118762.79,uptrend,fib_golden_zone,221.51836,13.521876,-12823.984
2025-07-19 00:30:00,117940.0,118013.7,117820.6,117884.1,698.289,117823.14,117623.42,93.6577,94.2816,-0.62390107,59.456394,117997.016,117786.516,117576.02,117822.516,117662.45,117502.38,118709.67,uptrend,fib_golden_zone,217.96606,14.906051,-13522.273
2025-07-19 00:45:00,117884.3,117916.1,117682.6,117713.0,528.48,117829.39,117634.71,49.017082,79.19343,-30.176344,44.98999,117993.195,117791.91,117590.625,117716.086,117835.35,117954.61,117055.086,downtrend,fib_382_reject,219.9078,13.651064,-14050.753
2025-07-19 01:00:00,117713.1,117885.0,117588.0,117885.0,662.478,117859.36,117659.63,53.935917,70.774254,-16.838339,57.202515,117988.586,117816.734,117644.88,117746.74,117860.15,117973.56,118602.12,neutral,neutral,229.54433,12.783077,-13388.275
2025-07-19 01:15:00,117885.0,117988.0,117848.4,117961.1,574.376,117878.44,117697.77,68.67354,70.07402,-1.400477,61.60267,118010.34,117824.945,117639.54,117973.56,117860.15,117746.74,118602.12,uptrend,fib_618_bounce,218.30128,11.957362,-12813.899
2025-07-19 01:30:00,117961.1,118060.0,117894.4,118000.1,469.628,117898.45,117746.34,81.25344,73.80049,7.45295,63.826332,118045.336,117845.36,117645.38,117973.56,117860.15,117746.74,118602.12,uptrend,fib_golden_zone,211.71362,12.266639,-12344.271
2025-07-19 01:45:00,118000.0,118094.6,117935.9,118010.0,679.95,117912.65,117794.73,86.45846,78.01981,8.438645,64.43628,118063.01,117874.27,117685.54,117973.56,117860.15,117746.74,118602.12,uptrend,fib_golden_zone,205.08691,13.030242,-11664.321
2025-07-19 02:00:00,118010.0,118065.0,117886.4,118009.0,521.047,117925.29,117825.15,85.12521,80.38828,4.736931,64.308495,118057.484,117904.59,117751.7,117994.19,117887.15,117780.11,118587.43,uptrend,fib_618_bounce,201.77606,12.661462,-12185.368
2025-07-19 02:15:00,118008.9,118065.0,117933.3,117957.7,540.108,117927.5,117831.86,70.538345,77.104965,-6.566624,57.485546,118062.43,117917.02,117771.62,117780.11,117887.15,117994.19,118587.43,neutral,neutral,193.01656,12.338779,-12725.476
2025-07-19 02:30:00,117957.6,118205.5,117957.6,118119.1,982.061,117956.875,117851.43,89.58688,81.26561,8.321275,69.40166,118110.03,117940.28,117770.54,117994.19,117887.15,117780.11,118587.43,uptrend,fib_golden_zone,199.87698,14.374358,-11743.415
2025-07-19 02:45:00,118119.2,118275.0,118104.7,118176.7,761.423,118014.836,117869.99,107.17715,89.90279,17.274359,72.59927,118167.64,117963.64,117759.64,117994.19,117887.15,117780.11,118587.43,uptrend,neutral,196.17986,17.087046,-10981.992
2025-07-19 03:00:00,118176.7,118190.0,118088.0,118184.1,422.2,118052.23,117895.51,113.53458,97.78005,15.754526,73.02184,118215.09,117986.66,117758.22,118053.17,117964.35,117875.53,118545.44,uptrend,neutral,184.40738,18.986534,-10559.792
2025-07-19 03:15:00,118184.1,118286.4,118160.3,118224.3,558.966,118085.125,117925.85,119.41813,104.992744,14.4253845,75.42392,118265.35,118010.35,117755.35,118053.17,117964.35,117875.53,118545.44,uptrend,neutral,177.11896,21.963331,-10000.826
2025-07-19 03:30:00,118224.4,118340.7,118187.8,118265.1,842.822,118118.25,117945.016,124.865005,111.61683,13.248178,77.76782,118315.92,118042.1,117768.28,118053.17,117964.35,117875.53,118545.44,uptrend,neutral,174.09158,25.217947,-9158.004
2025-07-19 03:45:00,118265.0,118312.3,118160.4,118295.2,553.141,118153.9,117970.734,127.76489,116.99952,10.765374,79.45437,118326.0,118090.62,117855.234,118053.17,117964.35,117875.53,118545.44,uptrend,neutral,171.31764,27.144257,-8604.863
2025-07-19 04:00:00,118295.3,118337.5,118206.4,118319.2,573.252,118192.67,118001.984,127.909355,120.63613,7.2732244,80.80866,118358.87,118126.8,117894.734,118053.17,117964.35,117875.53,118545.44,uptrend,neutral,166.29044,29.198994,-8031.611
2025-07-19 04:15:00,118319.1,118333.4,118171.4,118171.4,530.101,118219.39,118027.04,93.748604,111.67362,-17.925018,54.837902,118358.766,118144.33,117929.88,118053.17,117964.35,117875.53,118545.44,uptrend,fib_golden_zone,165.75414,29.683315,-8561.712
2025-07-19 04:30:00,118171.5,118300.0,118130.4,118137.5,388.49,118221.69,118042.71,63.30681,95.551346,-32.24454,50.495304,118355.664,118155.77,117955.88,118053.17,117964.35,117875.53,118545.44,uptrend,fib_golden_zone,166.23486,28.622675,-8950.202
2025-07-19 04:45:00,118137.5,118170.0,118063.4,118104.3,416.629,118212.64,118055.3,36.57308,75.89193,-39.318848,46.30556,118350.0,118163.63,117977.266,118053.17,117964.35,117875.53,118545.44,uptrend,fib_golden_zone,158.7805,25.530403,-9366.831
2025-07-19 05:00:00,118104.3,118155.0,118013.2,118051.1,324.374,118196.016,118062.664,9.421755,53.735203,-44.313446,40.087368,118345.06,118167.14,117989.22,118036.46,118094.55,118152.64,118474.61,neutral,neutral,156.65794,23.268866,-9691.205
2025-07-19 05:15:00,118051.1,118115.0,118020.0,118107.1,267.928,118181.36,118072.15,4.1247234,37.198376,-33.073654,48.568996,118322.016,118179.59,118037.17,118059.945,118113.55,118167.16,118464.27,neutral,neutral,148.9507,21.29002,-9423.277
2025-07-19 05:30:00,118107.2,118256.9,118086.2,118253.3,416.836,118179.89,118087.07,28.749052,34.381935,-5.6328826,64.064125,118333.45,118190.77,118048.09,118167.16,118113.55,118059.945,118464.27,uptrend,neutral,151.66936,21.552498,-9006.441
2025-07-19 05:45:00,118253.4,118264.0,118158.8,118174.0,408.883,118164.734,118100.875,26.346333,31.7034,-5.357068,53.80589,118333.31,118190.55,118047.79,118167.16,118113.55,118059.945,118464.27,uptrend,fib_618_bounce,145.86069,21.936756,-9415.324
2025-07-19 06:00:00,118173.9,118244.1,118152.0,118179.1,363.061,118147.23,118123.07,24.690191,29.365664,-4.6754727,54.354294,118332.98,118190.13,118047.29,118173.88,118122.35,118070.82,118459.484,uptrend,fib_618_bounce,139.14061,22.002499,-9052.263
2025-07-19 06:15:00,118179.1,118179.2,118034.8,118034.8,412.931,118130.15,118130.2,-4.917613,17.937904,-22.855518,39.050877,118334.95,118174.34,118013.734,118070.82,118122.35,118173.88,117785.22,downtrend,neutral,139.79803,20.345495,-9465.194
2025-07-19 06:30:00,118034.8,118131.2,118034.8,118071.2,303.157,118121.86,118135.445,-14.668853,7.068986,-21.737839,43.714592,118318.18,118158.18,117998.19,118070.82,118122.35,118173.88,117785.22,downtrend,fib_382_reject,134.37328,18.895617,-9162.037
2025-07-19 06:45:00,118071.1,118147.8,118071.1,118136.9,161.767,118125.94,118141.96,-7.0281873,2.3699281,-9.398115,51.525307,118286.72,118144.99,118003.26,118070.82,118122.35,118173.88,118459.484,neutral,neutral,127.164116,17.014961,-9000.27
2025-07-19 07:00:00,118136.9,118229.7,118136.8,118225.1,288.982,118147.69,118152.2,14.472583,6.404146,8.068437,60.17991,118253.02,118137.15,118021.27,118112.53,118176.95,118241.37,118598.38,neutral,neutral,122.8811,17.035069,-8711.288
2025-07-19 07:15:00,118225.1,118300.0,118218.1,118244.9,276.145,118164.914,118163.43,29.840996,14.21643,15.624566,61.95872,118270.25,118143.27,118016.3,118241.37,118176.95,118112.53,118598.38,uptrend,fib_618_bounce,117.75846,18.76821,-8435.143
2025-07-19 07:30:00,118245.0,118252.2,118137.5,118138.1,277.903,118150.516,118172.02,16.859089,15.097316,1.7617726,48.363194,118270.3,118143.33,118016.35,118114.87,118180.0,118245.13,118606.14,neutral,neutral,117.37615,17.365784,-8713.046
2025-07-19 07:45:00,118138.2,118178.4,118117.5,118135.0,289.013,118145.64,118172.78,8.047565,12.747399,-4.6998334,48.00647,118271.21,118145.88,118020.555,118114.87,118180.0,118245.13,118606.14,neutral,neutral,110.316635,15.491307,-9002.059
2025-07-19 08:00:00,118134.9,118239.4,118036.1,118036.2,441.799,118127.77,118166.09,-16.189856,3.1016476,-19.291502,37.674088,118273.195,118144.64,118016.09,118114.87,118180.0,118245.13,117753.86,downtrend,neutral,121.93956,15.600288,-9443.858
2025-07-19 08:15:00,118036.2,118098.5,118024.0,118063.9,681.964,118131.414,118160.37,-23.992674,-5.929793,-18.062881,41.77323,118274.695,118141.04,118007.39,118114.87,118180.0,118245.13,117753.86,downtrend,neutral,116.00961,16.010859,-8761.894
2025-07-19 08:30:00,118064.0,118064.0,117904.0,118063.2,612.757,118130.414,118152.695,-27.442253,-13.100613,-14.3416395,41.692387,118248.83,118125.2,118001.57,118114.87,118180.0,118245.13,117753.86,downtrend,neutral,121.50841,18.952545,-9374.651
2025-07-19 08:45:00,118063.1,118140.0,117965.9,118057.2,523.232,118120.45,118142.8,-29.249523,-18.483583,-10.765941,40.900833,118240.3,118115.47,117990.64,118114.87,118180.0,118245.13,117753.86,downtrend,neutral,128.08237,18.811428,-9897.883
2025-07-19 09:00:00,118057.2,118145.3,118033.9,118100.1,337.082,118104.83,118133.51,-20.717987,-19.228384,-1.4896024,48.98081,118228.93,118108.88,117988.836,118114.87,118180.0,118245.13,117753.86,downtrend,neutral,125.99706,18.507483,-9560.801
2025-07-19 09:15:00,118100.0,118212.3,118095.8,118172.7,252.183,118095.8,118126.53,-1.0276806,-13.161483,12.133802,59.825264,118237.0,118120.375,118003.75,118114.87,118180.0,118245.13,118606.14,neutral,neutral,124.80993,16.334589,-9308.618
2025-07-19 09:30:00,118172.6,118277.5,118155.5,118277.5,425.966,118113.23,118131.58,30.234764,1.3039329,28.930832,70.41557,118274.16,118137.57,118000.98,118245.13,118180.0,118114.87,118606.14,uptrend,fib_golden_zone,124.45869,16.204458,-8882.652
2025-07-19 09:45:00,118277.4,118300.0,118158.3,118205.1,387.448,118121.984,118134.8,32.868793,11.825553,21.04324,58.076557,118283.91,118143.25,118002.59,118114.87,118180.0,118245.13,118606.14,neutral,neutral,126.61385,16.657007,-9270.1
2025-07-19 10:00:00,118205.1,118247.0,118142.2,118196.0,291.263,118141.96,118139.164,31.075438,18.242182,12.833257,56.62162,118277.6,118140.83,118004.055,118114.87,118180.0,118245.13,118606.14,neutral,neutral,123.88712,16.42521,-9561.363
2025-07-19 10:15:00,118196.0,118299.9,118195.9,118299.9,290.014,118171.46,118151.016,48.361355,28.281906,20.07945,67.4753,118295.56,118145.41,117995.25,118245.13,118180.0,118114.87,118606.14,uptrend,fib_golden_zone,121.40123,17.670582,-9271.349
2025-07-19 10:30:00,118299.8,118449.9,118280.0,118406.5,632.924,118214.375,118165.27,76.24087,44.268227,31.97264,74.97131,118366.06,118167.77,117969.49,118245.13,118180.0,118114.87,118606.14,uptrend,neutral,127.46358,21.574835,-8638.425
2025-07-19 10:45:00,118406.4,118428.9,118311.8,118410.5,433.938,118258.54,118172.76,89.3034,59.27995,30.023449,75.22132,118421.445,118190.734,117960.02,118205.37,118127.95,118050.53,118634.46,uptrend,neutral,126.16813,24.991055,-8204.487
2025-07-19 11:00:00,118410.6,118456.0,118262.5,118270.2,537.71,118279.8,118177.336,65.79135,61.450417,4.340935,53.396023,118427.61,118210.234,117992.86,118141.234,118044.0,117946.766,118680.125,uptrend,fib_golden_zone,134.58461,25.819876,-8742.197
2025-07-19 11:15:00,118270.1,118436.6,118120.2,118436.5,800.898,118312.77,118189.59,80.89917,67.933334,12.965833,66.74082,118469.69,118241.28,118012.875,118134.85,118035.65,117936.445,118684.67,uptrend,neutral,157.31154,23.194954,-7941.299
2025-07-19 11:30:00,118436.6,118436.6,118333.7,118396.7,478.431,118327.67,118206.83,78.09891,71.32186,6.77705,61.79983,118487.31,118269.08,118050.84,118134.85,118035.65,117936.445,118684.67,uptrend,neutral,150.5101,20.898148,-8419.73
2025-07-19 11:45:00,118396.8,118402.8,118262.0,118300.0,360.442,118339.54,118217.73,54.360718,65.668144,-11.307426,51.080498,118474.88,118289.305,118103.734,118134.85,118035.65,117936.445,118684.67,uptrend,neutral,149.29634,20.722162,-8780.172
2025-07-19 12:00:00,118300.0,118301.4,118113.9,118166.4,558.041,118335.836,118219.125,12.759814,48.032036,-35.27222,39.919716,118464.4,118294.836,118125.27,118134.85,118035.65,117936.445,118684.67,uptrend,fib_golden_zone,154.0718,23.252922,-9338.213
2025-07-19 12:15:00,118166.3,118288.0,118069.4,118175.5,519.068,118320.29,118216.766,-9.886409,28.725887,-38.612297,40.945076,118464.086,118295.07,118126.05,118134.85,118035.65,117936.445,118684.67,uptrend,fib_golden_zone,162.13782,26.086592,-8819.145
2025-07-19 12:30:00,118175.4,118232.7,118100.0,118112.6,462.545,118283.55,118210.47,-34.337276,7.704832,-42.04211,35.991676,118473.32,118281.33,118089.33,117936.445,118035.65,118134.85,118684.67,neutral,neutral,158.45808,28.566053,-9281.69
2025-07-19 12:45:00,118112.5,118223.5,118070.5,118218.1,279.881,118259.5,118214.27,-26.578857,-3.7230644,-22.855793,48.24383,118473.12,118282.41,118091.7,118134.85,118035.65,117936.445,118684.67,uptrend,fib_golden_zone,157.77583,31.193497,-9001.809
2025-07-19 13:00:00,118218.1,118258.7,118117.3,118220.0,328.549,118253.23,118218.32,-20.517908,-9.321346,-11.196563,48.451153,118472.54,118284.41,118096.28,118134.85,118035.65,117936.445,118684.67,uptrend,fib_golden_zone,155.72885,31.911276,-8673.26
2025-07-19 13:15:00,118220.0,118256.1,118174.2,118253.9,239.363,118230.4,118228.69,-9.620324,-9.421005,-0.19931868,52.4186,118469.07,118280.58,118092.08,118134.85,118035.65,117936.445,118684.67,uptrend,fib_golden_zone,146.50024,32.539333,-8433.897
2025-07-19 13:30:00,118253.9,118299.0,118197.4,118242.7,256.342,118211.15,118237.2,-5.068355,-7.970122,2.9017668,50.90836,118443.086,118266.92,118090.766,118134.85,118035.65,117936.445,118684.67,uptrend,fib_golden_zone,140.88771,31.058058,-8690.239
2025-07-19 13:45:00,118242.7,118242.7,118050.0,118167.0,470.677,118194.52,118242.15,-16.644928,-10.861724,-5.7832036,41.483746,118410.43,118246.63,118082.836,118134.85,118035.65,117936.445,118684.67,uptrend,fib_golden_zone,147.36424,32.912743,-9160.916
2025-07-19 14:00:00,118167.0,118203.0,118000.0,118019.2,548.402,118176.125,118240.336,-50.619877,-24.11444,-26.505436,29.179052,118423.77,118225.72,118027.66,117936.445,118035.65,118134.85,118684.67,neutral,neutral,154.31873,35.27746,-9709.318
2025-07-19 14:15:00,118019.3,118149.3,117799.9,117860.2,1641.098,118136.71,118228.914,-97.90938,-48.712753,-49.196625,21.263288,118413.98,118177.695,117941.41,117936.445,118035.65,118134.85,117386.63,downtrend,neutral,178.70387,39.358215,-11350.416
2025-07-19 14:30:00,117860.1,117976.4,117632.0,117789.6,2159.894,118096.336,118210.67,-133.71722,-77.04758,-56.669643,18.643303,118401.43,118127.1,117852.77,117936.445,118035.65,118134.85,117386.63,downtrend,neutral,199.4159,43.90176,-13510.31
2025-07-19 14:45:00,117789.9,117878.8,117615.3,117657.4,1054.474,118026.25,118181.14,-172.99231,-109.02915,-63.963154,14.689257,118416.27,118073.55,117730.83,117936.445,118035.65,118134.85,117386.63,downtrend,neutral,207.4264,47.95887,-14564.784
2025-07-19 15:00:00,117657.4,117944.6,117637.5,117890.0,851.233,117985.0,118166.14,-142.89272,-120.31701,-22.575714,40.564724,118400.53,118050.516,117700.51,117929.04,118025.95,118122.87,117391.91,downtrend,neutral,219.8856,49.131676,-13713.551
2025-07-19 15:15:00,117889.9,118176.1,117889.9,118169.2,1106.305,117974.414,118164.86,-65.707596,-102.11387,36.406277,58.28382,118399.414,118049.99,117700.57,118122.87,118025.95,117929.04,118659.99,uptrend,fib_golden_zone,228.17491,44.209484,-12607.246
2025-07-19 15:30:00,118169.2,118221.7,118071.3,118191.7,651.519,117968.04,118159.71,-14.187158,-72.80497,58.61781,59.42121,118411.99,118056.586,117701.17,118081.66,117982.45,117883.25,118631.47,uptrend,fib_golden_zone,218.45305,39.02803,-11955.727
2025-07-19 15:45:00,118191.7,118191.7,118000.0,118025.6,448.85,117950.36,118141.57,-15.709425,-53.77312,38.063694,48.12126,118385.07,118040.54,117696.016,118018.984,117931.75,117844.516,118502.49,uptrend,fib_618_bounce,215.10892,35.737278,-12404.577
2025-07-19 16:00:00,118025.6,118025.7,117825.1,117869.5,749.821,117931.65,118115.81,-45.564556,-51.036934,5.4723744,39.818855,118350.66,118011.336,117672.016,117843.59,117930.55,118017.51,118499.44,neutral,neutral,213.2953,35.28922,-13154.398
2025-07-19 16:15:00,117869.5,118149.8,117826.9,118096.1,791.778,117961.14,118107.516,-17.292988,-39.78895,22.495962,53.427147,118315.41,117998.18,117680.96,118017.51,117930.55,117843.59,118499.44,uptrend,fib_golden_zone,226.99588,32.369255,-12362.62
2025-07-19 16:30:00,118096.2,118143.7,117988.0,118058.2,450.312,117994.71,118089.51,-7.533377,-29.037092,21.503716,51.169376,118273.83,117982.805,117691.78,118017.51,117930.55,117843.59,118499.44,uptrend,fib_golden_zone,218.0839,29.81429,-12812.932
2025-07-19 16:45:00,118058.2,118125.6,117925.8,117958.1,318.682,118032.3,118068.62,-20.66439,-26.246193,5.581801,45.274044,118238.74,117965.4,117692.055,117843.59,117930.55,118017.51,118499.44,neutral,neutral,215.79842,28.581123,-13131.614
2025-07-19 17:00:00,117958.1,117971.3,117856.6,117867.0,409.693,118029.42,118048.0,-44.53619,-32.342857,-12.193332,40.33937,118228.45,117952.72,117676.984,117843.59,117930.55,118017.51,118499.44,neutral,neutral,203.16112,28.540401,-13541.307
2025-07-19 17:15:00,117867.1,117906.9,117781.1,117807.0,465.989,117984.15,118030.88,-67.485016,-44.05691,-23.428106,37.222,118230.04,117948.28,117666.52,117843.59,117930.55,118017.51,117361.664,downtrend,neutral,193.49097,29.532162,-14007.296
2025-07-19 17:30:00,117807.0,117852.5,117711.6,117785.5,634.226,117933.375,118012.31,-81.4803,-56.531376,-24.948925,36.057114,118230.33,117947.945,117665.555,117783.71,117871.35,117958.99,117297.984,downtrend,fib_382_reject,186.9171,31.254042,-14641.522
2025-07-19 17:45:00,117785.5,117836.1,117703.2,117786.5,374.107,117903.484,117996.79,-85.40711,-66.156624,-19.250492,36.165516,118210.914,117958.7,117706.484,117618.66,117733.8,117848.945,118487.12,neutral,neutral,180.16496,32.864433,-14267.415
2025-07-19 18:00:00,117786.4,117928.6,117728.6,117913.6,341.274,117909.0,117982.29,-59.374477,-63.89591,4.5214286,48.989147,118211.414,117960.664,117709.914,117848.945,117733.8,117618.66,118487.12,uptrend,fib_golden_zone,182.64435,31.47049,-13926.141
2025-07-19 18:15:00,117913.7,117975.3,117824.4,117901.1,406.47,117884.625,117967.1,-44.052284,-57.281364,13.229083,47.8854,118162.99,117938.33,117713.66,117848.945,117733.8,117618.66,118487.12,uptrend,fib_golden_zone,178.6763,28.997583,-14332.611
2025-07-19 18:30:00,117901.1,118018.1,117901.1,117926.2,396.148,117868.125,117951.49,-28.418062,-47.660263,19.242203,50.498173,118093.945,117916.2,117738.45,117848.945,117733.8,117618.66,118487.12,uptrend,fib_golden_zone,170.96677,25.72495,-13936.463
2025-07-19 18:45:00,117926.3,117976.3,117818.0,117841.2,284.383,117853.516,117932.375,-34.321457,-43.213997,8.892538,42.14935,118071.47,117900.836,117730.195,117848.945,117733.8,117618.66,118487.12,uptrend,fib_618_bounce,169.38342,24.681562,-14220.846
2025-07-19 19:00:00,117841.1,117900.3,117562.1,117710.8,1060.353,117833.984,117910.66,-60.898567,-49.108852,-11.789714,32.524982,118082.63,117887.61,117692.58,117618.66,117733.8,117848.945,118487.12,neutral,neutral,190.48549,27.334318,-15281.199
2025-07-19 19:15:00,117710.8,117837.1,117702.5,117835.6,360.082,117837.56,117901.91,-49.414124,-49.21061,-0.20351507,46.23316,118025.59,117865.9,117706.2,117848.945,117733.8,117618.66,118487.12,uptrend,fib_618_bounce,183.4998,29.65548,-14921.117
2025-07-19 19:30:00,117835.7,118124.9,117835.6,118095.9,558.777,117876.36,117913.13,9.082419,-29.7796,38.86202,64.02014,118041.58,117869.04,117696.51,117830.41,117718.8,117607.195,118448.96,uptrend,neutral,196.72482,26.347673,-14362.34
2025-07-19 19:45:00,118095.9,118096.0,117946.8,117978.3,698.816,117900.336,117922.12,19.67652,-13.294227,32.970745,54.51453,118046.34,117870.73,117695.11,117804.51,117697.85,117591.19,118395.664,uptrend,neutral,190.78423,23.453344,-15061.156
2025-07-19 20:00:00,117978.4,118125.7,117929.2,117984.8,423.105,117909.234,117937.71,26.031408,-0.18568155,26.21709,54.945904,118065.04,117880.54,117696.05,117804.51,117697.85,117591.19,118395.664,uptrend,neutral,191.4987,21.44584,-14638.051
2025-07-19 20:15:00,117984.9,117984.9,117873.9,117977.2,201.472,117918.75,117941.86,26.975565,8.868067,18.107498,54.24416,118080.33,117894.73,117709.12,117800.74,117694.8,117588.86,118387.9,uptrend,neutral,181.43636,18.975607,-14839.523
2025-07-19 20:30:00,117977.2,117980.5,117918.8,117953.4,222.263,117922.15,117931.586,21.697199,13.144444,8.552754,51.825916,118086.266,117908.72,117731.164,117789.62,117685.8,117581.984,118365.01,uptrend,neutral,166.46931,16.814154,-15061.786
2025-07-19 20:45:00,117953.4,118054.4,117666.8,117682.3,526.294,117902.29,117907.33,-33.990307,-2.5671394,-31.423166,32.544926,118102.734,117900.03,117697.33,117581.984,117685.8,117789.62,118365.01,neutral,neutral,194.11066,19.036177,-15588.08
2025-07-19 21:00:00,117682.3,117809.0,117500.0,117572.8,1290.373,117885.04,117885.766,-85.05029,-30.061525,-54.98877,27.690435,118131.125,117871.63,117612.14,117581.984,117685.8,117789.62,117006.59,downtrend,fib_382_reject,208.47182,22.63233,-16878.453
2025-07-19 21:15:00,117572.8,117670.1,117245.9,117662.3,2636.021,117863.375,117875.9,-93.1298,-51.084282,-42.045517,36.694843,118130.39,117851.734,117573.07,117581.984,117685.8,117789.62,118365.01,neutral,neutral,235.43784,27.476692,-14242.432
2025-07-19 21:30:00,117662.4,117681.9,117384.6,117445.6,1124.068,117782.086,117844.92,-134.58809,-78.918884,-55.66921,27.146046,118151.52,117811.68,117471.84,117581.984,117685.8,117789.62,117006.59,downtrend,neutral,243.17061,31.440704,-15366.5
2025-07-19 21:45:00,117445.6,117716.0,117445.5,117666.1,542.078,117743.06,117826.25,-109.86959,-89.23579,-20.633804,44.340225,118143.92,117797.09,117450.266,117581.984,117685.8,117789.62,118365.01,neutral,neutral,246.58679,34.052532,-14824.422
2025-07-19 22:00:00,117666.0,117750.0,117491.3,117733.9,583.592,117711.7,117815.58,-77.598564,-85.35671,7.7581496,48.684757,118144.48,117799.016,117453.555,117581.984,117685.8,117789.62,118365.01,neutral,neutral,248.10094,35.447395,-14240.83
2025-07-19 22:15:00,117734.0,117779.9,117661.2,117675.2,604.071,117673.95,117806.445,-66.64376,-79.119064,12.475304,45.126873,118135.71,117785.65,117435.586,117581.984,117685.8,117789.62,118365.01,neutral,neutral,231.92583,35.853085,-14844.901
2025-07-19 22:30:00,117675.2,117816.6,117662.0,117802.0,269.296,117655.02,117806.2,-33.057976,-63.765366,30.70739,53.661236,118068.87,117761.16,117453.45,117581.984,117685.8,117789.62,118365.01,neutral,neutral,222.26009,35.18103,-14575.605
2025-07-19 22:45:00,117802.0,117825.4,117737.7,117758.1,218.791,117664.5,117804.9,-20.653816,-49.39485,28.741034,50.48945,118027.17,117742.805,117458.44,117581.984,117685.8,117789.62,118365.01,neutral,neutral,205.44008,34.332443,-14794.396
2025-07-19 23:00:00,117758.1,117915.8,117706.9,117881.0,349.775,117703.02,117809.4,10.827313,-29.320795,40.14811,58.500977,117998.67,117734.16,117469.65,117581.984,117685.8,117789.62,118365.01,neutral,neutral,205.87257,31.055338,-14444.621
2025-07-19 23:15:00,117881.1,117881.1,117704.2,117758.8,217.945,117715.086,117802.03,5.024754,-17.872278,22.897034,49.255337,117946.414,117715.96,117485.51,117581.984,117685.8,117789.62,118365.01,neutral,neutral,202.25099,28.249453,-14662.566
2025-07-19 23:30:00,117758.8,117906.1,117758.8,117767.3,211.016,117755.3,117795.66,3.0887797,-10.88526,13.974039,49.89791,117894.92,117700.45,117505.98,117581.984,117685.8,117789.62,118365.01,neutral,neutral,195.38213,25.065372,-14451.55
2025-07-19 23:45:00,117767.2,117858.7,117756.5,117814.4,201.633,117773.836,117790.336,10.806852,-3.6545556,14.461408,53.689022,117913.555,117711.46,117509.36,117581.984,117685.8,117789.62,118365.01,neutral,neutral,183.73436,22.347527,-14249.917
2025-07-20 00:00:00,117814.3,117846.7,117666.0,117673.3,305.598,117766.266,117782.336,-12.173623,-6.4942446,-5.6793785,42.459965,117909.09,117719.836,117530.58,117581.984,117685.8,117789.62,118365.01,neutral,neutral,183.35506,22.40519,-14555.515
2025-07-20 00:15:00,117673.4,117774.9,117620.6,117620.6,254.135,117759.44,117778.04,-34.76372,-15.917404,-18.84632,38.913555,117910.125,117716.36,117522.59,117581.984,117685.8,117789.62,118365.01,neutral,neutral,179.72318,23.455153,-14809.65
2025-07-20 00:30:00,117620.6,117772.1,117618.0,117646.6,370.082,117740.016,117769.04,-41.064552,-24.299788,-16.764767,41.715576,117867.85,117733.11,117598.37,117581.984,117685.8,117789.62,118365.01,neutral,neutral,176.52028,24.432117,-14439.568
2025-07-20 00:45:00,117646.5,117974.5,117646.5,117912.5,410.964,117759.31,117760.31,7.9380445,-13.5538435,21.491888,62.331314,117909.414,117753.64,117597.87,117581.984,117685.8,117789.62,118365.01,neutral,neutral,195.45525,23.61692,-14028.604
2025-07-20 01:00:00,117912.5,118054.5,117855.5,117960.2,727.662,117769.21,117759.445,44.647243,5.8465185,38.800724,64.927635,117958.32,117772.5,117586.68,117581.984,117685.8,117789.62,118365.01,neutral,neutral,195.89835,24.388866,-13300.942
2025-07-20 01:15:00,117960.2,118119.6,117951.1,117956.2,634.502,117793.89,117758.086,62.735962,24.809666,37.926296,64.492744,117994.18,117795.914,117597.66,117581.984,117685.8,117789.62,118365.01,neutral,neutral,192.47356,26.105507,-13935.444
2025-07-20 01:30:00,117956.2,118035.6,117916.5,117974.5,323.822,117819.79,117757.96,73.57066,41.06333,32.507328,65.71834,118027.63,117810.29,117592.945,117581.984,117685.8,117789.62,118365.01,neutral,neutral,183.30185,26.44699,-13611.622
2025-07-20 01:45:00,117974.4,118015.5,117875.1,117908.8,261.951,117831.586,117755.836,63.744267,48.623642,15.120624,57.41728,118043.33,117822.85,117602.37,117581.984,117685.8,117789.62,118365.01,neutral,neutral,177.93912,25.39004,-13873.573
2025-07-20 02:00:00,117908.9,117925.9,117785.8,117870.6,378.376,117856.25,117764.8,47.817554,48.354946,-0.5373934,52.885883,118041.78,117821.984,117602.18,117581.984,117685.8,117789.62,118365.01,neutral,neutral,173.20923,22.502104,-14251.949
2025-07-20 02:15:00,117870.5,117900.0,117769.2,117769.3,247.132,117874.836,117774.16,17.14431,37.9514,-20.80709,42.507156,118041.91,117822.86,117603.81,117581.984,117685.8,117789.62,118365.01,neutral,neutral,167.90808,20.405401,-14499.081
2025-07-20 02:30:00,117769.2,117892.0,117741.4,117858.4,197.644,117901.31,117783.49,15.771774,30.558191,-14.786418,52.144386,118047.94,117830.45,117612.96,117581.984,117685.8,117789.62,118365.01,neutral,neutral,165.74457,19.315062,-14301.437
2025-07-20 02:45:00,117858.3,117990.0,117841.6,117957.8,493.289,117906.98,117807.88,33.169765,31.428717,1.7410487,60.71514,118068.56,117842.4,117616.24,117581.984,117685.8,117789.62,118365.01,neutral,neutral,163.57649,18.272097,-13808.148
2025-07-20 03:00:00,117957.8,118085.2,117957.7,117969.4,313.431,117908.125,117822.33,43.741486,35.532974,8.208512,61.65026,118081.11,117867.08,117653.04,117581.984,117685.8,117789.62,118365.01,neutral,neutral,159.06694,19.40499,-13494.717
2025-07-20 03:15:00,117969.4,117985.1,117714.2,117880.1,761.146,117898.61,117829.29,30.690016,33.918655,-3.2286375,50.79165,118055.85,117888.7,117721.555,117581.984,117685.8,117789.62,118365.01,neutral,neutral,173.04607,19.125507,-14255.863
2025-07-20 03:30:00,117880.0,118158.7,117878.0,117967.2,1582.705,117897.7,117843.195,38.36108,35.399464,2.9616182,59.007576,118022.49,117915.414,117808.34,117581.984,117685.8,117789.62,118365.01,neutral,neutral,186.5028,17.835018,-12673.158
2025-07-20 03:45:00,117967.1,117967.2,117893.5,117934.1,324.781,117900.86,117849.484,34.613068,35.13733,-0.5242642,54.94063,118024.67,117917.22,117809.766,117581.984,117685.8,117789.62,118365.01,neutral,neutral,172.40247,16.70584,-12997.939
2025-07-20 04:00:00,117934.2,117955.9,117870.0,117895.7,360.195,117904.0,117856.04,23.508818,31.26116,-7.7523427,50.252815,118017.09,117911.84,117806.586,117581.984,117685.8,117789.62,118365.01,neutral,neutral,161.58965,15.204918,-13358.134
2025-07-20 04:15:00,117895.8,118057.7,117856.7,118038.7,433.419,117937.67,117863.55,43.282158,35.268158,8.014,63.706867,118040.125,117918.72,117797.31,117581.984,117685.8,117789.62,118365.01,neutral,neutral,166.51595,15.7658205,-12924.715
2025-07-20 04:30:00,118038.6,118099.8,117896.9,117907.6,391.16,117943.83,117870.63,27.548729,32.695015,-5.1462874,49.41327,118030.75,117913.14,117795.53,117581.984,117685.8,117789.62,118365.01,neutral,neutral,171.06395,16.951399,-13315.875
2025-07-20 04:45:00,117907.6,117967.0,117900.4,117917.8,178.198,117938.83,117877.8,19.189209,28.19308,-9.003871,50.42294,118031.49,117913.89,117796.29,117581.984,117685.8,117789.62,118365.01,neutral,neutral,158.00595,17.988781,-13137.677
2025-07-20 05:00:00,117917.9,117951.7,117818.7,117854.3,239.849,117924.44,117879.7,1.4033313,19.263165,-17.859833,44.038837,118032.02,117912.53,117793.05,117581.984,117685.8,117789.62,118365.01,neutral,neutral,154.88022,16.559803,-13377.526
2025-07-20 05:15:00,117854.4,117869.8,117769.0,117769.0,218.885,117910.55,117884.26,-25.074472,4.483952,-29.558424,36.747295,118032.09,117912.51,117792.92,117581.984,117685.8,117789.62,118365.01,neutral,neutral,148.1202,14.922352,-13596.411
