open_time,开盘价,最高价,最低价,收盘价,成交量,成交额,MA20,MA50,MA_LONG,MACD,MACD_Signal,MACD_Hist,RSI,RSI_Long,BB_Upper,BB_Middle,BB_Lower,BB_Long_Upper,Stoch_SlowK,Stoch_SlowD,Fib_Ret_0.236,Fib_Ret_0.382,Fib_Ret_0.500,Fib_Ret_0.618,Fib_Ret_0.786,Fib_Ext_1.272,Fib_Trend,Fib_Signal,Fib_Support_Level,Fib_Resistance_Level,ATR,ATR_Long,ADX,OBV
2025-07-17 22:30:00,120077.6,120272.5,120077.4,120162.0,940.763,113055060.0,120245.73,119661.88,118881.375,257.9706,319.16562,-61.194992,56.19643,58.30201,121063.41,119825.07,118586.73,120587.58,58.517708,67.10386,120335.94,119955.13,119647.35,119339.57,118901.375,121660.96,uptrend,fib_golden_zone,119955.13,121660.96,500.08752,439.5925,37.558548,6212.677
2025-07-17 22:45:00,120162.1,120336.4,119451.3,119767.8,3249.944,389367100.0,120288.1,119714.81,118903.695,139.03711,259.12277,-120.08567,46.03212,54.22703,121038.72,119893.32,118747.914,120600.65,41.082092,55.125328,118958.76,119339.57,119647.35,119955.13,120393.32,121660.96,neutral,neutral,,,548.2141,460.80713,33.369328,2962.733
2025-07-17 23:00:00,119767.8,119878.4,119569.8,119711.0,1406.856,168466960.0,120240.11,119736.51,118914.195,53.635242,190.62694,-136.9917,44.673805,53.659603,120949.49,119972.47,118995.445,120619.98,29.139149,42.912983,118958.76,119339.57,119647.35,119955.13,120393.32,121660.96,neutral,neutral,,,518.2623,453.55917,29.703762,1555.877
2025-07-17 23:15:00,119711.1,119883.3,119428.4,119608.0,1998.507,239022700.0,120078.6,119755.64,118925.64,-17.338932,121.30498,-138.6439,42.048805,52.611385,120876.516,120022.836,119169.16,120630.57,17.406147,29.20913,118958.76,119339.57,119647.35,119955.13,120393.32,121660.96,neutral,neutral,,,510.34204,453.62305,26.525816,-442.63
2025-07-17 23:30:00,119608.0,119665.6,119250.0,119360.1,1084.68,129573030.0,119921.71,119740.055,118936.58,-104.28899,46.10699,-150.39598,36.09365,50.136322,120855.06,120034.39,119213.72,120623.58,12.894183,19.81316,118958.76,119339.57,119647.35,119955.13,120393.32,117633.74,downtrend,fib_382_reject,119339.57,119647.35,498.49927,451.8124,24.982746,-1527.31
2025-07-17 23:45:00,119360.1,119470.5,119155.0,119176.6,1416.664,168986030.0,119786.94,119716.42,118946.78,-183.96097,-30.58233,-153.37865,32.160275,48.367798,120891.85,120013.375,119134.9,120606.46,7.507294,12.602542,118958.76,119339.57,119647.35,119955.13,120393.32,117633.74,downtrend,neutral,117633.74,119339.57,475.62436,445.32135,24.267862,-2943.974
2025-07-18 00:00:00,119176.5,119370.0,119003.8,119037.6,1206.858,143806640.0,119612.586,119690.48,118955.64,-247.20396,-102.78954,-144.41443,29.335087,47.047817,120926.195,119925.266,118924.34,120580.63,3.830083,8.077187,119144.56,119489.87,119768.95,120048.03,120445.37,117943.09,downtrend,neutral,117943.09,119489.87,461.94632,441.55365,24.623762,-4150.832
2025-07-18 00:15:00,119037.6,119592.1,119037.5,119482.0,1339.373,159849040.0,119538.14,119675.4,118977.54,-186.92358,-130.83423,-56.08936,46.775154,51.491817,120674.89,119807.09,118939.29,120560.664,13.271231,8.202869,119460.33,119745.29,119975.6,120205.914,120533.81,118468.81,downtrend,neutral,118468.81,119745.29,473.52805,446.93683,22.70521,-2811.459
2025-07-18 00:30:00,119481.9,119749.8,119478.0,119731.5,1541.23,184361440.0,119484.33,119679.27,119003.0,-96.05272,-119.24039,23.187672,54.18186,53.77857,120482.266,119733.45,118984.63,120565.72,40.387108,19.162807,119463.46,119747.82,119977.65,120207.48,120534.695,118474.02,downtrend,fib_382_reject,118474.02,119747.82,448.31204,438.597,20.104195,-1270.229
2025-07-18 00:45:00,119731.5,119785.1,119500.0,119735.8,1345.464,161002860.0,119480.33,119691.01,119030.5,-38.73352,-92.40476,53.671246,54.309704,53.817966,120383.945,119690.2,118996.45,120555.414,67.284676,40.31434,119463.46,119747.82,119977.65,120207.48,120534.695,118474.02,downtrend,fib_382_reject,118474.02,119747.82,427.91052,431.2876,18.140873,75.235
2025-07-18 01:00:00,119735.9,120485.8,119636.0,120259.7,3385.753,406545920.0,119548.914,119753.43,119068.72,95.655235,-29.718098,125.37334,67.284966,58.35859,120323.45,119675.805,119028.164,120573.945,83.57096,63.747585,120491.84,120207.48,119977.65,119747.82,119420.61,121481.27,uptrend,fib_golden_zone,120207.48,121481.27,480.6467,451.21677,20.801277,3460.988
2025-07-18 01:15:00,120259.7,120441.9,120010.4,120167.8,2252.317,270721020.0,119618.89,119820.414,119105.5,150.38904,30.317614,120.07143,63.58932,57.32056,120347.42,119683.33,119019.23,120607.18,82.17174,77.6758,120476.03,120194.69,119967.3,119739.914,119416.18,121454.945,uptrend,fib_618_bounce,119967.3,120194.69,474.50336,450.27786,23.129131,1208.671
2025-07-18 01:30:00,120167.8,120799.0,120032.3,120374.5,3126.784,376693600.0,119745.69,119885.695,119149.234,213.87553,91.503586,122.37195,68.176,59.04111,120413.164,119701.03,118988.9,120655.82,79.879906,81.8742,120375.336,120113.234,119901.4,119689.56,119387.98,121287.3,uptrend,fib_golden_zone,120113.234,121287.3,511.02795,465.34558,26.65058,4335.455
2025-07-18 01:45:00,120374.5,120473.2,120250.0,120346.1,852.335,102569930.0,119891.875,119939.25,119195.47,234.55946,139.18889,95.37059,66.82659,58.69972,120530.734,119749.23,118967.72,120698.2,76.39503,79.48222,120375.336,120113.234,119901.4,119689.56,119387.98,121287.3,uptrend,fib_golden_zone,120113.234,121287.3,475.04947,453.81485,29.731846,3483.12
2025-07-18 02:00:00,120346.1,120362.5,119911.2,120100.0,1565.526,188050220.0,120024.67,119971.21,119243.375,188.33318,155.57031,32.762856,55.684074,55.765804,120581.75,119781.64,118981.53,120718.21,65.90937,74.06143,120375.336,120113.234,119901.4,119689.56,119387.98,121287.3,uptrend,fib_618_bounce,119901.4,120113.234,472.08078,453.6951,28.731165,1917.594
2025-07-18 02:15:00,120100.0,120314.8,119862.0,120215.5,1185.485,142336100.0,120116.36,119976.96,119284.125,174.94989,162.03017,12.919722,59.391464,56.82912,120653.58,119832.266,119010.95,120747.44,58.818443,67.04095,120375.336,120113.234,119901.4,119689.56,119387.98,121287.3,uptrend,fib_golden_zone,120113.234,121287.3,469.6707,453.65247,27.377472,3103.079
2025-07-18 02:30:00,120215.5,120400.0,120114.4,120272.7,875.167,105267704.0,120184.016,119947.08,119328.11,169.8666,164.64232,5.224284,61.263813,57.36209,120713.3,119908.32,119103.336,120775.586,52.30424,59.010685,120411.32,120142.34,119924.95,119707.56,119398.055,121347.2,uptrend,fib_golden_zone,120142.34,121347.2,446.66183,445.64996,26.793795,3978.246
2025-07-18 02:45:00,120272.7,120276.0,120053.2,120075.2,623.648,74929650.0,120226.44,119921.37,119368.85,121.25392,150.17952,-28.925592,51.6675,54.904655,120685.19,119983.2,119281.21,120791.79,44.19355,51.772076,119438.586,119707.56,119924.95,120142.34,120451.85,121347.2,neutral,neutral,,,418.6791,435.03806,25.579699,3354.598
2025-07-18 03:00:00,120075.3,120149.9,119926.0,120084.6,973.775,116872744.0,120204.55,119913.266,119408.76,89.49174,129.95026,-40.458523,52.08426,55.000996,120549.484,120070.45,119591.414,120808.29,33.752163,43.41665,119438.586,119707.56,119924.95,120142.34,120451.85,121347.2,neutral,neutral,,,394.33173,424.98386,23.079802,4328.373
2025-07-18 03:15:00,120084.7,120216.7,119974.0,120046.8,808.471,97108616.0,120189.42,119894.9,119452.57,59.880398,106.593636,-46.713238,50.059185,54.509296,120476.625,120117.516,119758.414,120798.45,25.581913,34.50921,119438.586,119707.56,119924.95,120142.34,120451.85,121347.2,neutral,neutral,,,375.37775,416.30368,21.549452,3519.902
2025-07-18 03:30:00,120046.8,120324.0,119986.7,120324.0,754.223,90642310.0,120183.11,119906.63,119490.06,92.90819,102.03182,-9.1236315,62.525085,57.439064,120470.76,120166.89,119863.02,120780.14,46.62196,35.31868,120411.32,120142.34,119924.95,119707.56,119398.055,121347.2,uptrend,fib_golden_zone,120142.34,121347.2,370.61804,412.5416,21.243835,4274.125
2025-07-18 03:45:00,120324.0,120492.2,120160.0,120212.8,883.354,106310110.0,120166.45,119909.055,119521.91,86.17606,96.74657,-10.570507,55.984802,55.92203,120400.57,120206.64,120012.71,120764.875,57.258026,43.153965,120411.32,120142.34,119924.95,119707.56,119398.055,121347.2,uptrend,fib_golden_zone,120142.34,121347.2,365.8158,408.71582,22.41688,3390.771
2025-07-18 04:00:00,120212.8,120221.4,119726.5,119873.9,1381.558,165696270.0,120138.19,119914.1,119542.984,13.673126,69.05542,-55.382294,40.80747,51.564007,120426.27,120174.49,119922.71,120746.375,53.59628,52.49209,119464.33,119728.38,119941.8,120155.21,120459.06,121338.04,neutral,neutral,,,381.95132,412.81982,20.612461,2009.213
2025-07-18 04:15:00,119874.0,120076.9,119818.0,120076.9,650.1,77951530.0,120120.86,119931.53,119570.75,10.258444,49.45643,-39.197983,50.235413,53.827126,120423.37,120166.914,119910.46,120743.69,40.225758,50.36002,119664.88,119890.61,120073.05,120255.49,120515.234,121266.64,neutral,neutral,,,366.5699,405.4903,19.033596,2659.313
2025-07-18 04:30:00,120076.8,120312.1,120070.8,120262.1,895.025,107596020.0,120119.54,119962.68,119598.195,43.09489,47.335915,-4.2410254,57.449005,55.80521,120394.81,120157.55,119920.28,120753.15,44.987156,46.26973,120464.87,120229.016,120038.4,119847.78,119576.4,121285.49,uptrend,fib_golden_zone,120229.016,121285.49,350.91116,397.67172,17.994257,3554.338
2025-07-18 04:45:00,120262.1,120478.9,120262.0,120387.8,775.906,93422720.0,120158.61,120011.62,119633.91,83.74929,59.47371,24.275585,61.830196,57.114548,120407.945,120161.02,119914.1,120686.72,67.35884,50.857254,120428.57,120170.266,119961.5,119752.734,119455.51,121327.32,uptrend,fib_golden_zone,120170.266,121327.32,334.15976,389.06354,18.458496,4330.244
2025-07-18 05:00:00,120387.8,120628.6,120165.3,120545.3,2320.654,279315230.0,120216.2,120076.79,119670.94,132.99232,83.97991,49.012405,66.82367,58.723408,120506.96,120198.13,119889.305,120677.984,82.36016,64.902054,120265.19,119905.805,119615.35,119324.89,118911.36,121515.625,uptrend,neutral,119905.805,121515.625,350.3023,392.5986,19.961737,6650.898
2025-07-18 05:15:00,120545.3,120609.4,120366.0,120537.1,1078.788,130010180.0,120277.484,120148.195,119697.29,153.23631,107.065384,46.170937,66.29686,58.60322,120577.055,120224.93,119872.81,120704.664,88.99614,79.57172,120265.19,119905.805,119615.35,119324.89,118911.36,121515.625,uptrend,neutral,119905.805,121515.625,336.9395,385.49393,21.277073,5572.11
2025-07-18 05:30:00,120537.0,120545.0,120264.5,120267.6,768.969,92582630.0,120270.44,120185.6,119722.61,106.17402,106.76826,-0.5942422,50.90808,54.73725,120576.45,120224.51,119872.56,120690.39,80.20175,83.852684,120265.19,119905.805,119615.35,119324.89,118911.36,121515.625,uptrend,fib_golden_zone,119905.805,121515.625,329.88458,380.4942,20.955053,4803.141
2025-07-18 05:45:00,120267.7,120626.2,120267.6,120588.3,1292.476,155730560.0,120317.375,120226.41,119757.734,135.31108,116.28253,19.02855,62.872547,58.184,120651.52,120267.266,119883.01,120732.48,81.62254,83.60681,120265.19,119905.805,119615.35,119324.89,118911.36,121515.625,uptrend,neutral,119905.805,121515.625,333.474,379.45163,21.448353,6095.617
2025-07-18 06:00:00,120588.3,120846.1,120289.5,120419.7,2350.703,283423260.0,120385.6,120258.97,119791.72,113.40316,115.32275,-1.9195802,54.696423,55.836864,120672.54,120295.195,119917.84,120751.25,66.67086,76.165054,120265.19,119905.805,119615.35,119324.89,118911.36,121515.625,uptrend,neutral,119905.805,121515.625,361.36475,387.88727,23.6727,3744.914
2025-07-18 06:15:00,120419.7,120419.8,120153.8,120153.9,785.812,94508960.0,120395.23,120253.93,119822.74,44.85563,91.83371,-46.978077,44.13909,52.341698,120665.87,120304.12,119942.37,120759.414,46.681583,64.99166,120265.19,119905.805,119615.35,119324.89,118911.36,121515.625,uptrend,fib_golden_zone,119905.805,121515.625,349.44415,382.0831,23.553036,2959.102
2025-07-18 06:30:00,120153.8,120296.0,120076.9,120265.6,843.301,101367190.0,120395.664,120258.59,119853.93,24.825819,69.49774,-44.671925,48.96834,53.62267,120661.305,120299.25,119937.195,120772.086,23.182787,45.51174,120265.19,119905.805,119615.35,119324.89,118911.36,121515.625,uptrend,fib_golden_zone,119905.805,121515.625,333.15112,374.32202,22.353304,3802.403
2025-07-18 06:45:00,120265.6,120463.2,120231.6,120238.5,644.668,77586540.0,120377.0,120252.12,119878.195,7.036127,48.677204,-41.64108,47.798706,53.258007,120662.01,120301.39,119940.77,120778.125,15.185089,28.34982,120265.19,119905.805,119615.35,119324.89,118911.36,121515.625,uptrend,fib_golden_zone,119905.805,121515.625,320.45724,367.52573,22.923977,3157.735
2025-07-18 07:00:00,120238.6,120375.7,119999.9,120081.3,933.133,112147100.0,120319.0,120239.51,119903.414,-33.407322,21.315697,-54.72302,41.14739,51.139767,120623.33,120318.67,120014.02,120758.06,18.386766,18.918213,120265.19,119905.805,119615.35,119324.89,118911.36,121515.625,uptrend,fib_golden_zone,119905.805,121515.625,327.3751,367.91974,20.367113,2224.602
2025-07-18 07:15:00,120081.3,120081.4,119625.4,119666.6,2132.426,255500780.0,120210.19,120218.87,119921.78,-133.91751,-30.428709,-103.48881,28.809204,46.064835,120718.125,120284.484,119850.836,120714.51,11.334476,14.968777,118965.516,119324.89,119615.35,119905.805,120319.336,121515.625,neutral,neutral,,,343.45322,372.11404,20.87427,92.176
2025-07-18 07:30:00,119666.5,119867.7,119641.6,119852.8,1538.022,184152880.0,120158.336,120201.59,119932.64,-149.50822,-70.12188,-79.386345,38.473373,48.47541,120734.586,120250.375,119766.164,120625.805,10.541081,13.420774,118965.516,119324.89,119615.35,119905.805,120319.336,121515.625,neutral,neutral,,,328.78406,365.16098,21.318031,1630.198
2025-07-18 07:45:00,119852.8,119852.9,119300.0,119356.6,3374.032,403311800.0,120004.375,120157.97,119935.375,-245.81204,-128.68527,-117.12678,27.054855,43.08699,120813.375,120164.445,119515.51,120642.266,8.956552,10.2773695,118965.516,119324.89,119615.35,119905.805,120319.336,117715.07,downtrend,fib_382_reject,119324.89,119615.35,356.79855,374.10092,23.956598,-1743.834
2025-07-18 08:00:00,119356.5,119483.2,119230.7,119260.2,2460.638,293644320.0,119859.44,120119.164,119927.61,-307.49936,-188.28996,-119.2094,25.349606,42.13165,120809.39,120057.35,119305.31,120689.516,8.629351,9.375661,118965.516,119324.89,119615.35,119905.805,120319.336,117715.07,downtrend,neutral,117715.07,119324.89,343.76123,368.31042,26.641993,-4204.472
2025-07-18 08:15:00,119260.2,119425.9,119076.9,119130.2,1884.993,224792370.0,119731.48,120073.71,119917.74,-352.86835,-243.14943,-109.71892,23.062616,40.849167,120771.36,119940.11,119108.86,120745.68,3.7013876,7.095763,118965.516,119324.89,119615.35,119905.805,120319.336,117715.07,downtrend,neutral,117715.07,119324.89,344.41608,367.39087,29.790949,-6089.465
2025-07-18 08:30:00,119130.1,119130.1,118384.6,118460.9,5555.819,659494900.0,119505.89,119998.195,119897.35,-489.47592,-325.25827,-164.21767,14.957294,35.077084,120875.53,119789.55,118703.57,120879.17,3.3567762,5.2291713,118965.516,119324.89,119615.35,119905.805,120319.336,117715.07,downtrend,neutral,117715.07,119324.89,394.56406,385.40082,34.810802,-11645.284
2025-07-18 08:45:00,118460.9,118731.2,118412.5,118637.3,2282.757,270616860.0,119305.734,119917.875,119876.234,-510.62903,-387.04852,-123.58051,23.251179,37.520264,120758.305,119626.97,118495.63,120945.484,7.523186,4.86045,118965.516,119324.89,119615.35,119905.805,120319.336,117715.07,downtrend,neutral,117715.07,119324.89,385.08105,382.2246,39.20317,-9362.527
2025-07-18 09:00:00,118637.3,118904.0,118450.0,118842.5,2064.539,245044270.0,119150.89,119852.625,119861.555,-459.31516,-411.1374,-48.177746,32.222054,40.26593,120600.266,119495.53,118390.805,120957.3,16.533104,9.137689,118965.516,119324.89,119615.35,119905.805,120319.336,117715.07,downtrend,neutral,117715.07,119324.89,393.69592,385.6425,40.726147,-7297.988
2025-07-18 09:15:00,118842.5,118847.4,118550.0,118649.7,2172.202,257872340.0,119023.77,119794.33,119846.29,-444.84457,-422.3731,-22.471455,28.562443,38.592785,120486.27,119370.18,118254.09,120975.75,21.274052,15.110113,118965.516,119324.89,119615.35,119905.805,120319.336,117715.07,downtrend,neutral,117715.07,119324.89,381.65894,381.44046,42.05875,-9470.19
2025-07-18 09:30:00,118649.6,118909.7,118640.0,118813.1,926.666,110066140.0,118893.81,119734.15,119843.82,-384.2688,-409.6717,25.402884,35.774826,40.782467,120281.375,119249.14,118216.91,120985.42,29.3112,22.372786,118965.516,119324.89,119615.35,119905.805,120319.336,117715.07,downtrend,neutral,117715.07,119324.89,367.66406,376.11948,42.299084,-8543.524
2025-07-18 09:45:00,118813.1,119000.0,118808.3,118885.0,1727.41,205429900.0,118834.86,119668.57,119846.07,-317.6603,-379.00122,61.34091,38.939552,41.742268,120028.43,119136.35,118244.27,120976.18,35.03813,28.541128,118965.516,119324.89,119615.35,119905.805,120319.336,117715.07,downtrend,neutral,117715.07,119324.89,345.66855,367.3376,41.160294,-6816.114
2025-07-18 10:00:00,118885.0,118939.0,118660.0,118680.9,944.21,112143660.0,118762.45,119587.29,119840.2,-303.34784,-353.78342,50.435596,33.47654,39.81864,119772.375,119019.65,118266.93,120967.3,42.268215,35.53918,118875.15,119178.625,119423.9,119669.17,120018.38,117819.22,downtrend,neutral,117819.22,119178.625,337.335,363.13104,41.1939,-7760.324
2025-07-18 10:15:00,118680.8,118899.8,118503.4,118796.7,1420.95,168622140.0,118720.766,119504.02,119832.48,-258.667,-322.07794,63.410957,39.129314,41.42669,119617.96,118947.16,118276.35,120958.26,51.0654,42.79058,118875.15,119178.625,119423.9,119669.17,120018.38,117819.22,downtrend,neutral,117819.22,119178.625,344.7181,364.71527,42.171883,-6339.374
2025-07-18 10:30:00,118796.7,118929.5,118750.2,118929.5,865.172,102827790.0,118779.336,119427.47,119823.4,-195.52237,-279.89276,84.370384,45.343254,43.25253,119327.85,118870.22,118412.58,120938.35,64.10757,52.480392,118875.15,119178.625,119423.9,119669.17,120018.38,117819.22,downtrend,neutral,117819.22,119178.625,324.04086,355.886,42.518806,-5474.202
2025-07-18 10:45:00,118929.5,119266.0,118888.5,119240.1,1685.001,200662660.0,118854.69,119378.54,119807.86,-90.96723,-216.91759,125.95035,57.251114,47.287746,119287.35,118860.51,118433.664,120912.695,83.06043,66.0778,118354.38,118740.66,119052.85,119365.04,119809.52,121095.33,neutral,neutral,,,330.72324,356.91522,38.088367,-3789.201
2025-07-18 11:00:00,119240.2,119292.0,118980.6,118980.8,879.806,104812856.0,118871.98,119301.99,119772.96,-76.28014,-170.03844,93.75829,47.229244,44.513153,119213.01,118837.23,118461.445,120864.83,81.44107,76.20302,119408.63,118992.43,118656.05,118319.664,117840.75,120856.79,uptrend,fib_618_bounce,118656.05,118992.43,328.30783,354.74783,33.909893,-4669.007
2025-07-18 11:15:00,118980.8,119039.7,118775.1,118890.3,769.713,91499540.0,118902.05,119229.164,119741.6,-81.49323,-140.52336,59.030136,44.086807,43.576164,119160.016,118817.234,118474.45,120824.086,68.73434,77.74528,119245.37,118860.37,118549.2,118238.03,117795.016,120584.96,uptrend,fib_618_bounce,118860.37,120584.96,320.34436,350.45508,32.270573,-5438.72
2025-07-18 11:30:00,118890.3,119129.8,118786.9,119104.0,972.161,115675080.0,118938.414,119179.17,119720.68,-39.886745,-106.97783,67.09108,52.74801,46.374886,119180.85,118870.83,118560.8,120802.18,61.919857,70.69842,119234.06,118851.22,118541.8,118232.38,117791.85,120566.14,uptrend,fib_golden_zone,118851.22,120566.14,323.16382,350.0953,29.655832,-4466.559
2025-07-18 11:45:00,119104.1,119194.5,119035.4,119175.5,435.074,51827732.0,118974.73,119127.266,119697.83,-0.59319514,-71.51628,70.92309,55.442245,47.293335,119231.805,118915.67,118599.55,120763.836,70.149635,66.93461,118979.57,118645.37,118375.25,118105.13,117720.57,120142.44,uptrend,neutral,118645.37,120142.44,302.65582,341.0003,26.528814,-4031.485
2025-07-18 12:00:00,119175.5,119316.8,119175.5,119304.8,863.776,103002296.0,119052.71,119082.8,119683.77,46.517082,-32.17183,78.68891,60.226837,48.95343,119321.03,118954.2,118587.37,120707.4,86.42313,72.83087,118979.57,118645.37,118375.25,118105.13,117720.57,120142.44,uptrend,neutral,118645.37,120142.44,282.48636,331.49075,24.13993,-3167.709
2025-07-18 12:15:00,119304.7,119336.8,119126.2,119202.4,658.418,78517700.0,119103.42,119040.945,119666.33,51.71738,-4.2087593,55.92614,54.790855,47.703995,119345.64,119000.26,118654.875,120631.79,86.393906,80.98889,118979.57,118645.37,118375.25,118105.13,117720.57,120142.44,uptrend,neutral,118645.37,120142.44,273.50055,325.73407,21.372805,-3826.127
2025-07-18 12:30:00,119202.5,119498.7,119202.5,119412.0,1145.869,136806160.0,119163.734,119028.82,119659.86,92.150055,27.910845,64.23921,62.807327,50.423485,119434.27,119050.164,118666.06,120534.85,87.324326,86.71378,118979.57,118645.37,118375.25,118105.13,117720.57,120142.44,uptrend,neutral,118645.37,120142.44,276.3505,324.33243,20.900387,-2680.258
2025-07-18 12:45:00,119411.9,119519.8,119360.2,119428.5,845.52,101014630.0,119187.29,119008.62,119654.72,114.0092,56.6103,57.398903,63.403316,50.63567,119510.39,119095.46,118680.52,120432.29,83.943634,85.88729,118979.57,118645.37,118375.25,118105.13,117720.57,120142.44,uptrend,neutral,118645.37,120142.44,261.75668,316.48804,20.72546,-1834.738
2025-07-18 13:00:00,119428.6,119440.4,118859.0,118859.0,3921.311,466994460.0,119172.06,118984.92,119641.1,12.59494,41.93851,-29.34357,38.53687,43.83627,119484.67,119110.3,118735.93,120352.336,61.8653,77.71109,118979.57,118645.37,118375.25,118105.13,117720.57,120142.44,uptrend,fib_golden_zone,118645.37,120142.44,301.7121,329.10287,21.461496,-5756.049
2025-07-18 13:15:00,118859.0,118911.6,118636.4,118790.9,1865.244,221562530.0,119159.64,118962.58,119630.76,-58.927254,8.316589,-67.24384,36.537727,43.109444,119485.51,119109.82,118734.125,120213.164,38.355637,61.38819,118979.57,118645.37,118375.25,118105.13,117720.57,120142.44,uptrend,fib_golden_zone,118645.37,120142.44,298.39807,326.53607,23.608027,-7621.293
2025-07-18 13:30:00,118790.8,118888.0,118500.0,118650.1,3492.735,414455520.0,119102.9,118939.71,119621.18,-123.81007,-35.725628,-88.084435,32.47416,41.61164,119519.74,119086.53,118653.33,120089.67,14.01515,38.078697,118979.57,118645.37,118375.25,118105.13,117720.57,120142.44,uptrend,fib_618_bounce,118645.37,120142.44,309.59833,329.46295,26.275558,-11114.028
2025-07-18 13:45:00,118650.0,118857.1,118600.0,118766.8,1402.405,166521870.0,119051.81,118954.28,119616.26,-132.76167,-68.07098,-64.6907,39.030937,43.325317,119498.6,119047.09,118595.58,119993.32,19.456604,23.942463,118979.57,118645.37,118375.25,118105.13,117720.57,120142.44,uptrend,fib_golden_zone,118645.37,120142.44,303.03604,326.0171,28.609648,-9711.623
2025-07-18 14:00:00,118766.9,119250.0,118689.6,118971.0,2309.438,274836860.0,119010.086,118970.17,119606.97,-92.65965,-76.267204,-16.392448,49.117058,46.225048,119498.2,119046.27,118594.35,119864.26,29.02203,20.83126,118979.57,118645.37,118375.25,118105.13,117720.57,120142.44,uptrend,fib_golden_zone,118645.37,120142.44,335.20654,337.17816,25.595274,-7402.185
2025-07-18 14:15:00,118970.9,119036.5,117730.0,117931.1,9744.403,1151298700.0,118851.17,118926.77,119574.234,-263.40805,-138.64748,-124.76056,24.770655,36.2952,119682.41,118966.34,118250.28,119780.34,27.861137,25.44659,117770.93,118105.13,118375.25,118645.37,119029.93,116608.06,downtrend,neutral,116608.06,118105.13,456.61823,383.33636,28.185307,-17146.588
2025-07-18 14:30:00,117931.1,118091.1,117230.7,117749.8,6986.761,822059100.0,118643.4,118883.92,119538.125,-382.96863,-220.08786,-162.88077,22.50196,34.92192,119784.06,118853.49,117922.92,119725.81,26.971098,27.951422,117770.93,118105.13,118375.25,118645.37,119029.93,116608.06,downtrend,neutral,116608.06,118105.13,507.09094,406.05368,31.837963,-24133.35
2025-07-18 14:45:00,117749.9,118389.6,117731.9,118123.8,4691.1,553766140.0,118480.31,118851.09,119499.29,-361.81427,-267.33002,-94.484276,36.49909,39.85137,119744.03,118765.85,117787.67,119680.016,26.318655,27.050297,117770.93,118105.13,118375.25,118645.37,119029.93,116608.06,downtrend,fib_382_reject,118105.13,118375.25,525.91705,418.03683,32.60023,-19442.248
2025-07-18 15:00:00,118123.9,118255.3,117723.8,117730.6,2232.351,263376460.0,118339.266,118796.125,119454.98,-407.39206,-314.01736,-93.37471,29.879759,36.77625,119689.195,118634.664,117580.14,119629.13,30.825394,28.038382,117770.93,118105.13,118375.25,118645.37,119029.93,116608.06,downtrend,neutral,116608.06,118105.13,526.6149,423.43985,33.296864,-21674.6
2025-07-18 15:15:00,117730.5,117922.0,117453.1,117740.3,2858.094,336235170.0,118207.94,118751.336,119407.08,-412.18927,-346.74133,-65.447945,30.243858,36.902367,119605.01,118512.83,117420.64,119627.766,31.406923,29.51699,117750.914,118088.945,118362.15,118635.35,119024.33,116574.74,downtrend,neutral,116574.74,118088.945,519.4006,425.6046,34.89074,-18816.506
2025-07-18 15:30:00,117740.3,117930.2,117430.0,117632.0,2076.035,244357170.0,118080.67,118695.875,119357.734,-415.93103,-369.80457,-46.126476,28.327868,36.05911,119419.37,118364.49,117309.62,119632.63,23.288599,28.506971,117678.26,118030.17,118314.6,118599.02,119003.98,116453.77,downtrend,neutral,116453.77,118030.17,517.0005,429.15677,36.368122,-20892.541
2025-07-18 15:45:00,117632.1,118011.9,117484.0,117830.0,1439.792,169599340.0,117963.58,118643.516,119316.46,-360.54868,-366.71927,6.1705956,36.85977,38.746098,119140.53,118231.28,117322.03,119621.73,26.099066,26.93153,117678.26,118030.17,118314.6,118599.02,119003.98,116453.77,downtrend,neutral,116453.77,118030.17,518.3629,433.85883,36.794353,-19452.748
2025-07-18 16:00:00,117830.1,118053.5,117664.1,117664.1,1471.474,173444220.0,117800.21,118568.47,119270.07,-343.3326,-358.9237,15.5911,33.01766,37.3647,119012.09,118131.71,117251.32,119647.96,30.152754,26.513474,117678.26,118030.17,118314.6,118599.02,119003.98,116453.77,downtrend,neutral,116453.77,118030.17,502.24255,431.74173,36.699768,-20924.223
2025-07-18 16:15:00,117664.1,117813.9,117518.2,117590.5,1301.261,153096600.0,117757.64,118502.266,119221.305,-331.16476,-349.67075,18.50598,31.327524,36.75429,118870.97,118031.67,117192.38,119669.73,29.103586,28.451801,117678.26,118030.17,118314.6,118599.02,119003.98,116453.77,downtrend,neutral,116453.77,118030.17,476.42474,425.26355,37.391487,-22225.484
2025-07-18 16:30:00,117590.4,118008.0,117460.0,117900.0,1676.556,197419730.0,117776.414,118455.1,119181.76,-249.48955,-316.277,66.78745,45.111797,41.009426,118739.34,117969.164,117198.984,119659.766,37.02408,32.09347,117673.13,118026.03,118311.25,118596.47,119002.54,116445.25,downtrend,neutral,116445.25,118026.03,485.37164,431.10815,35.714397,-20548.928
2025-07-18 16:45:00,117900.0,117917.1,117483.7,117543.5,1292.824,152104000.0,117703.875,118380.8,119135.555,-258.84232,-297.1321,38.28979,35.528347,37.923546,118528.016,117867.23,117206.43,119673.29,30.626133,32.251266,117488.836,117861.78,118163.2,118464.62,118893.76,116191.2,downtrend,neutral,116191.2,117861.78,478.87518,431.2173,34.24694,-21841.752
2025-07-18 17:00:00,117543.5,117651.1,117328.6,117567.7,2646.58,310868740.0,117683.516,118304.234,119090.48,-247.2514,-280.50522,33.253803,36.595085,38.25471,118046.29,117750.28,117454.28,119670.73,36.045513,34.565243,117369.72,117729.04,118019.45,118309.86,118723.33,116119.484,downtrend,neutral,116119.484,117729.04,459.3283,426.04028,34.085716,-19195.172
2025-07-18 17:15:00,117567.7,117983.8,117542.5,117904.9,1184.434,139471460.0,117704.086,118237.57,119046.5,-164.62558,-241.87866,77.25308,50.034435,42.725082,118040.04,117748.1,117456.16,119646.28,43.56272,36.74479,117369.72,117729.04,118019.45,118309.86,118723.33,119919.42,neutral,neutral,,,457.07477,426.76694,30.211985,-18010.738
2025-07-18 17:30:00,117904.9,117950.0,117553.3,117591.5,826.438,97358904.0,117699.02,118160.86,118998.836,-169.26674,-217.6747,48.407944,40.683907,39.905567,118037.05,117734.91,117432.77,119641.09,49.58385,43.06403,117369.72,117729.04,118019.45,118309.86,118723.33,116119.484,downtrend,neutral,116119.484,117729.04,449.52792,425.33517,26.822472,-18837.176
2025-07-18 17:45:00,117591.6,117699.7,117420.7,117580.0,996.179,117096510.0,117667.77,118073.625,118957.13,-166.049,-200.46613,34.41713,40.361,39.804363,117913.82,117689.59,117465.37,119624.75,50.923645,48.023407,117369.72,117729.04,118019.45,118309.86,118723.33,116119.484,downtrend,neutral,116119.484,117729.04,428.2119,418.36682,25.1246,-19833.355
2025-07-18 18:00:00,117580.0,117600.7,117331.6,117386.9,900.586,105790550.0,117633.125,117976.41,118908.22,-193.08414,-198.00546,4.9213247,34.929977,38.1007,117929.1,117660.95,117392.8,119601.27,27.283804,42.5971,117319.336,117647.484,117912.7,118177.914,118555.516,116177.555,downtrend,neutral,116177.555,117647.484,408.32294,411.25888,24.445883,-20733.941
2025-07-18 18:15:00,117386.9,117673.2,117318.1,117673.2,785.453,92295370.0,117643.46,117919.94,118861.15,-144.80498,-180.27197,35.46699,47.215923,41.967506,117920.2,117655.36,117390.516,119529.914,32.975563,37.061005,117166.664,117400.37,117589.25,117778.13,118047.05,118824.99,neutral,neutral,,,401.67007,408.58466,22.88377,-19948.488
2025-07-18 18:30:00,117673.2,117716.3,117510.8,117545.3,531.177,62471484.0,117599.125,117860.625,118809.47,-134.68332,-165.07574,30.392437,42.98584,40.772762,117918.5,117648.13,117377.766,119482.34,32.017647,30.759003,117166.664,117400.37,117589.25,117778.13,118047.05,118824.99,neutral,neutral,,,377.1488,398.91397,20.927574,-20479.664
2025-07-18 18:45:00,117545.2,117615.3,117204.5,117297.9,1108.386,130120530.0,117568.42,117796.234,118750.42,-169.60982,-166.58711,-3.022716,35.7566,38.54413,117905.31,117603.79,117302.266,119445.875,33.152317,32.715176,117134.97,117349.06,117522.1,117695.13,117941.49,116390.04,downtrend,neutral,116390.04,117349.06,381.3552,399.47995,22.171381,-21588.05
2025-07-18 19:00:00,117297.9,117395.9,117109.4,117339.1,2940.388,344792700.0,117539.85,117728.25,118692.28,-173.64355,-168.93925,-4.7042966,37.789314,39.125946,117903.01,117576.71,117250.41,119377.51,24.480108,29.883356,117087.34,117271.98,117421.2,117570.42,117782.875,118397.47,neutral,neutral,,,369.49832,394.09995,23.976318,-18647.662
2025-07-18 19:15:00,117339.1,117866.0,117339.1,117779.4,1730.29,203662580.0,117524.164,117671.51,118647.04,-83.81313,-140.56389,56.750748,55.388515,44.97183,117934.08,117592.45,117250.82,119285.28,42.62163,33.41802,117755.055,117570.42,117421.2,117271.98,117059.52,118397.47,uptrend,fib_golden_zone,117570.42,118397.47,389.17352,400.42377,21.851234,-16917.373
2025-07-18 19:30:00,117779.4,117779.5,117402.0,117475.9,731.947,86064750.0,117509.71,117649.83,118590.445,-86.29989,-122.47588,36.175995,45.122963,42.04919,117858.43,117557.11,117255.79,119167.46,54.773388,40.625042,117087.34,117271.98,117421.2,117570.42,117782.875,118397.47,neutral,neutral,,,387.71432,399.33215,19.991787,-17649.32
2025-07-18 19:45:00,117475.8,117486.9,117286.2,117361.6,824.105,96744300.0,117482.414,117631.34,118534.84,-105.3828,-116.77819,11.39539,41.72518,40.995655,117858.69,117541.95,117225.22,119054.484,56.77593,51.390316,117087.34,117271.98,117421.2,117570.42,117782.875,118397.47,neutral,neutral,,,364.33752,389.87347,17.86573,-18473.426
2025-07-18 20:00:00,117361.7,117399.2,117102.7,117160.1,1562.522,183143680.0,117454.06,117585.45,118480.414,-149.65004,-127.73547,-21.91457,36.1297,39.178642,117876.45,117507.984,117139.51,118895.49,29.764568,47.10463,117076.61,117254.59,117398.45,117542.305,117747.11,116457.305,downtrend,neutral,116457.305,117254.59,355.85785,385.42712,17.755043,-20035.947
2025-07-18 20:15:00,117160.1,117251.7,116886.0,116980.2,2751.026,321948800.0,117367.44,117549.72,118420.68,-202.08609,-152.51901,-49.567074,31.701546,37.615723,117817.195,117430.92,117044.66,118714.875,16.821852,34.454117,117076.61,117254.59,117398.45,117542.305,117747.11,116457.305,downtrend,neutral,116457.305,117254.59,357.0881,384.48773,19.349518,-22786.973
2025-07-18 20:30:00,116980.2,117054.7,116788.9,116994.0,4955.099,579059600.0,117298.52,117514.18,118361.69,-219.79782,-174.94528,-44.85254,32.44256,37.81553,117812.125,117381.13,116950.14,118618.07,12.058032,19.548151,117074.72,117251.54,117394.45,117537.36,117740.83,116459.484,downtrend,neutral,116459.484,117251.54,345.6771,378.83594,21.413797,-17831.873
2025-07-18 20:45:00,116994.0,117532.3,116984.2,117370.1,3093.22,363005570.0,117307.55,117501.71,118312.4,-147.81415,-165.90158,18.087418,49.77045,43.03638,117780.914,117363.64,116946.37,118504.766,27.537941,18.805943,117074.72,117251.54,117394.45,117537.36,117740.83,118329.42,neutral,neutral,,,370.97995,386.89615,19.385925,-14738.654
2025-07-18 21:00:00,117370.0,117837.2,117330.0,117816.8,1183.416,139153810.0,117367.266,117501.08,118278.766,-14.556148,-115.453094,100.89695,62.941483,48.435383,117874.086,117399.47,116924.85,118413.06,57.018524,32.204834,117724.65,117545.83,117401.3,117256.77,117051.01,118346.84,uptrend,neutral,117545.83,118346.84,388.00748,392.6249,19.752344,-13555.238
2025-07-18 21:15:00,117816.8,117855.8,117654.5,117708.1,1281.41,150901180.0,117358.35,117503.18,118239.766,41.579674,-63.10884,104.688515,58.580597,47.29016,117882.71,117402.375,116922.04,118281.41,79.38995,54.648804,117724.65,117545.83,117401.3,117256.77,117051.01,118346.84,uptrend,fib_golden_zone,117545.83,118346.84,364.66904,383.5142,20.193733,-14836.648
2025-07-18 21:30:00,117708.1,117832.5,117708.1,117786.8,544.119,64078996.0,117397.21,117512.52,118211.23,86.66778,-13.183302,99.85108,60.870586,48.220875,117936.11,117422.5,116908.89,118067.6,92.58094,76.3298,117724.65,117545.83,117401.3,117256.77,117051.01,118346.84,uptrend,neutral,117545.83,118346.84,334.6354,371.1754,20.579947,-14292.529
2025-07-18 21:45:00,117786.8,117860.5,117542.3,117648.3,633.954,74594936.0,117433.05,117500.54,118181.92,81.924416,18.519272,63.405148,54.665287,46.697243,117971.9,117451.7,116931.5,118044.984,86.62888,86.19992,117724.65,117545.83,117401.3,117256.77,117051.01,118346.84,uptrend,fib_golden_zone,117545.83,118346.84,332.581,368.65277,18.968634,-14926.483
2025-07-18 22:00:00,117648.3,117662.2,117379.6,117587.1,1016.58,119452150.0,117486.42,117502.62,118153.86,63.65562,33.56472,30.0909,51.93586,46.02255,117992.7,117472.37,116952.03,118036.18,82.73908,87.3163,117760.02,117574.44,117424.45,117274.46,117060.914,118405.74,uptrend,fib_618_bounce,117574.44,118405.74,326.33334,364.55502,17.308697,-15943.063
2025-07-18 22:15:00,117587.2,117957.7,117571.5,117862.6,1504.059,177230580.0,117596.73,117516.66,118142.984,102.66128,56.59691,46.064373,61.921143,49.473167,118014.33,117479.3,116944.27,118000.87,81.63857,83.668846,117786.45,117595.82,117441.75,117287.68,117068.32,118449.75,uptrend,neutral,117595.82,118449.75,333.81668,365.58572,17.14231,-14439.004
2025-07-18 22:30:00,117862.5,117907.2,117754.7,117755.1,581.018,68458900.0,117691.86,117509.52,118126.945,99.5854,70.92641,28.658998,56.570984,48.21046,118054.87,117502.57,116950.266,118002.75,77.48044,80.61936,117786.45,117595.82,117441.75,117287.68,117068.32,118449.75,uptrend,fib_golden_zone,117595.82,118449.75,311.1521,355.4388,16.996721,-15020.022
2025-07-18 22:45:00,117755.1,117800.0,117568.9,117663.0,729.698,85872840.0,117728.48,117512.93,118105.5,75.54274,72.46519,3.077557,52.07376,47.12839,118079.57,117527.68,116975.8,117997.586,68.99241,76.03714,117786.45,117595.82,117441.75,117287.68,117068.32,118449.75,uptrend,fib_golden_zone,117595.82,118449.75,301.1456,349.5179,14.963954,-15749.72
2025-07-18 23:00:00,117662.9,117688.2,117433.6,117645.2,760.524,89407020.0,117707.02,117516.03,118087.234,54.81633,66.58223,-11.765904,51.15678,46.914707,118084.375,117568.11,117051.84,117998.266,54.2299,66.90092,117871.18,117664.36,117497.2,117330.04,117092.055,118590.81,uptrend,fib_618_bounce,117497.2,117664.36,295.3274,344.99802,14.51397,-16510.244
2025-07-18 23:15:00,117645.2,117860.0,117617.3,117808.5,899.623,105944360.0,117719.58,117536.11,118068.97,71.467125,68.21053,3.256594,58.90263,49.136246,118053.516,117637.13,117220.75,117996.19,56.38586,59.86939,117924.28,117707.31,117531.95,117356.59,117106.92,118679.22,uptrend,fib_golden_zone,117707.31,118679.22,288.74896,340.12668,13.151437,-15610.621
2025-07-18 23:30:00,117808.5,117886.0,117769.3,117840.0,478.85,56431350.0,117726.23,117544.055,118049.97,83.57867,73.333244,10.245425,60.318817,49.563747,117945.76,117707.63,117469.51,118010.055,66.591705,59.069157,117924.28,117707.31,117531.95,117356.59,117106.92,118679.22,uptrend,fib_golden_zone,117707.31,118679.22,267.24286,329.4873,12.233114,-15131.771
2025-07-18 23:45:00,117840.0,118000.0,117804.5,117896.4,1258.011,148360620.0,117757.234,117560.77,118035.7,97.262474,81.309654,15.952819,62.983337,50.348293,117922.76,117751.49,117580.23,118032.62,78.51352,67.1637,117932.99,117714.35,117537.65,117360.945,117109.37,118693.72,uptrend,fib_golden_zone,117714.35,118693.72,258.275,323.10696,12.633696,-13873.76
2025-07-19 00:00:00,117896.5,117920.0,117804.1,117907.9,663.385,78191130.0,117797.336,117589.82,118019.55,102.64072,88.420006,14.22071,63.565327,50.5131,117945.09,117759.086,117573.08,118033.49,81.69621,75.60048,117974.48,117747.914,117564.8,117381.69,117120.984,118762.79,uptrend,fib_golden_zone,117747.914,118762.79,240.47812,313.23996,12.97829,-13210.375
2025-07-19 00:15:00,117907.9,117940.0,117851.2,117940.0,386.391,45558772.0,117807.016,117618.43,118001.555,106.940636,94.59355,12.347084,65.33993,50.989887,117982.18,117778.41,117574.63,118060.97,84.951744,81.72049,117974.48,117747.914,117564.8,117381.69,117120.984,118762.79,uptrend,fib_golden_zone,117747.914,118762.79,221.51836,302.55234,13.521876,-12823.984
2025-07-19 00:30:00,117940.0,118013.7,117820.6,117884.1,698.289,82340230.0,117823.14,117623.42,117976.9,93.6577,94.2816,-0.62390107,59.456394,50.107155,117997.016,117786.516,117576.02,118080.59,83.60174,83.416565,118020.56,117822.516,117662.45,117502.38,117274.49,118709.67,uptrend,fib_golden_zone,117822.516,118709.67,217.96606,297.34033,14.906051,-13522.273
2025-07-19 00:45:00,117884.3,117916.1,117682.6,117713.0,528.48,62251340.0,117829.39,117634.71,117953.85,49.017082,79.19343,-30.176344,44.98999,47.466225,117993.195,117791.91,117590.625,118065.12,63.736027,77.42983,117568.52,117716.086,117835.35,117954.61,118124.414,117055.086,downtrend,fib_382_reject,117055.086,117716.086,219.9078,294.30032,13.651064,-14050.753
2025-07-19 01:00:00,117713.1,117885.0,117588.0,117885.0,662.478,77971050.0,117859.36,117659.63,117935.57,53.935917,70.774254,-16.838339,57.202515,50.234764,117988.586,117816.734,117644.88,118083.91,57.189583,68.17578,117606.42,117746.74,117860.15,117973.56,118135.02,118602.12,neutral,neutral,,,229.54433,294.42886,12.783077,-13388.275
2025-07-19 01:15:00,117885.0,117988.0,117848.4,117961.1,574.376,67735760.0,117878.44,117697.77,117914.79,68.67354,70.07402,-1.400477,61.60267,51.424034,118010.34,117824.945,117639.54,118109.836,60.517868,60.48116,118113.88,117973.56,117860.15,117746.74,117585.27,118602.12,uptrend,fib_618_bounce,117860.15,117973.56,218.30128,287.05606,11.957362,-12813.899
2025-07-19 01:30:00,117961.1,118060.0,117894.4,118000.1,469.628,55404464.0,117898.45,117746.34,117893.42,81.25344,73.80049,7.45295,63.826332,52.04076,118045.336,117845.36,117645.38,118138.48,81.57355,66.427,118113.88,117973.56,117860.15,117746.74,117585.27,118602.12,uptrend,fib_golden_zone,117973.56,118602.12,211.71362,281.27243,12.266639,-12344.271
2025-07-19 01:45:00,118000.0,118094.6,117935.9,118010.0,679.95,80241700.0,117912.65,117794.73,117869.875,86.45846,78.01981,8.438645,64.43628,52.20251,118063.01,117874.27,117685.54,118163.68,86.08455,76.058655,118113.88,117973.56,117860.15,117746.74,117585.27,118602.12,uptrend,fib_golden_zone,117973.56,118602.12,205.08691,275.43567,13.030242,-11664.321
2025-07-19 02:00:00,118010.0,118065.0,117886.4,118009.0,521.047,61475896.0,117925.29,117825.15,117848.18,85.12521,80.38828,4.736931,64.308495,52.18384,118057.484,117904.59,117751.7,118190.34,84.57093,84.07634,118126.625,117994.19,117887.15,117780.11,117627.72,118587.43,uptrend,fib_618_bounce,117994.19,118587.43,201.77606,270.82443,12.661462,-12185.368
2025-07-19 02:15:00,118008.9,118065.0,117933.3,117957.7,540.108,63736904.0,117927.5,117831.86,117821.734,70.538345,77.104965,-6.566624,57.485546,51.19774,118062.43,117917.02,117771.62,118205.07,79.793396,83.482956,117647.67,117780.11,117887.15,117994.19,118146.58,118587.43,neutral,neutral,,,193.01656,264.19946,12.338779,-12725.476
2025-07-19 02:30:00,117957.6,118205.5,117957.6,118119.1,982.061,115995150.0,117956.875,117851.43,117797.93,89.58688,81.26561,8.321275,69.40166,54.06524,118110.03,117940.28,117770.54,118235.086,80.695946,81.68676,118126.625,117994.19,117887.15,117780.11,117627.72,118587.43,uptrend,fib_golden_zone,117994.19,118587.43,199.87698,263.4233,14.374358,-11743.415
2025-07-19 02:45:00,118119.2,118275.0,118104.7,118176.7,761.423,89994560.0,118014.836,117869.99,117785.52,107.17715,89.90279,17.274359,72.59927,55.054825,118167.64,117963.64,117759.64,118268.97,78.64738,79.71224,118126.625,117994.19,117887.15,117780.11,117627.72,118587.43,uptrend,neutral,117994.19,118587.43,196.17986,258.98886,17.087046,-10981.992
2025-07-19 03:00:00,118176.7,118190.0,118088.0,118184.1,422.2,49883724.0,118052.23,117895.51,117774.49,113.53458,97.78005,15.754526,73.02184,55.185062,118215.09,117986.66,117758.22,118304.85,79.857925,79.73375,118163.06,118053.17,117964.35,117875.53,117749.08,118545.44,uptrend,neutral,118053.17,118545.44,184.40738,251.5132,18.986534,-10559.792
2025-07-19 03:15:00,118184.1,118286.4,118160.3,118224.3,558.966,66079732.0,118085.125,117925.85,117766.75,119.41813,104.992744,14.4253845,75.42392,55.913746,118265.35,118010.35,117755.35,118337.69,79.34689,79.284065,118163.06,118053.17,117964.35,117875.53,117749.08,118545.44,uptrend,neutral,118053.17,118545.44,177.11896,245.54114,21.963331,-10000.826
2025-07-19 03:30:00,118224.4,118340.7,118187.8,118265.1,842.822,99682936.0,118118.25,117945.016,117757.63,124.865005,111.61683,13.248178,77.76782,56.664642,118315.92,118042.1,117768.28,118355.04,81.48078,80.22853,118163.06,118053.17,117964.35,117875.53,117749.08,118545.44,uptrend,neutral,118053.17,118545.44,174.09158,241.12965,25.217947,-9158.004
2025-07-19 03:45:00,118265.0,118312.3,118160.4,118295.2,553.141,65400892.0,118153.9,117970.734,117745.34,127.76489,116.99952,10.765374,79.45437,57.228962,118326.0,118090.62,117855.234,118341.6,85.55521,82.12763,118163.06,118053.17,117964.35,117875.53,117749.08,118545.44,uptrend,neutral,118053.17,118545.44,171.31764,236.88063,27.144257,-8604.863
2025-07-19 04:00:00,118295.3,118337.5,118206.4,118319.2,573.252,67802030.0,118192.67,118001.984,117752.4,127.909355,120.63613,7.2732244,80.80866,57.69023,118358.87,118126.8,117894.734,118311.28,88.859505,85.2985,118163.06,118053.17,117964.35,117875.53,117749.08,118545.44,uptrend,neutral,118053.17,118545.44,166.29044,231.84344,29.198994,-8031.611
2025-07-19 04:15:00,118319.1,118333.4,118171.4,118171.4,530.101,62682544.0,118219.39,118027.04,117760.06,93.748604,111.67362,-17.925018,54.837902,53.9294,118358.766,118144.33,117929.88,118304.27,72.074356,82.163025,118163.06,118053.17,117964.35,117875.53,117749.08,118545.44,uptrend,fib_golden_zone,118053.17,118545.44,165.75414,228.51758,29.683315,-8561.712
2025-07-19 04:30:00,118171.5,118300.0,118130.4,118137.5,388.49,45922616.0,118221.69,118042.71,117760.31,63.30681,95.551346,-32.24454,50.495304,53.095802,118355.664,118155.77,117955.88,118318.42,48.993298,69.97572,118163.06,118053.17,117964.35,117875.53,117749.08,118545.44,uptrend,fib_golden_zone,118053.17,118545.44,166.23486,225.71198,28.622675,-8950.202
2025-07-19 04:45:00,118137.5,118170.0,118063.4,118104.3,416.629,49206420.0,118212.64,118055.3,117767.11,36.57308,75.89193,-39.318848,46.30556,52.265053,118350.0,118163.63,117977.266,118326.336,22.447124,47.83826,118163.06,118053.17,117964.35,117875.53,117749.08,118545.44,uptrend,fib_golden_zone,118053.17,118545.44,158.7805,220.03998,25.530403,-9366.831
2025-07-19 05:00:00,118104.3,118155.0,118013.2,118051.1,324.374,38302828.0,118196.016,118062.664,117772.76,9.421755,53.735203,-44.313446,40.087368,50.924454,118345.06,118167.14,117989.22,118331.71,15.303444,28.914623,117964.586,118036.46,118094.55,118152.64,118235.35,118474.61,neutral,neutral,,,156.65794,216.31427,23.268866,-9691.205
2025-07-19 05:15:00,118051.1,118115.0,118020.0,118107.1,267.928,31636166.0,118181.36,118072.15,117781.4,4.1247234,37.198376,-33.073654,48.568996,52.27739,118322.016,118179.59,118037.17,118333.516,18.42552,18.725363,117993.62,118059.945,118113.55,118167.16,118243.48,118464.27,neutral,neutral,,,148.9507,210.5374,21.29002,-9423.277
2025-07-19 05:30:00,118107.2,118256.9,118086.2,118253.3,416.836,49264676.0,118179.89,118087.07,117789.09,28.749052,34.381935,-5.6328826,64.064125,55.63048,118333.45,118190.77,118048.09,118340.29,38.18786,23.972275,118233.484,118167.16,118113.55,118059.945,117983.62,118464.27,uptrend,neutral,118167.16,118464.27,151.66936,208.64038,21.552498,-9006.441
2025-07-19 05:45:00,118253.4,118264.0,118158.8,118174.0,408.883,48331144.0,118164.734,118100.875,117798.37,26.346333,31.7034,-5.357068,53.80589,53.490013,118333.31,118190.55,118047.79,118351.49,51.06989,35.894424,118233.484,118167.16,118113.55,118059.945,117983.62,118464.27,uptrend,fib_618_bounce,118167.16,118464.27,145.86069,203.71465,21.936756,-9415.324
2025-07-19 06:00:00,118173.9,118244.1,118152.0,118179.1,363.061,42907000.0,118147.23,118123.07,117809.06,24.690191,29.365664,-4.6754727,54.354294,53.610546,118332.98,118190.13,118047.29,118358.016,60.70006,49.98594,118237.64,118173.88,118122.35,118070.82,117997.45,118459.484,uptrend,fib_618_bounce,118173.88,118459.484,139.14061,198.39966,22.002499,-9052.263
2025-07-19 06:15:00,118179.1,118179.2,118034.8,118034.8,412.931,48777804.0,118130.15,118130.2,117811.516,-4.917613,17.937904,-22.855518,39.050877,49.77807,118334.95,118174.34,118013.734,118346.734,38.892082,50.220676,118007.06,118070.82,118122.35,118173.88,118247.25,117785.22,downtrend,neutral,117785.22,118070.82,139.79803,195.82825,20.345495,-9465.194
2025-07-19 06:30:00,118034.8,118131.2,118034.8,118071.2,303.157,35796250.0,118121.86,118135.445,117821.11,-14.668853,7.068986,-21.737839,43.714592,50.711327,118318.18,118158.18,117998.19,118330.66,29.861208,43.151115,118007.06,118070.82,118122.35,118173.88,118247.25,117785.22,downtrend,fib_382_reject,118070.82,118122.35,134.37328,191.09357,18.895617,-9162.037
2025-07-19 06:45:00,118071.1,118147.8,118071.1,118136.9,161.767,19107930.0,118125.94,118141.96,117831.46,-7.0281873,2.3699281,-9.398115,51.525307,52.388103,118286.72,118144.99,118003.26,118329.89,26.549425,31.76757,118007.06,118070.82,118122.35,118173.88,118247.25,118459.484,neutral,neutral,,,127.164116,185.64626,17.014961,-9000.27
2025-07-19 07:00:00,118136.9,118229.7,118136.8,118225.1,288.982,34158220.0,118147.69,118152.2,117837.28,14.472583,6.404146,8.068437,60.17991,54.56679,118253.02,118137.15,118021.27,118336.19,51.354584,35.921738,118032.836,118112.53,118176.95,118241.37,118333.08,118598.38,neutral,neutral,,,122.8811,181.22977,17.035069,-8711.288
2025-07-19 07:15:00,118225.1,118300.0,118218.1,118244.9,276.145,32655348.0,118164.914,118163.43,117849.164,29.840996,14.21643,15.624566,61.95872,55.05161,118270.25,118143.27,118016.3,118345.6,70.053665,49.319225,118321.07,118241.37,118176.95,118112.53,118020.82,118598.38,uptrend,fib_618_bounce,118241.37,118598.38,117.75846,176.49977,18.76821,-8435.143
2025-07-19 07:30:00,118245.0,118252.2,118137.5,118138.1,277.903,32842014.0,118150.516,118172.02,117859.31,16.859089,15.097316,1.7617726,48.363194,51.91409,118270.3,118143.33,118016.35,118346.11,67.06763,62.82529,118034.27,118114.87,118180.0,118245.13,118337.875,118606.14,neutral,neutral,,,117.37615,173.55693,17.365784,-8713.046
2025-07-19 07:45:00,118138.2,118178.4,118117.5,118135.0,289.013,34145884.0,118145.64,118172.78,117872.914,8.047565,12.747399,-4.6998334,48.00647,51.824074,118271.21,118145.88,118020.555,118347.016,51.985924,63.035736,118034.27,118114.87,118180.0,118245.13,118337.875,118606.14,neutral,neutral,,,110.316635,168.19232,15.491307,-9002.059
2025-07-19 08:00:00,118134.9,118239.4,118036.1,118036.2,441.799,52189590.0,118127.77,118166.09,117879.51,-16.189856,3.1016476,-19.291502,37.674088,48.981823,118273.195,118144.64,118016.09,118341.8,25.754148,48.269234,118034.27,118114.87,118180.0,118245.13,118337.875,117753.86,downtrend,neutral,117753.86,118114.87,121.93956,169.8641,15.600288,-9443.858
2025-07-19 08:15:00,118036.2,118098.5,118024.0,118063.9,681.964,80505000.0,118131.414,118160.37,117888.94,-23.992674,-5.929793,-18.062881,41.77323,49.792435,118274.695,118141.04,118007.39,118312.46,17.589077,31.776382,118034.27,118114.87,118180.0,118245.13,118337.875,117753.86,downtrend,neutral,117753.86,118114.87,116.00961,165.32297,16.010859,-8761.894
2025-07-19 08:30:00,118064.0,118064.0,117904.0,118063.2,612.757,72300130.0,118130.414,118152.695,117902.85,-27.442253,-13.100613,-14.3416395,41.692387,49.77145,118248.83,118125.2,118001.57,118302.42,18.395481,20.579569,118034.27,118114.87,118180.0,118245.13,118337.875,117753.86,downtrend,neutral,117753.86,118114.87,121.50841,165.06949,18.952545,-9374.651
2025-07-19 08:45:00,118063.1,118140.0,117965.9,118057.2,523.232,61771332.0,118120.45,118142.8,117915.914,-29.249523,-18.483583,-10.765941,40.900833,49.583393,118240.3,118115.47,117990.64,118298.27,31.115137,22.366566,118034.27,118114.87,118180.0,118245.13,118337.875,117753.86,downtrend,neutral,117753.86,118114.87,128.08237,165.49951,18.811428,-9897.883
2025-07-19 09:00:00,118057.2,118145.3,118033.9,118100.1,337.082,39805404.0,118104.83,118133.51,117921.74,-20.717987,-19.228384,-1.4896024,48.98081,50.974087,118228.93,118108.88,117988.836,118296.14,45.06903,31.52655,118034.27,118114.87,118180.0,118245.13,118337.875,117753.86,downtrend,neutral,117753.86,118114.87,125.99706,162.92334,18.507483,-9560.801
2025-07-19 09:15:00,118100.0,118212.3,118095.8,118172.7,252.183,29796304.0,118095.8,118126.53,117934.414,-1.0276806,-13.161483,12.133802,59.825264,53.264793,118237.0,118120.375,118003.75,118296.45,58.37279,44.85232,118034.27,118114.87,118180.0,118245.13,118337.875,118606.14,neutral,neutral,,,124.80993,160.7127,16.334589,-9308.618
2025-07-19 09:30:00,118172.6,118277.5,118155.5,118277.5,425.966,50362516.0,118113.23,118131.58,117951.06,30.234764,1.3039329,28.930832,70.41557,56.3557,118274.16,118137.57,118000.98,118305.125,78.8105,60.750774,118325.73,118245.13,118180.0,118114.87,118022.125,118606.14,uptrend,fib_golden_zone,118245.13,118606.14,124.45869,158.86925,16.204458,-8882.652
2025-07-19 09:45:00,118277.4,118300.0,118158.3,118205.1,387.448,45811320.0,118121.984,118134.8,117970.06,32.868793,11.825553,21.04324,58.076557,53.775845,118283.91,118143.25,118002.59,118300.52,85.38288,74.18873,118034.27,118114.87,118180.0,118245.13,118337.875,118606.14,neutral,neutral,,,126.61385,158.05167,16.657007,-9270.1
2025-07-19 10:00:00,118205.1,118247.0,118142.2,118196.0,291.263,34424070.0,118141.96,118139.164,117992.17,31.075438,18.242182,12.833257,56.62162,53.452904,118277.6,118140.83,118004.055,118303.016,83.257576,82.48365,118034.27,118114.87,118180.0,118245.13,118337.875,118606.14,neutral,neutral,,,123.88712,155.51587,16.42521,-9561.363
2025-07-19 10:15:00,118196.0,118299.9,118195.9,118299.9,290.014,34295790.0,118171.46,118151.016,118015.914,48.361355,28.281906,20.07945,67.4753,56.578964,118295.56,118145.41,117995.25,118314.05,83.2476,83.962685,118325.73,118245.13,118180.0,118114.87,118022.125,118606.14,uptrend,fib_golden_zone,118245.13,118606.14,121.40123,153.06273,17.670582,-9271.349
2025-07-19 10:30:00,118299.8,118449.9,118280.0,118406.5,632.924,74919100.0,118214.375,118165.27,118034.76,76.24087,44.268227,31.97264,74.97131,59.508507,118366.06,118167.77,117969.49,118340.66,87.75825,84.75448,118325.73,118245.13,118180.0,118114.87,118022.125,118606.14,uptrend,neutral,118245.13,118606.14,127.46358,153.8645,21.574835,-8638.425
2025-07-19 10:45:00,118406.4,118428.9,118311.8,118410.5,433.938,51361770.0,118258.54,118172.76,118045.555,89.3034,59.27995,30.023449,75.22132,59.615856,118421.445,118190.734,117960.02,118363.06,92.80353,87.936455,118301.164,118205.37,118127.95,118050.53,117940.305,118634.46,uptrend,neutral,118205.37,118634.46,126.16813,152.11382,24.991055,-8204.487
2025-07-19 11:00:00,118410.6,118456.0,118262.5,118270.2,537.71,63660760.0,118279.8,118177.336,118055.77,65.79135,61.450417,4.340935,53.396023,54.312782,118427.61,118210.234,117992.86,118363.5,73.07694,84.54624,118261.54,118141.234,118044.0,117946.766,117808.336,118680.125,uptrend,fib_golden_zone,118141.234,118680.125,134.58461,154.0846,25.819876,-8742.197
2025-07-19 11:15:00,118270.1,118436.6,118120.2,118436.5,800.898,94726590.0,118312.77,118189.59,118067.586,80.89917,67.933334,12.965833,66.74082,58.866684,118469.69,118241.28,118012.875,118382.89,74.61883,80.16643,118257.59,118134.85,118035.65,117936.445,117795.21,118684.67,uptrend,neutral,118134.85,118684.67,157.31154,161.81389,23.194954,-7941.299
2025-07-19 11:30:00,118436.6,118436.6,118333.7,118396.7,478.431,56639412.0,118327.67,118206.83,118081.19,78.09891,71.32186,6.77705,61.79983,57.428234,118487.31,118269.08,118050.84,118392.62,72.44132,73.37903,118257.59,118134.85,118035.65,117936.445,117795.21,118684.67,uptrend,neutral,118134.85,118684.67,150.5101,159.00847,20.898148,-8419.73
2025-07-19 11:45:00,118396.8,118402.8,118262.0,118300.0,360.442,42644700.0,118339.54,118217.73,118094.16,54.360718,65.668144,-11.307426,51.080498,54.05831,118474.88,118289.305,118103.734,118400.12,76.692474,74.584206,118257.59,118134.85,118035.65,117936.445,117795.21,118684.67,uptrend,neutral,118134.85,118684.67,149.29634,158.1414,20.722162,-8780.172
2025-07-19 12:00:00,118300.0,118301.4,118113.9,118166.4,558.041,65964916.0,118335.836,118219.125,118099.68,12.759814,48.032036,-35.27222,39.919716,49.81753,118464.4,118294.836,118125.27,118400.516,50.410282,66.514694,118257.59,118134.85,118035.65,117936.445,117795.21,118684.67,uptrend,fib_golden_zone,118134.85,118684.67,154.0718,159.53943,23.252922,-9338.213
2025-07-19 12:15:00,118166.3,118288.0,118069.4,118175.5,519.068,61342510.0,118320.29,118216.766,118107.32,-9.886409,28.725887,-38.612297,40.945076,50.09751,118464.086,118295.07,118126.05,118400.984,32.11152,53.071426,118257.59,118134.85,118035.65,117936.445,117795.21,118684.67,uptrend,fib_golden_zone,118134.85,118684.67,162.13782,162.35184,26.086592,-8819.145
2025-07-19 12:30:00,118175.4,118232.7,118100.0,118112.6,462.545,54659450.0,118283.55,118210.47,118115.49,-34.337276,7.704832,-42.04211,35.991676,48.147877,118473.32,118281.33,118089.33,118399.43,17.988373,33.50339,117813.7,117936.445,118035.65,118134.85,118276.09,118684.67,neutral,neutral,,,158.45808,160.93985,28.566053,-9281.69
2025-07-19 12:45:00,118112.5,118223.5,118070.5,118218.1,279.881,33074026.0,118259.5,118214.27,118125.914,-26.578857,-3.7230644,-22.855793,48.24383,51.473747,118473.12,118282.41,118091.7,118401.125,26.371456,25.490448,118257.59,118134.85,118035.65,117936.445,117795.21,118684.67,uptrend,fib_golden_zone,118134.85,118684.67,157.77583,160.56175,31.193497,-9001.809
2025-07-19 13:00:00,118218.1,118258.7,118117.3,118220.0,328.549,38830964.0,118253.23,118218.32,118133.39,-20.517908,-9.321346,-11.196563,48.451153,51.53253,118472.54,118284.41,118096.28,118399.33,30.894352,25.084726,118257.59,118134.85,118035.65,117936.445,117795.21,118684.67,uptrend,fib_golden_zone,118134.85,118684.67,155.72885,159.64929,31.911276,-8673.26
2025-07-19 13:15:00,118220.0,118256.1,118174.2,118253.9,239.363,28299720.0,118230.4,118228.69,118140.92,-9.620324,-9.421005,-0.19931868,52.4186,52.608112,118469.07,118280.58,118092.08,118402.63,45.615883,34.293896,118257.59,118134.85,118035.65,117936.445,117795.21,118684.67,uptrend,fib_golden_zone,118134.85,118684.67,146.50024,155.94695,32.539333,-8433.897
2025-07-19 13:30:00,118253.9,118299.0,118197.4,118242.7,256.342,30314260.0,118211.15,118237.2,118147.21,-5.068355,-7.970122,2.9017668,50.90836,52.206207,118443.086,118266.92,118090.766,118405.086,57.01676,44.509,118257.59,118134.85,118035.65,117936.445,117795.21,118684.67,uptrend,fib_golden_zone,118134.85,118684.67,140.88771,153.359,31.058058,-8690.239
2025-07-19 13:45:00,118242.7,118242.7,118050.0,118167.0,470.677,55598224.0,118194.52,118242.15,118151.92,-16.644928,-10.861724,-5.7832036,41.483746,49.52131,118410.43,118246.63,118082.836,118402.06,59.00839,53.880344,118257.59,118134.85,118035.65,117936.445,117795.21,118684.67,uptrend,fib_golden_zone,118134.85,118684.67,147.36424,155.23238,32.912743,-9160.916
2025-07-19 14:00:00,118167.0,118203.0,118000.0,118019.2,548.402,64769692.0,118176.125,118240.336,118153.37,-50.619877,-24.11444,-26.505436,29.179052,44.798134,118423.77,118225.72,118027.66,118404.9,42.702545,52.90923,117813.7,117936.445,118035.65,118134.85,118276.09,118684.67,neutral,neutral,,,154.31873,157.50702,35.27746,-9709.318
2025-07-19 14:15:00,118019.3,118149.3,117799.9,117860.2,1641.098,193594380.0,118136.71,118228.914,118152.93,-97.90938,-48.712753,-49.196625,21.263288,40.44123,118413.98,118177.695,117941.41,118423.836,21.830368,41.18043,117813.7,117936.445,118035.65,118134.85,118276.09,117386.63,downtrend,neutral,117386.63,117936.445,178.70387,166.64479,39.358215,-11350.416
2025-07-19 14:30:00,117860.1,117976.4,117632.0,117789.6,2159.894,254472780.0,118096.336,118210.67,118154.32,-133.71722,-77.04758,-56.669643,18.643303,38.687027,118401.43,118127.1,117852.77,118444.016,14.043779,26.19223,117813.7,117936.445,118035.65,118134.85,118276.09,117386.63,downtrend,neutral,117386.63,117936.445,199.4159,175.10931,43.90176,-13510.31
2025-07-19 14:45:00,117789.9,117878.8,117615.3,117657.4,1054.474,124162410.0,118026.25,118181.14,118150.19,-172.99231,-109.02915,-63.963154,14.689257,35.646885,118416.27,118073.55,117730.83,118473.09,13.955868,16.610004,117813.7,117936.445,118035.65,118134.85,118276.09,117386.63,downtrend,neutral,117386.63,117936.445,207.4264,179.3184,47.95887,-14564.784
2025-07-19 15:00:00,117657.4,117944.6,117637.5,117890.0,851.233,100290160.0,117985.0,118166.14,118148.89,-142.89272,-120.31701,-22.575714,40.564724,43.80506,118400.53,118050.516,117700.51,118476.93,23.321432,17.107027,117809.125,117929.04,118025.95,118122.87,118260.84,117391.91,downtrend,neutral,117391.91,117929.04,219.8856,185.40324,49.131676,-13713.551
2025-07-19 15:15:00,117889.9,118176.1,117889.9,118169.2,1106.305,130664610.0,117974.414,118164.86,118151.97,-65.707596,-102.11387,36.406277,58.28382,51.546837,118399.414,118049.99,117700.57,118478.05,44.8737,27.383667,118242.77,118122.87,118025.95,117929.04,117791.055,118659.99,uptrend,fib_golden_zone,118122.87,118659.99,228.17491,190.20308,44.209484,-12607.246
2025-07-19 15:30:00,118169.2,118221.7,118071.3,118191.7,651.519,76988616.0,117968.04,118159.71,118155.27,-14.187158,-72.80497,58.61781,59.42121,52.105164,118411.99,118056.586,117701.17,118480.984,74.5054,47.566845,118204.4,118081.66,117982.45,117883.25,117742.01,118631.47,uptrend,fib_golden_zone,118081.66,118631.47,218.45305,188.3077,39.02803,-11955.727
2025-07-19 15:45:00,118191.7,118191.7,118000.0,118025.6,448.85,53003020.0,117950.36,118141.57,118155.57,-15.709425,-53.77312,38.063694,48.12126,47.832798,118385.07,118040.54,117696.016,118481.17,83.66646,67.681854,118126.92,118018.984,117931.75,117844.516,117720.31,118502.49,uptrend,fib_618_bounce,118018.984,118502.49,215.10892,188.46924,35.737278,-12404.577
2025-07-19 16:00:00,118025.6,118025.7,117825.1,117869.5,749.821,88410500.0,117931.65,118115.81,118153.97,-45.564556,-51.036934,5.4723744,39.818855,44.252277,118350.66,118011.336,117672.016,118486.73,68.2113,75.46105,117736.01,117843.59,117930.55,118017.51,118141.305,118499.44,neutral,neutral,,,213.2953,189.04689,35.28922,-13154.398
2025-07-19 16:15:00,117869.5,118149.8,117826.9,118096.1,791.778,93412470.0,117961.14,118107.516,118153.555,-17.292988,-39.78895,22.495962,53.427147,49.961426,118315.41,117998.18,117680.96,118487.07,62.956245,71.611336,118125.09,118017.51,117930.55,117843.59,117719.8,118499.44,uptrend,fib_golden_zone,118017.51,118499.44,226.99588,195.42085,32.369255,-12362.62
2025-07-19 16:30:00,118096.2,118143.7,117988.0,118058.2,450.312,53165588.0,117994.71,118089.51,118151.4,-7.533377,-29.037092,21.503716,51.169376,49.07874,118273.83,117982.805,117691.78,118486.67,64.40671,65.19142,118125.09,118017.51,117930.55,117843.59,117719.8,118499.44,uptrend,fib_golden_zone,118017.51,118499.44,218.0839,193.52937,29.81429,-12812.932
2025-07-19 16:45:00,118058.2,118125.6,117925.8,117958.1,318.682,37609092.0,118032.3,118068.62,118147.29,-20.66439,-26.246193,5.581801,45.274044,46.78642,118238.74,117965.4,117692.055,118485.2,61.611885,62.991615,117736.01,117843.59,117930.55,118017.51,118141.305,118499.44,neutral,neutral,,,215.79842,193.82799,28.581123,-13131.614
2025-07-19 17:00:00,117958.1,117971.3,117856.6,117867.0,409.693,48305170.0,118029.42,118048.0,118140.79,-44.53619,-32.342857,-12.193332,40.33937,44.787426,118228.45,117952.72,117676.984,118479.95,38.704285,54.907627,117736.01,117843.59,117930.55,118017.51,118141.305,118499.44,neutral,neutral,,,203.16112,190.05998,28.540401,-13541.307
2025-07-19 17:15:00,117867.1,117906.9,117781.1,117807.0,465.989,54909944.0,117984.15,118030.88,118132.46,-67.485016,-44.05691,-23.428106,37.222,43.502068,118230.04,117948.28,117666.52,118480.96,16.802563,39.039577,117736.01,117843.59,117930.55,118017.51,118141.305,117361.664,downtrend,neutral,117361.664,117843.59,193.49097,186.99998,29.532162,-14007.296
2025-07-19 17:30:00,117807.0,117852.5,117711.6,117785.5,634.226,74687820.0,117933.375,118012.31,118123.195,-81.4803,-56.531376,-24.948925,36.057114,43.03735,118230.33,117947.945,117665.555,118481.66,11.245696,22.250849,117675.27,117783.71,117871.35,117958.99,118083.766,117297.984,downtrend,fib_382_reject,117783.71,117871.35,186.9171,184.80475,31.254042,-14641.522
2025-07-19 17:45:00,117785.5,117836.1,117703.2,117786.5,374.107,44063700.0,117903.484,117996.79,118113.51,-85.40711,-66.156624,-19.250492,36.165516,43.06705,118210.914,117958.7,117706.484,118472.14,13.941442,13.996567,117476.19,117618.66,117733.8,117848.945,118012.875,118487.12,neutral,neutral,,,180.16496,182.33308,32.864433,-14267.415
2025-07-19 18:00:00,117786.4,117928.6,117728.6,117913.6,341.274,40218956.0,117909.0,117982.29,118108.82,-59.374477,-63.89591,4.5214286,48.989147,46.77118,118211.414,117960.664,117709.914,118444.3,27.76013,17.64909,117991.414,117848.945,117733.8,117618.66,117454.72,118487.12,uptrend,fib_golden_zone,117848.945,118487.12,182.64435,183.17438,31.47049,-13926.141
2025-07-19 18:15:00,117913.7,117975.3,117824.4,117901.1,406.47,47933650.0,117884.625,117967.1,118104.52,-44.052284,-57.281364,13.229083,47.8854,46.45904,118162.99,117938.33,117713.66,118413.25,37.755756,26.485775,117991.414,117848.945,117733.8,117618.66,117454.72,118487.12,uptrend,fib_golden_zone,117848.945,118487.12,178.6763,181.6375,28.997583,-14332.611
2025-07-19 18:30:00,117901.1,118018.1,117901.1,117926.2,396.148,46736296.0,117868.125,117951.49,118101.29,-28.418062,-47.660263,19.242203,50.498173,47.201958,118093.945,117916.2,117738.45,118396.54,55.143787,40.21989,117991.414,117848.945,117733.8,117618.66,117454.72,118487.12,uptrend,fib_golden_zone,117848.945,118487.12,170.96677,178.55952,25.72495,-13936.463
2025-07-19 18:45:00,117926.3,117976.3,117818.0,117841.2,284.383,33523452.0,117853.516,117932.375,118097.47,-34.321457,-43.213997,8.892538,42.14935,44.98258,118071.47,117900.836,117730.195,118356.77,53.8303,48.909946,117991.414,117848.945,117733.8,117618.66,117454.72,118487.12,uptrend,fib_618_bounce,117733.8,117848.945,169.38342,177.59479,24.681562,-14220.846
2025-07-19 19:00:00,117841.1,117900.3,117562.1,117710.8,1060.353,124792750.0,117833.984,117910.66,118090.266,-60.898567,-49.108852,-11.789714,32.524982,41.815514,118082.63,117887.61,117692.58,118324.26,49.083073,52.68572,117476.19,117618.66,117733.8,117848.945,118012.875,118487.12,neutral,neutral,,,190.48549,185.24265,27.334318,-15281.199
2025-07-19 19:15:00,117710.8,117837.1,117702.5,117835.6,360.082,42411856.0,117837.56,117901.91,118082.67,-49.414124,-49.21061,-0.20351507,46.23316,45.660168,118025.59,117865.9,117706.2,118296.79,45.470387,49.46125,117991.414,117848.945,117733.8,117618.66,117454.72,118487.12,uptrend,fib_618_bounce,117733.8,117848.945,183.4998,182.8311,29.65548,-14921.117
2025-07-19 19:30:00,117835.7,118124.9,117835.6,118095.9,558.777,65932324.0,117876.36,117913.13,118081.25,9.082419,-29.7796,38.86202,64.02014,52.52961,118041.58,117869.04,117696.51,118290.805,62.478306,52.34392,117968.49,117830.41,117718.8,117607.195,117448.305,118448.96,uptrend,neutral,117830.41,118448.96,196.72482,187.90105,26.347673,-14362.34
2025-07-19 19:45:00,118095.9,118096.0,117946.8,117978.3,698.816,82459520.0,117900.336,117922.12,118077.6,19.67652,-13.294227,32.970745,54.51453,49.557693,118046.34,117870.73,117695.11,118277.36,76.25898,61.402557,117936.48,117804.51,117697.85,117591.19,117439.336,118395.664,uptrend,neutral,117804.51,118395.664,190.78423,186.05814,23.453344,-15061.156
2025-07-19 20:00:00,117978.4,118125.7,117929.2,117984.8,423.105,49935044.0,117909.234,117937.71,118076.69,26.031408,-0.18568155,26.21709,54.945904,49.722775,118065.04,117880.54,117696.05,118269.62,81.26629,73.334526,117936.48,117804.51,117697.85,117591.19,117439.336,118395.664,uptrend,neutral,117804.51,118395.664,191.4987,186.55537,21.44584,-14638.051
2025-07-19 20:15:00,117984.9,117984.9,117873.9,117977.2,201.472,23758466.0,117918.75,117941.86,118074.98,26.975565,8.868067,18.107498,54.24416,49.523796,118080.33,117894.73,117709.12,118249.96,74.201065,77.24211,117931.82,117800.74,117694.8,117588.86,117438.03,118387.9,uptrend,neutral,117800.74,118387.9,181.43636,182.95749,18.975607,-14839.523
2025-07-19 20:30:00,117977.2,117980.5,117918.8,117953.4,222.263,26216176.0,117922.15,117931.586,118071.64,21.697199,13.144444,8.552754,51.825916,48.8806,118086.266,117908.72,117731.164,118227.89,72.6934,76.05358,117918.07,117789.62,117685.8,117581.984,117434.18,118365.01,uptrend,neutral,117789.62,118365.01,166.46931,177.18333,16.814154,-15061.786
2025-07-19 20:45:00,117953.4,118054.4,117666.8,117682.3,526.294,62027044.0,117902.29,117907.33,118061.77,-33.990307,-2.5671394,-31.423166,32.544926,42.30859,118102.734,117900.03,117697.33,118203.41,48.81928,65.237915,117453.53,117581.984,117685.8,117789.62,117937.42,118365.01,neutral,neutral,,,194.11066,187.20317,19.036177,-15588.08
2025-07-19 21:00:00,117682.3,117809.0,117500.0,117572.8,1290.373,151790220.0,117885.04,117885.766,118049.555,-85.05029,-30.061525,-54.98877,27.690435,40.026253,118131.125,117871.63,117612.14,118185.3,28.147095,49.886593,117453.53,117581.984,117685.8,117789.62,117937.42,117006.59,downtrend,fib_382_reject,117006.59,117581.984,208.47182,193.00302,22.63233,-16878.453
2025-07-19 21:15:00,117572.8,117670.1,117245.9,117662.3,2636.021,309578080.0,117863.375,117875.9,118040.91,-93.1298,-51.084282,-42.045517,36.694843,42.679977,118130.39,117851.734,117573.07,118166.33,20.780516,32.5823,117453.53,117581.984,117685.8,117789.62,117937.42,118365.01,neutral,neutral,,,235.43784,204.0124,27.476692,-14242.432
2025-07-19 21:30:00,117662.4,117681.9,117384.6,117445.6,1124.068,132075370.0,117782.086,117844.92,118028.37,-134.58809,-78.918884,-55.66921,27.146046,38.36431,118151.52,117811.68,117471.84,118180.32,27.220749,25.382788,117453.53,117581.984,117685.8,117789.62,117937.42,117006.59,downtrend,neutral,117006.59,117581.984,243.17061,208.45467,31.440704,-15366.5
2025-07-19 21:45:00,117445.6,117716.0,117445.5,117666.1,542.078,63749800.0,117743.06,117826.25,118021.64,-109.86959,-89.23579,-20.633804,44.340225,44.37386,118143.92,117797.09,117450.266,118181.35,40.66669,29.555984,117453.53,117581.984,117685.8,117789.62,117937.42,118365.01,neutral,neutral,,,246.58679,211.40921,34.052532,-14824.422
2025-07-19 22:00:00,117666.0,117750.0,117491.3,117733.9,583.592,68646740.0,117711.7,117815.58,118015.64,-77.598564,-85.35671,7.7581496,48.684757,46.07147,118144.48,117799.016,117453.555,118181.555,45.00994,37.632458,117453.53,117581.984,117685.8,117789.62,117937.42,118365.01,neutral,neutral,,,248.10094,213.66115,35.447395,-14240.83
2025-07-19 22:15:00,117734.0,117779.9,117661.2,117675.2,604.071,71110790.0,117673.95,117806.445,118008.586,-66.64376,-79.119064,12.475304,45.126873,44.8278,118135.71,117785.65,117435.586,118180.91,55.14327,46.939964,117453.53,117581.984,117685.8,117789.62,117937.42,118365.01,neutral,neutral,,,231.92583,209.13919,35.853085,-14844.901
2025-07-19 22:30:00,117675.2,117816.6,117662.0,117802.0,269.296,31707248.0,117655.02,117806.2,118003.945,-33.057976,-63.765366,30.70739,53.661236,48.010937,118068.87,117761.16,117453.45,118178.62,70.29958,56.817596,117453.53,117581.984,117685.8,117789.62,117937.42,118365.01,neutral,neutral,,,222.26009,206.54208,35.18103,-14575.605
2025-07-19 22:45:00,117802.0,117825.4,117737.7,117758.1,218.791,25771358.0,117664.5,117804.9,117997.73,-20.653816,-49.39485,28.741034,50.48945,47.024666,118027.17,117742.805,117458.44,118149.68,79.642204,68.36169,117453.53,117581.984,117685.8,117789.62,117937.42,118365.01,neutral,neutral,,,205.44008,200.88293,34.332443,-14794.396
2025-07-19 23:00:00,117758.1,117915.8,117706.9,117881.0,349.775,41207012.0,117703.02,117809.4,117992.42,10.827313,-29.320795,40.14811,58.500977,50.04143,117998.67,117734.16,117469.65,118117.13,93.09236,81.01138,117453.53,117581.984,117685.8,117789.62,117937.42,118365.01,neutral,neutral,,,205.87257,201.2647,31.055338,-14444.621
2025-07-19 23:15:00,117881.1,117881.1,117704.2,117758.8,217.945,25669024.0,117715.086,117802.03,117982.99,5.024754,-17.872278,22.897034,49.255337,47.233257,117946.414,117715.96,117485.51,118102.43,82.81746,85.184006,117453.53,117581.984,117685.8,117789.62,117937.42,118365.01,neutral,neutral,,,202.25099,200.10448,28.249453,-14662.566
2025-07-19 23:30:00,117758.8,117906.1,117758.8,117767.3,211.016,24864152.0,117755.3,117795.66,117975.03,3.0887797,-10.88526,13.974039,49.89791,47.448643,117894.92,117700.45,117505.98,118099.55,75.02784,83.64589,117453.53,117581.984,117685.8,117789.62,117937.42,118365.01,neutral,neutral,,,195.38213,197.58998,25.065372,-14451.55
2025-07-19 23:45:00,117767.2,117858.7,117756.5,117814.4,201.633,23754512.0,117773.836,117790.336,117968.09,10.806852,-3.6545556,14.461408,53.689022,48.667736,117913.555,117711.46,117509.36,118075.03,63.93585,73.92705,117453.53,117581.984,117685.8,117789.62,117937.42,118365.01,neutral,neutral,,,183.73436,193.04759,22.347527,-14249.917
2025-07-20 00:00:00,117814.3,117846.7,117666.0,117673.3,305.598,35983020.0,117766.266,117782.336,117956.7,-12.173623,-6.4942446,-5.6793785,42.459965,45.357937,117909.09,117719.836,117530.58,118053.555,43.21427,60.725986,117453.53,117581.984,117685.8,117789.62,117937.42,118365.01,neutral,neutral,,,183.35506,192.45963,22.40519,-14555.515
2025-07-20 00:15:00,117673.4,117774.9,117620.6,117620.6,254.135,29914042.0,117759.44,117778.04,117942.414,-34.76372,-15.917404,-18.84632,38.913555,44.179638,117910.125,117716.36,117522.59,118044.1,21.541716,42.897278,117453.53,117581.984,117685.8,117789.62,117937.42,118365.01,neutral,neutral,,,179.72318,190.64249,23.455153,-14809.65
2025-07-20 00:30:00,117620.6,117772.1,117618.0,117646.6,370.082,43550068.0,117740.016,117769.04,117928.52,-41.064552,-24.299788,-16.764767,41.715576,44.92085,117867.85,117733.11,117598.37,118040.13,4.685362,23.147116,117453.53,117581.984,117685.8,117789.62,117937.42,118365.01,neutral,neutral,,,176.52028,188.90237,24.432117,-14439.568
2025-07-20 00:45:00,117646.5,117974.5,117646.5,117912.5,410.964,48437756.0,117759.31,117760.31,117922.02,7.9380445,-13.5538435,21.491888,62.331314,51.79439,117909.414,117753.64,117597.87,118046.77,30.737486,18.988188,117453.53,117581.984,117685.8,117789.62,117937.42,118365.01,neutral,neutral,,,195.45525,195.52608,23.61692,-14028.604
2025-07-20 01:00:00,117912.5,118054.5,117855.5,117960.2,727.662,85839384.0,117769.21,117759.445,117913.36,44.647243,5.8465185,38.800724,64.927635,52.9015,117958.32,117772.5,117586.68,118058.3,56.8696,30.764149,117453.53,117581.984,117685.8,117789.62,117937.42,118365.01,neutral,neutral,,,195.89835,195.6915,24.388866,-13300.942
2025-07-20 01:15:00,117960.2,118119.6,117951.1,117956.2,634.502,74907340.0,117793.89,117758.086,117905.35,62.735962,24.809666,37.926296,64.492744,52.79474,117994.18,117795.914,117597.66,118068.875,76.14309,54.58339,117453.53,117581.984,117685.8,117789.62,117937.42,118365.01,neutral,neutral,,,192.47356,194.39667,26.105507,-13935.444
2025-07-20 01:30:00,117956.2,118035.6,117916.5,117974.5,323.822,38204588.0,117819.79,117757.96,117899.43,73.57066,41.06333,32.507328,65.71834,53.247974,118027.63,117810.29,117592.945,118074.34,72.297714,68.4368,117453.53,117581.984,117685.8,117789.62,117937.42,118365.01,neutral,neutral,,,183.30185,190.81111,26.44699,-13611.622
2025-07-20 01:45:00,117974.4,118015.5,117875.1,117908.8,261.951,30895114.0,117831.586,117755.836,117894.75,63.744267,48.623642,15.120624,57.41728,51.388023,118043.33,117822.85,117602.37,118074.91,65.49043,71.31041,117453.53,117581.984,117685.8,117789.62,117937.42,118365.01,neutral,neutral,,,177.93912,188.41058,25.39004,-13873.573
2025-07-20 02:00:00,117908.9,117925.9,117785.8,117870.6,378.376,44590004.0,117856.25,117764.8,117889.2,47.817554,48.354946,-0.5373934,52.885883,50.315063,118041.78,117821.984,117602.18,118070.96,59.801968,65.86337,117453.53,117581.984,117685.8,117789.62,117937.42,118365.01,neutral,neutral,,,173.20923,186.11008,22.502104,-14251.949
2025-07-20 02:15:00,117870.5,117900.0,117769.2,117769.3,247.132,29125154.0,117874.836,117774.16,117882.96,17.14431,37.9514,-20.80709,42.507156,47.550583,118041.91,117822.86,117603.81,118068.49,44.763264,56.68522,117453.53,117581.984,117685.8,117789.62,117937.42,118365.01,neutral,neutral,,,167.90808,183.47626,20.405401,-14499.081
2025-07-20 02:30:00,117769.2,117892.0,117741.4,117858.4,197.644,23290050.0,117901.31,117783.49,117876.42,15.771774,30.558191,-14.786418,52.144386,50.083477,118047.94,117830.45,117612.96,118072.24,35.75044,46.77189,117453.53,117581.984,117685.8,117789.62,117937.42,118365.01,neutral,neutral,,,165.74457,181.91072,19.315062,-14301.437
2025-07-20 02:45:00,117858.3,117990.0,117841.6,117957.8,493.289,58175120.0,117906.98,117807.88,117871.66,33.169765,31.428717,1.7410487,60.71514,52.756,118068.56,117842.4,117616.24,118080.664,38.036957,39.516888,117453.53,117581.984,117685.8,117789.62,117937.42,118365.01,neutral,neutral,,,163.57649,180.31497,18.272097,-13808.148
2025-07-20 03:00:00,117957.8,118085.2,117957.7,117969.4,313.431,36989044.0,117908.125,117822.33,117866.484,43.741486,35.532974,8.208512,61.65026,53.063923,118081.11,117867.08,117653.04,118064.86,51.49068,41.75936,117453.53,117581.984,117685.8,117789.62,117937.42,118365.01,neutral,neutral,,,159.06694,177.79997,19.40499,-13494.717
2025-07-20 03:15:00,117969.4,117985.1,117714.2,117880.1,761.146,89700856.0,117898.61,117829.29,117859.89,30.690016,33.918655,-3.2286375,50.79165,50.408207,118055.85,117888.7,117721.555,118056.42,56.084335,48.537327,117453.53,117581.984,117685.8,117789.62,117937.42,118365.01,neutral,neutral,,,173.04607,182.2333,19.125507,-14255.863
2025-07-20 03:30:00,117880.0,118158.7,117878.0,117967.2,1582.705,186837710.0,117897.7,117843.195,117856.26,38.36108,35.399464,2.9616182,59.007576,52.82612,118022.49,117915.414,117808.34,118054.53,55.984165,54.519726,117453.53,117581.984,117685.8,117789.62,117937.42,118365.01,neutral,neutral,,,186.5028,186.9222,17.835018,-12673.158
2025-07-20 03:45:00,117967.1,117967.2,117893.5,117934.1,324.781,38299976.0,117900.86,117849.484,117854.71,34.613068,35.13733,-0.5242642,54.94063,51.818,118024.67,117917.22,117809.766,118050.24,50.36873,54.145744,117453.53,117581.984,117685.8,117789.62,117937.42,118365.01,neutral,neutral,,,172.40247,181.53067,16.70584,-12997.939
2025-07-20 04:00:00,117934.2,117955.9,117870.0,117895.7,360.195,42473110.0,117904.0,117856.04,117855.36,23.508818,31.26116,-7.7523427,50.252815,50.64079,118017.09,117911.84,117806.586,118045.19,49.073864,51.808918,117453.53,117581.984,117685.8,117789.62,117937.42,118365.01,neutral,neutral,,,161.58965,176.97682,15.204918,-13358.134
2025-07-20 04:15:00,117895.8,118057.7,117856.7,118038.7,433.419,51133064.0,117937.67,117863.55,117859.88,43.282158,35.268158,8.014,63.706867,54.667732,118040.125,117918.72,117797.31,118065.586,54.435696,51.292763,117453.53,117581.984,117685.8,117789.62,117937.42,118365.01,neutral,neutral,,,166.51595,178.12079,15.7658205,-12924.715
2025-07-20 04:30:00,118038.6,118099.8,117896.9,117907.6,391.16,46160644.0,117943.83,117870.63,117864.44,27.548729,32.695015,-5.1462874,49.41327,50.687027,118030.75,117913.14,117795.53,118065.65,52.448444,51.986,117453.53,117581.984,117685.8,117789.62,117937.42,118365.01,neutral,neutral,,,171.06395,179.30075,16.951399,-13315.875
2025-07-20 04:45:00,117907.6,117967.0,117900.4,117917.8,178.198,21015116.0,117938.83,117877.8,117864.94,19.189209,28.19308,-9.003871,50.42294,50.978638,118031.49,117913.89,117796.29,118070.0,54.105736,53.663292,117453.53,117581.984,117685.8,117789.62,117937.42,118365.01,neutral,neutral,,,158.00595,173.93405,17.988781,-13137.677
2025-07-20 05:00:00,117917.9,117951.7,117818.7,117854.3,239.849,28272756.0,117924.44,117879.7,117859.21,1.4033313,19.263165,-17.859833,44.038837,49.08141,118032.02,117912.53,117793.05,118046.07,33.261475,46.605217,117453.53,117581.984,117685.8,117789.62,117937.42,118365.01,neutral,neutral,,,154.88022,171.9848,16.559803,-13377.526
2025-07-20 05:15:00,117854.4,117869.8,117769.0,117769.0,218.885,25787746.0,117910.55,117884.26,117851.53,-25.074472,4.483952,-29.558424,36.747295,46.633507,118032.09,117912.51,117792.92,118042.29,18.758287,35.375168,117453.53,117581.984,117685.8,117789.62,117937.42,118365.01,neutral,neutral,,,148.1202,168.59506,14.922352,-13596.411
