open_time,开盘价,最高价,最低价,收盘价,成交量,成交额,成交笔数,主动买入量,主动买入额,MA12,MA26,MA20,MA50,MACD,MACD_Signal,MACD_Hist,RSI,BB_Upper,BB_Middle,BB_Lower,Stoch_SlowK,Stoch_SlowD,OBV,ATR,ADX,计算时间,MA_Signal,MACD_Signal_Analysis,RSI_Signal,BB_Signal,Stoch_Signal,综合信号
2025-07-09 08:00:00,108674.7,108799.0,108601.0,108612.2,1752.869,190541886.7876,32976.0,788.129,85664966.6498,,,,,,,,,,,,,,1752.869,,,2025-07-17 23:58:33,中性,中性,中性,中轨附近,中性,中性
2025-07-09 09:00:00,108612.3,108737.3,108510.0,108703.6,1920.572,208576347.1143,33785.0,946.731,102820736.3386,,,,,,,,,,,,,,3673.441,,,2025-07-17 23:58:33,中性,中性,中性,中轨附近,中性,中性
2025-07-09 10:00:00,108703.6,108850.1,108654.2,108850.1,1533.184,166768121.3617,31085.0,814.32,88579840.0971,,,,,,,,,,,,,,5206.625,,,2025-07-17 23:58:33,中性,中性,中性,中轨附近,中性,中性
2025-07-09 11:00:00,108850.1,109074.0,108850.0,109008.3,4337.75,472734147.657,68163.0,2070.789,225675378.56,,,,,,,,,,,,,,9544.375,,,2025-07-17 23:58:33,中性,中性,中性,中轨附近,中性,中性
2025-07-09 12:00:00,109008.3,109472.0,108929.1,109286.7,9961.526,1089090677.8304,136753.0,5474.33,598415984.106,,,,,,,,,,,,,,19505.900999999998,,,2025-07-17 23:58:33,中性,中性,中性,中轨附近,中性,中性
2025-07-09 13:00:00,109286.6,109738.5,109072.2,109136.9,13260.997,1451773576.3708,179439.0,6833.403,748260436.1255,,,,,,,,,,,,,,6244.903999999999,,,2025-07-17 23:58:33,中性,中性,中性,中轨附近,中性,中性
2025-07-09 14:00:00,109136.8,109429.9,108429.0,108840.0,15424.001,1678515094.8006,223019.0,7882.09,857724841.4026,,,,,,,,,,,,,,-9179.097000000002,,,2025-07-17 23:58:33,中性,中性,中性,中轨附近,中性,中性
2025-07-09 15:00:00,108840.1,109175.3,108749.1,109020.0,5585.174,608579139.368,92520.0,2852.34,310791908.2506,,,,,,,,,,,,,,-3593.9230000000016,,,2025-07-17 23:58:33,中性,中性,中性,中轨附近,中性,中性
2025-07-09 16:00:00,109019.9,109430.0,108975.9,109350.0,4041.18,441345711.0798,76875.0,2072.045,226294974.5543,,,,,,,,,,,,,,447.25699999999824,,,2025-07-17 23:58:33,中性,中性,中性,中轨附近,中性,中性
2025-07-09 17:00:00,109350.0,109413.8,108979.6,109108.4,3619.848,395106517.6791,67056.0,1632.252,178146737.6457,,,,,,,,,,,,,,-3172.5910000000017,,,2025-07-17 23:58:33,中性,中性,中性,中轨附近,中性,中性
2025-07-09 18:00:00,109108.4,109537.0,109084.4,109485.6,5196.15,568491928.1915,83012.0,2892.429,316436895.953,,,,,,,,,,,,,,2023.558999999998,,,2025-07-17 23:58:33,中性,中性,中性,中轨附近,中性,中性
2025-07-09 19:00:00,109485.6,112036.8,109446.0,111718.8,42985.839,4769043444.6236,565784.0,25604.07,2839979240.3765,109260.05,,109260.05,,,,,84.6471270521056,,,,,,45009.398,,,2025-07-17 23:58:33,中性,中性,超买,中轨附近,中性,中性
2025-07-09 20:00:00,111718.8,111931.5,110508.0,110675.8,19495.737,2168006699.8488,302254.0,8831.8,982102442.635,109432.01666666668,,109432.01666666668,,,,,67.39898765651365,,,,,,25513.661,719.8916666666677,,2025-07-17 23:58:33,中性,中性,看涨区域,中轨附近,中性,中性
2025-07-09 21:00:00,110675.8,111239.0,110627.2,110785.8,7896.78,876507138.5634,127003.0,3913.109,434321949.2904,109605.53333333334,,109605.53333333334,,,,,68.1518495384829,,,,,,33410.441,710.884027777779,,2025-07-17 23:58:33,中性,中性,看涨区域,中轨附近,中性,中性
2025-07-09 22:00:00,110785.7,111378.3,110781.9,111327.9,4945.648,549899804.3197,94568.0,2591.68,288164214.7016,109812.01666666666,,109812.01666666666,,,,,71.6952696945357,,,,69.31740488201483,73.43205732113961,38356.089,701.3436921296316,,2025-07-17 23:58:33,中性,中性,超买,中轨附近,看跌交叉,中性
2025-07-09 23:00:00,111328.0,111483.6,111178.9,111199.9,4277.022,476268886.661,70848.0,2077.501,231361648.683,109994.64999999998,,109994.64999999998,,,,,69.68163802212703,111737.11886610511,109694.375,107651.63113389489,74.15969103978402,72.13537335772487,34079.067,668.2900511188299,,2025-07-17 23:58:33,中性,中性,看涨区域,上轨区域,看涨交叉,中性
2025-07-10 00:00:00,111199.8,111286.9,110863.2,110868.6,3438.826,382023237.4508,65543.0,1517.448,168588042.4811,110126.47499999999,,110126.47499999999,,,,,64.5221950562928,111871.37045779203,109835.40000000001,107799.42954220799,74.92470018663253,72.80059870281048,30640.241,647.9075468589272,,2025-07-17 23:58:33,中性,中性,看涨区域,上轨区域,看涨交叉,中性
2025-07-10 01:00:00,110868.7,111320.2,110834.6,111148.3,3150.773,349976645.4313,55917.0,1912.76,212466520.6419,110294.09166666667,,110294.09166666667,,,,,66.80476418204398,112028.40839001987,109988.19375,107947.97910998014,72.46607410851186,73.85015511164282,33791.014,634.3819179540159,,2025-07-17 23:58:33,中性,中性,看涨区域,上轨区域,看跌交叉,中性
2025-07-10 02:00:00,111148.3,111548.3,111088.0,111178.4,4160.178,463050079.7278,68483.0,2226.096,247801511.5191,110488.95833333333,,110488.95833333333,,,,,67.05567221274394,112160.55890128174,110133.7125,108106.86609871825,70.85038170943007,72.74705200152482,37951.192,619.8750914578482,,2025-07-17 23:58:33,中性,中性,看涨区域,上轨区域,看跌交叉,中性
2025-07-10 03:00:00,111178.4,111183.3,110937.5,111028.2,2312.372,256803479.4295,40964.0,1061.229,117851466.0223,110656.30833333333,,110656.30833333333,,,,,64.38441516518701,112241.8101913541,110259.95624999999,108278.10230864587,70.6466722229906,71.32104268031084,35638.82,588.7021671696943,,2025-07-17 23:58:33,中性,中性,看涨区域,上轨区域,看跌交叉,中性
2025-07-10 04:00:00,111028.3,111146.1,110905.3,111106.9,2164.563,240342332.6835,38808.0,1163.668,129213320.4425,110802.71666666666,,110802.71666666666,,,,,65.18380559376968,112327.81673017067,110373.71874999999,108419.6207698293,69.15619294440619,70.2177489589423,37803.383,559.7103199055533,,2025-07-17 23:58:33,中性,中性,看涨区域,上轨区域,看跌交叉,中性
2025-07-10 05:00:00,111106.9,111127.6,110894.2,111058.4,2505.715,278082201.4869,37711.0,1360.715,151015369.8635,110965.21666666666,,110965.21666666666,,,,,64.20688302566764,112363.45841016358,110493.81249999999,108624.16658983639,65.916073690211,68.5729796192026,35297.668000000005,532.517793246758,,2025-07-17 23:58:33,中性,中性,看涨区域,上轨区域,看跌交叉,中性
2025-07-10 06:00:00,111058.4,111270.0,111050.4,111184.7,2199.533,244507774.7103,48390.0,1051.968,116939372.7044,111106.8083333333,,111106.8083333333,,,,,65.68027573789894,112327.13809270025,110640.35624999998,108953.57440729972,59.4256507488678,64.83263912782834,37497.20100000001,506.44131047619527,,2025-07-17 23:58:33,中性,中性,看涨区域,上轨区域,看跌交叉,中性
2025-07-10 07:00:00,111184.7,111399.7,111085.7,111186.1,3633.956,404325899.218,68036.0,1642.494,182760691.7807,111062.41666666664,,111062.41666666664,,,,,65.69749292624856,112255.59935820999,110775.73749999999,109295.87564178999,56.816937607047265,60.719554015375365,41131.15700000001,490.404534603179,58.268489778635534,2025-07-17 23:58:33,中性,中性,看涨区域,上轨区域,看跌交叉,中性
2025-07-10 08:00:00,111186.2,111370.3,111082.6,111185.2,2636.566,293223057.1241,46577.0,1182.608,131521149.1919,111104.86666666664,,111104.86666666664,,,,,65.67419483421172,112183.14774958826,110890.43749999999,109597.72725041171,53.61262042518575,56.61840292703362,38494.59100000001,473.51249005291385,57.8939538786116,2025-07-17 23:58:33,中性,中性,看涨区域,上轨区域,看跌交叉,中性
2025-07-10 09:00:00,111185.2,111215.2,110970.5,110997.8,2382.992,264726686.8863,43611.0,1219.845,135518643.8167,111122.53333333331,110232.79230769232,111122.53333333331,110232.79230769232,,,,60.74052730486649,111916.42831121119,111008.525,110100.6216887888,45.38895098885066,51.9395030070279,36111.59900000001,454.44478254850407,56.89723816419623,2025-07-17 23:58:33,金叉,中性,看涨区域,下轨区域,看跌交叉,中性
2025-07-10 10:00:00,110997.8,111059.7,110800.0,111036.8,4940.044,548077936.9134,54506.0,2079.758,230754921.2796,111098.27499999998,110326.04615384614,111098.27499999998,110326.04615384614,586.1253104134667,793.4265639209126,-207.30125350744595,61.40427350616996,111560.51998954774,111105.47499999999,110650.43001045224,35.711488077816405,44.90435316395095,41051.64300000001,438.2160506694618,55.03498489257018,2025-07-17 23:58:33,金叉,看跌,看涨区域,下轨区域,看跌交叉,中性
2025-07-10 11:00:00,111036.7,111137.9,110915.4,110972.2,2407.382,267287099.2013,43462.0,1124.396,124845391.821,111079.29999999999,110413.29999999999,111079.29999999999,110413.29999999999,521.2946803904197,725.3935930382894,-204.09891264786972,59.56925539879264,111388.59281231403,111058.81249999999,110729.03218768594,25.841324591496925,35.64725455272134,38644.26100000001,420.23971311367336,53.53278975519598,2025-07-17 23:58:33,金叉,看跌,看涨区域,下轨区域,看跌交叉,中性
2025-07-10 12:00:00,110972.1,110972.2,110693.8,110809.0,4430.287,490900303.1678,71222.0,2075.531,229982054.0414,111074.33333333331,110488.6423076923,111074.33333333331,110488.6423076923,446.86340982110414,655.761047233993,-208.8976374128889,55.00156047726021,111362.78045930082,111067.13749999998,110771.49454069915,22.712930402469052,28.08858102392747,34213.97400000002,408.41973702086676,50.967932482068015,2025-07-17 23:58:33,金叉,看跌,看涨区域,下轨区域,看跌交叉,中性
2025-07-10 13:00:00,110808.9,110988.0,110432.2,110750.0,8705.438,963849944.0054,132636.0,4382.934,485321479.4897,111041.14166666665,110555.63076923076,111041.14166666665,110555.63076923076,378.1704237739468,586.3633913689815,-208.1929675950347,53.37402881536653,111369.43420991195,111064.89999999998,110760.365790088,23.11375809539761,23.889337696454536,25508.536000000015,420.7014256024615,47.40816689062086,2025-07-17 23:58:33,金叉,看跌,看涨区域,突破下轨,看跌交叉,中性
2025-07-10 14:00:00,110750.0,111273.2,110579.3,111195.0,10422.982,1156668325.3997,160875.0,5147.733,571355891.6601,111042.52499999998,110629.02692307692,111042.52499999998,110629.02692307692,369.88151712558465,532.2429228081323,-162.36140568254768,62.56451664480801,111338.38154666702,111056.59374999999,110774.80595333295,41.72383021637999,29.18350623808222,35931.51800000001,443.46797346892254,45.08707070466892,2025-07-17 23:58:33,金叉,看跌,看涨区域,上轨区域,看涨交叉,中性
2025-07-10 15:00:00,111195.1,111363.5,110912.7,111350.0,5928.198,659180197.2831,108546.0,2985.984,332053369.1299,111069.34166666666,110714.14615384614,111069.34166666666,110714.14615384614,374.0371937972086,492.6914905554014,-118.6542967581928,65.19320488641394,111374.90859723212,111065.97499999999,110757.04140276786,68.85099052540941,44.56285961239568,41859.716000000015,444.0789756798459,43.23304247176088,2025-07-17 23:58:33,金叉,看跌,看涨区域,上轨区域,看涨交叉,中性
2025-07-10 16:00:00,111350.0,112666.0,111267.7,112596.3,29617.982,3324461697.5472,380681.0,16321.954,1831787471.8034,111193.45833333333,110858.61923076921,111193.45833333333,110858.61923076921,506.21882785299385,496.07332487979954,10.145502973194311,78.52848055990216,111964.2312621626,111173.95624999999,110383.68123783737,90.1950609417958,66.92329389452841,71477.69800000002,523.5973943731923,44.0483440792394,2025-07-17 23:58:33,金叉,看涨,超买,突破上轨,看涨交叉,中性
2025-07-10 17:00:00,112596.4,113760.0,112510.7,113682.2,25562.406,2895213114.722,373585.0,13814.744,1564397909.0455,111412.10833333334,111037.93461538461,111412.10833333334,111037.93461538461,711.6087648416869,549.9571848702714,161.65157997141557,84.29521429367935,112780.38199732601,111332.32499999998,109884.26800267395,96.46830822738018,85.17145323152847,97040.10400000002,584.0726115087599,45.82862301356445,2025-07-17 23:58:33,金叉,看涨,超买,突破上轨,超买交叉,中性
2025-07-10 18:00:00,113682.2,113708.1,112953.2,113381.3,13739.324,1556447778.7378,186275.0,7196.825,815267080.4043,111595.15833333334,111192.9846153846,111595.15833333334,111192.9846153846,815.2194687454321,616.2727558390616,198.94671290637052,77.91665685543204,113220.63355823651,111470.00624999999,109719.37894176347,94.38732832270216,93.68356583062605,83300.78000000003,598.308227216364,47.46054537002909,2025-07-17 23:58:33,金叉,看涨,超买,突破上轨,超买交叉,中性
2025-07-10 19:00:00,113381.3,113645.9,113031.3,113246.1,9790.357,1109756592.3737,119016.0,4295.536,486887419.5628,111766.82500000001,111352.12692307691,111766.82500000001,111352.12692307691,861.0014448800648,677.4549280993124,183.54651678075243,75.10766175053514,113539.34103362294,111608.625,109677.90896637706,90.27986457519485,93.71183370842573,73510.42300000002,599.665874948333,48.95647419678834,2025-07-17 23:58:33,金叉,看涨,超买,上轨区域,超买交叉,中性
2025-07-10 20:00:00,113246.1,113530.4,113208.4,113426.0,3795.801,430437498.8479,64287.0,2049.185,232365698.6478,111953.55833333335,111503.68076923076,111953.55833333335,111503.68076923076,898.2683103437885,732.6582736604314,165.61003668335707,76.35533535650029,113852.71396140956,111753.56875,109654.42353859045,87.71360458360886,90.79359916050196,77306.22400000003,576.5270520359719,50.327742287984314,2025-07-17 23:58:33,金叉,看涨,超买,上轨区域,超买交叉,中性
2025-07-10 21:00:00,113426.0,117500.0,113320.7,116459.4,55820.542,6463007761.5456,884445.0,32125.353,3717269479.6493,112408.69166666667,111686.01153846153,112408.69166666667,111686.01153846153,1239.9556977657048,859.4826296867498,380.47306807895507,87.74675180006432,115151.52565163806,112091.13125,109030.73684836195,86.59919797490055,88.19755571123476,133126.76600000003,876.7581310329746,53.24356766665781,2025-07-17 23:58:33,金叉,看涨,超买,突破上轨,超买交叉,中性
2025-07-10 22:00:00,116459.5,116473.7,115750.0,115983.6,14478.471,1680573058.7435,207142.0,7670.516,890353782.8349,112820.925,111890.1576923077,112820.925,111890.1576923077,1414.0055122949852,998.1133503388087,415.89216195617655,81.01257596000053,115939.1045959098,112391.06250000001,108843.02040409023,84.59505967885974,86.30262074578972,118648.29500000003,864.0032867802265,55.916407597108524,2025-07-17 23:58:33,金叉,看涨,超买,突破上轨,超买交叉,中性
2025-07-10 23:00:00,115983.7,116074.3,115618.3,115979.2,7345.525,850793753.7364,120005.0,3599.473,416907487.4151,113238.175,112089.90384615386,113238.175,112089.90384615386,1514.3980044563796,1127.1845138682015,387.21349058817805,80.94938021246556,116574.61580115152,112690.63125,108806.64669884849,80.76817868832353,83.98747878069462,111302.77000000003,830.0030128818744,58.02338989111788,2025-07-17 23:58:33,金叉,看涨,超买,上轨区域,超买交叉,中性
2025-07-11 00:00:00,115979.2,116051.0,115186.7,115544.9,8593.836,993222600.298,174224.0,4627.511,534826550.839,113632.83333333333,112252.09615384617,113632.83333333333,112252.09615384617,1512.4980350381811,1223.5128941606963,288.9851408774848,74.62860191729402,116995.29349536325,112963.1125,108930.93150463676,76.25920466611991,80.5408143444344,102708.93400000004,832.8610951417185,58.84362661135174,2025-07-17 23:58:33,金叉,看涨,超买,上轨区域,看跌交叉,中性
2025-07-11 01:00:00,115544.9,116039.4,115467.0,115934.7,4108.275,475714146.4112,102782.0,2229.286,258122993.675,114064.89166666666,112434.20384615388,114064.89166666666,112434.20384615388,1526.1399111878854,1299.1696484174936,226.97026277039186,76.4445100048532,117409.25566795029,113271.66875,109134.0818320497,75.49009079738674,77.50582471727672,106817.20900000003,811.1560038799081,59.595510271566106,2025-07-17 23:58:33,金叉,看涨,超买,上轨区域,看跌交叉,中性
2025-07-11 02:00:00,115934.7,116754.3,115670.0,116614.7,9692.895,1127693414.7726,152026.0,5404.544,628809110.7065,114516.53333333333,112655.20769230773,114516.53333333333,112655.20769230773,1582.4950954569795,1370.001010177365,212.4940852796144,79.28903388761839,117883.9467587091,113620.28749999999,109356.62824129088,77.92751585989328,76.55893710779998,116510.10400000004,833.9180035565827,60.62396720818179,2025-07-17 23:58:33,金叉,看涨,超买,上轨区域,看涨交叉,中性
2025-07-11 03:00:00,116614.7,116945.8,116322.0,116839.5,7523.234,877158590.3518,117077.0,3963.273,462237960.3431,114973.99166666665,112874.10000000003,114973.99166666665,112874.10000000003,1619.231682280748,1432.3086782032108,186.92300407753714,80.16026502307976,118285.67224546142,113986.99375,109688.31525453857,82.93141668819531,78.78300778182512,124033.33800000003,816.4081699268677,61.65020130839221,2025-07-17 23:58:33,金叉,看涨,超买,上轨区域,看涨交叉,中性
2025-07-11 04:00:00,116839.5,116886.2,116429.2,116858.6,5377.69,627387239.7505,97715.0,2214.055,258318743.3601,115329.18333333333,113092.56923076928,115329.18333333333,113092.56923076928,1618.592260292935,1478.8795737256419,139.71268656729308,80.23796028636207,118541.62555430106,114365.09375,110188.56194569894,86.15000563115541,82.33631272641468,129411.02800000003,786.4574890996287,62.590915900251765,2025-07-17 23:58:33,金叉,看涨,超买,上轨区域,超买交叉,中性
2025-07-11 05:00:00,116858.5,118395.9,116858.5,117819.8,26361.167,3102038067.5901,368776.0,14235.174,1674895993.8707,115673.98333333334,113353.78461538465,115673.98333333334,113353.78461538465,1693.5564577510086,1532.5487947319834,161.00766301902513,83.75882409543343,118854.05041122745,114806.95625,110759.86208877256,87.30537581396545,85.46226604443872,155772.19500000004,849.0360316746592,64.01902078478055,2025-07-17 23:58:33,金叉,看涨,超买,上轨区域,超买交叉,中性
2025-07-11 06:00:00,117819.7,118365.0,117570.8,117626.8,13608.789,1605134172.4774,208263.0,6041.619,712593535.6164,116027.77500000001,113604.55000000003,116027.77500000001,113604.55000000003,1696.2293930341402,1573.4689443075226,122.7604487266176,80.58763526667178,119011.43215298462,115208.94375,111406.45534701539,86.77614445725573,86.74384196745886,142163.40600000005,844.4663623684373,65.32811692893193,2025-07-17 23:58:33,金叉,看涨,超买,上轨区域,超买交叉,中性
2025-07-11 07:00:00,117626.8,118089.0,117431.1,117522.7,11809.141,1389792093.2111,174055.0,5898.915,694239079.4444,116384.15833333333,113853.17692307696,116384.15833333333,113853.17692307696,1655.976447912166,1594.0958202086836,61.88062770348233,78.81712589047073,118982.81602098637,115594.7375,112206.65897901363,85.74327483987808,86.60826503703309,130354.26500000004,828.9191655044004,66.1254369230627,2025-07-17 23:58:33,金叉,看涨,超买,上轨区域,超买交叉,中性
2025-07-11 08:00:00,117522.7,118118.0,117522.7,117950.0,6392.849,753345791.9318,106660.0,3165.633,373010913.9767,116761.15833333333,114113.3807692308,116761.15833333333,114113.3807692308,1643.2074614977755,1606.3737305309564,36.833730966819076,80.72879826814413,119118.4485138545,115929.34375,112740.2389861455,84.69143803143506,85.73695244285629,136747.11400000003,809.4509017123673,66.8689739619076,2025-07-17 23:58:33,金叉,看涨,超买,上轨区域,超买交叉,中性
2025-07-11 09:00:00,117950.0,118882.8,117861.0,118452.5,11734.539,1390163853.6541,182522.0,6619.596,784148113.5097,116927.25,114392.85769230772,116927.25,114392.85769230772,1658.8626084418938,1619.4959500086907,39.366658433203156,82.7433604045637,119412.45155307361,116227.4875,113042.5234469264,85.75277905419325,85.39583064183546,148481.65300000002,827.1466599030036,67.85889693120973,2025-07-17 23:58:33,金叉,看涨,超买,上轨区域,超买交叉,中性
2025-07-11 10:00:00,118452.5,118452.5,117918.0,117960.8,6892.448,814577260.3715,120155.0,3339.116,394647482.2449,117092.01666666666,114653.45769230771,117092.01666666666,114653.45769230771,1586.4470315204962,1611.233720386642,-24.786688866145823,74.37473500454111,119436.41194204972,116513.70625,113591.00055795029,83.17278597752414,84.53900102105081,141589.20500000002,802.75943824442,68.76632631973668,2025-07-17 23:58:33,金叉,看跌,超买,上轨区域,超买交叉,中性
2025-07-11 11:00:00,117960.9,118090.6,117581.3,117790.1,5846.53,688552845.962,111621.0,2724.5,320896209.5809,117242.925,114914.70000000003,117242.925,114914.70000000003,1486.3148477318318,1580.0040022229396,-93.68915449110773,71.60897538711536,119238.51905772326,116797.70625,114356.89344227675,77.14106953548234,82.02221152239991,135742.67500000002,778.3044850573853,68.52426815439809,2025-07-17 23:58:33,金叉,看跌,超买,上轨区域,看跌交叉,中性
2025-07-11 12:00:00,117790.0,118226.0,117684.6,117838.2,5406.902,637473332.5046,95521.0,2660.694,313739123.5773,117434.03333333334,115176.29230769235,117434.03333333334,115176.29230769235,1391.7148077449529,1532.9317036034429,-141.21689585849003,71.93249237440298,118829.01521437956,117073.46875,115317.92228562044,70.18383813847804,76.83256455049485,141149.57700000002,758.562444635936,68.38959708134193,2025-07-17 23:58:33,金叉,看跌,超买,上轨区域,看跌交叉,中性
2025-07-11 13:00:00,117838.1,118191.9,117255.0,117967.1,12959.253,1524534991.8511,226148.0,6543.349,769934176.076,117603.40000000002,115445.32692307697,117603.40000000002,115445.32692307697,1311.6726912500453,1477.6169505150935,-165.94425926504823,72.84465418826544,118943.03077762853,117167.70000000001,115392.36922237149,66.5794567244097,71.30145479945669,154108.83000000002,773.4239075829408,66.93181680729252,2025-07-17 23:58:33,金叉,看跌,超买,上轨区域,看跌交叉,中性
2025-07-11 14:00:00,117967.0,118160.0,117361.2,117847.9,9873.83,1163321729.8555,190687.0,4516.472,532192913.7818,117706.16666666669,115716.05384615388,117706.16666666669,115716.05384615388,1216.6080121401028,1412.3647159213458,-195.756703781243,70.51357620612656,118976.15187548197,117284.21875,115592.28562451803,63.183036253587424,66.64877703882506,144235.00000000003,775.5385819510293,65.59551822274722,2025-07-17 23:58:33,金叉,看跌,超买,上轨区域,看跌交叉,中性
2025-07-11 15:00:00,117847.9,117968.7,116725.1,116910.3,13594.908,1594515229.5581,240440.0,6445.049,756037543.9719,117712.0666666667,115952.98846153848,117712.0666666667,115952.98846153848,1023.0662816576078,1315.0401073554112,-291.9738256978035,55.22329532516004,118910.30183741527,117342.4125,115774.52316258474,43.54867252898914,57.77038850232875,130640.09200000003,814.543700121776,62.552254729683085,2025-07-17 23:58:33,金叉,看跌,看涨区域,下轨区域,看跌交叉,中性
2025-07-11 16:00:00,116910.3,117454.0,116611.1,117403.1,10971.653,1283967083.0589,212437.0,5563.896,651068871.259,117757.4416666667,116191.76153846156,117757.4416666667,116191.76153846156,917.4674543674773,1215.6469441084278,-298.17948974095043,60.21151847040601,118722.4658377816,117458.55000000002,116194.63416221844,33.756044256428005,46.82925101300152,141611.74500000002,816.9067251116276,59.46686354275918,2025-07-17 23:58:33,金叉,看跌,看涨区域,下轨区域,看跌交叉,中性
2025-07-11 17:00:00,117403.0,117750.0,117234.0,117625.1,5840.375,686433215.9682,123067.0,2893.844,340151306.5197,117741.21666666669,116433.11153846157,117741.21666666669,116433.11153846157,848.2052626225195,1123.7865237369506,-275.5812611144311,62.29308232379499,118553.76585177005,117564.20000000003,116574.63414823,29.361049192412025,35.55525532594305,147452.12000000002,791.8311646856586,57.08697716213891,2025-07-17 23:58:33,金叉,看跌,看涨区域,上轨区域,看跌交叉,中性
2025-07-11 18:00:00,117625.1,117735.4,117290.5,117692.8,3061.932,359915985.8648,77515.0,1556.009,182899130.6027,117746.71666666669,116629.1307692308,117746.71666666669,116629.1307692308,789.7963002148608,1040.2889678564281,-250.49266764156732,62.94340112254818,118491.71296728702,117631.58125000003,116771.44953271304,42.37208551598656,35.163059654942195,150514.05200000003,762.9202342951866,54.90541464657033,2025-07-17 23:58:33,金叉,看跌,看涨区域,上轨区域,看涨交叉,中性
2025-07-11 19:00:00,117692.8,118128.0,117401.2,118072.7,5757.035,678658689.9302,105869.0,2972.359,350426746.4073,117792.55000000003,116797.99615384618,117792.55000000003,116797.99615384618,774.4007584599312,973.816915507304,-199.41615704737274,66.50880868772717,118488.31169302134,117708.65625000003,116929.00080697871,52.19732652492249,41.310153744440356,156271.08700000003,759.9102147705879,53.49506044935534,2025-07-17 23:58:33,金叉,看跌,看涨区域,上轨区域,看涨交叉,中性
2025-07-11 20:00:00,118072.7,118072.7,117615.3,117619.5,3336.702,393167581.6833,72804.0,1549.971,182645734.4955,117765.00833333336,116961.00384615388,117765.00833333336,116961.00384615388,699.683987029799,905.2836833879278,-205.59969635812877,59.05293708050503,118404.40577702156,117756.21250000002,117108.01922297849,55.57282819751674,50.047413412808595,152934.38500000004,734.7010302063718,52.202235768574944,2025-07-17 23:58:33,金叉,看跌,看涨区域,下轨区域,看涨交叉,中性
2025-07-11 21:00:00,117619.5,117868.0,117431.2,117585.8,3411.091,401204606.4597,70179.0,1641.835,193103125.551,117692.78333333337,117127.91538461541,117692.78333333337,117127.91538461541,628.94662622553,836.1994190973284,-207.2527928717983,58.516363523879946,118393.92807391282,117741.58750000002,117089.24692608723,59.81961348228207,55.86325606824044,149523.29400000005,709.875944355841,50.395755712018236,2025-07-17 23:58:33,金叉,看跌,看涨区域,下轨区域,看涨交叉,中性
2025-07-11 22:00:00,117585.8,117643.0,117130.0,117591.5,5515.316,647655604.6603,104821.0,2881.269,338320852.6923,117662.00833333336,117288.12692307695,117662.00833333336,117288.12692307695,566.6876978910586,768.821488795761,-202.13379090470232,58.58637490592893,118393.49612989511,117739.38125000002,117085.26637010493,58.60966682170024,58.000702833833024,155038.61000000004,693.469615659521,47.78298156049152,2025-07-17 23:58:33,金叉,看跌,看涨区域,下轨区域,看涨交叉,中性
2025-07-11 23:00:00,117591.5,117646.9,117410.0,117500.0,2148.967,252660805.8279,46144.0,1096.725,128949952.221,117637.83333333336,117328.15000000004,117637.83333333336,117328.15000000004,501.12324641342275,701.8969282001764,-200.77368178675363,56.89096750693727,118394.04662523037,117737.96250000002,117081.87837476967,59.09911405439173,59.176131452791346,152889.64300000004,655.4221476878937,45.39631119803562,2025-07-17 23:58:33,金叉,看跌,看涨区域,下轨区域,看跌交叉,中性
2025-07-12 00:00:00,117500.0,117625.0,117055.0,117379.4,2881.906,338099523.0627,60109.0,1253.472,147074954.4224,117599.60000000002,117381.83461538464,117599.60000000002,117381.83461538464,431.17231358580466,634.2157745465835,-203.04346096077882,54.600151574276055,118370.32763041729,117702.30000000002,117034.27236958274,55.51453591862177,57.74110559823791,150007.73700000005,648.3036353805693,42.11921568253903,2025-07-17 23:58:33,金叉,看跌,看涨区域,下轨区域,看跌交叉,中性
2025-07-12 01:00:00,117379.4,117662.0,117379.3,117618.6,1988.713,233832557.8434,44902.0,1179.759,138710271.9517,117570.55833333335,117444.88846153849,117570.55833333335,117444.88846153849,398.55395673688326,575.3003200941585,-176.7463633572752,58.266534933436674,118194.65059816034,117650.18125000002,117105.7119018397,57.41743983746054,57.34369660349134,151996.45000000004,617.8366657655216,39.21165244446161,2025-07-17 23:58:33,金叉,看跌,看涨区域,下轨区域,看涨交叉,中性
2025-07-12 02:00:00,117618.6,117780.0,117526.0,117565.0,1885.646,221851650.6777,42127.0,866.534,101949947.7034,117546.98333333335,117522.58461538464,117546.98333333335,117522.58461538464,361.7378070879058,521.9096918425953,-160.17188475468947,57.129329575318046,118146.68462986276,117625.44375000002,117104.20287013728,59.63537605010348,57.52245060206192,150110.80400000003,587.5169436183947,36.864159749068186,2025-07-17 23:58:33,金叉,看跌,看涨区域,下轨区域,看涨交叉,中性
2025-07-12 03:00:00,117565.0,117818.6,117560.9,117730.0,1708.526,201107836.3139,36617.0,909.261,107028690.7228,117615.29166666669,117591.63461538464,117615.29166666669,117591.63461538464,346.38537448705756,478.02861250371086,-131.6432380166533,59.786982180601925,118138.97919660005,117621.68750000001,117104.39580339998,64.07030648234922,60.37437412330441,151819.33000000005,560.0321983168628,34.819457960553656,2025-07-17 23:58:33,金叉,看跌,看涨区域,上轨区域,看涨交叉,中性
2025-07-12 04:00:00,117730.0,117845.6,117527.6,117609.7,1687.974,198657069.9073,42584.0,772.766,90951468.6471,117632.50833333335,117629.90384615386,117632.50833333335,117629.90384615386,315.79841669576126,437.47106355172343,-121.67264685596217,56.95528794646209,118112.47198071396,117607.40625000001,117102.34051928607,59.16291505474057,60.956199195731095,150131.35600000006,539.8628484571242,32.81950548538193,2025-07-17 23:58:33,金叉,看跌,看涨区域,上轨区域,看跌交叉,中性
2025-07-12 05:00:00,117609.7,117677.0,117454.9,117640.4,1564.85,183966165.2778,38353.0,738.294,86801205.9721,117633.78333333333,117660.70769230771,117633.78333333333,117660.70769230771,291.1606579985237,400.89346216342346,-109.73280416489979,57.520080346349566,118057.46697817568,117586.9875,117116.50802182432,56.38707673190404,59.87343275633128,151696.20600000006,513.3826110856977,30.70014031863541,2025-07-17 23:58:33,死叉,看跌,看涨区域,上轨区域,看跌交叉,中性
2025-07-12 06:00:00,117640.3,117943.8,117613.5,117791.3,2738.388,322621214.8087,56004.0,1550.992,182724400.5921,117641.99166666665,117696.58076923077,117641.99166666665,117696.58076923077,284.41027607329306,371.77266564089086,-87.3623895675978,60.33411677670221,118046.82668262935,117583.45000000001,117120.07331737067,59.53430340750622,58.36143173138362,154434.59400000007,498.1257268285565,29.608919937814175,2025-07-17 23:58:33,死叉,看跌,看涨区域,上轨区域,看涨交叉,中性
2025-07-12 07:00:00,117791.2,118036.7,117579.9,117689.7,3795.631,447096873.7567,65701.0,1646.393,193989706.6397,117610.075,117691.57692307694,117610.075,117691.57692307694,263.24617510815733,344.6410430077075,-81.39486789955015,57.512454172953596,117940.00313147249,117632.1625,117324.32186852752,63.853294659755456,59.92489159972191,150638.96300000008,494.6819162595104,28.884829162082237,2025-07-17 23:58:33,死叉,看跌,看涨区域,上轨区域,看涨交叉,中性
2025-07-12 08:00:00,117689.6,117900.0,117673.4,117871.2,1655.061,194929031.322,37415.0,864.421,101812529.6948,117631.04999999999,117700.97692307696,117631.04999999999,117700.97692307696,262.8678075860953,324.1977341523044,-61.32992656620911,61.08844439632023,117965.57243830613,117661.41875,117357.26506169386,73.3813524319922,65.58965016641797,152294.02400000006,472.34175657121835,28.22107928432796,2025-07-17 23:58:33,死叉,看跌,看涨区域,上轨区域,看涨交叉,中性
2025-07-12 09:00:00,117871.3,118176.9,117823.1,118119.8,3694.28,435927746.9383,64202.0,2306.955,272246424.7081,117675.54999999999,117723.94230769233,117675.54999999999,117723.94230769233,284.93321652302984,314.3816047449858,-29.448388221955952,65.46749478837134,118067.6829001256,117692.3375,117316.99209987439,80.90168725705202,72.71211144959989,155988.30400000006,462.4632768569492,28.435531928173017,2025-07-17 23:58:33,死叉,看跌,看涨区域,突破上轨,看涨交叉,中性
2025-07-12 10:00:00,118119.8,118119.9,117835.5,118022.4,2323.116,274138230.3423,54436.0,986.835,116452167.1406,117711.45833333331,117726.72692307693,117711.45833333331,117726.72692307693,285.17472817673115,307.0798856029221,-21.905157426190954,62.43912652483815,118120.88601318566,117712.93749999999,117304.98898681431,88.09354273800943,80.79219414235122,153665.18800000005,447.62467045220296,28.632113518364317,2025-07-17 23:58:33,死叉,看跌,看涨区域,上轨区域,超买交叉,中性
2025-07-12 11:00:00,118022.5,118064.7,117579.8,117773.6,2981.689,351262204.1943,63383.0,1268.15,149401099.3139,117734.25833333332,117700.6153846154,117734.25833333332,117700.6153846154,253.0235597762221,293.5658041462471,-40.542244370025,55.25698069346333,118059.73914650289,117694.24375,117328.7483534971,76.85831546098667,81.9511818186827,150683.49900000004,450.73094791451894,27.497084337944397,2025-07-17 23:58:33,金叉,看跌,看涨区域,上轨区域,看跌交叉,中性
2025-07-12 12:00:00,117773.5,117819.8,117220.4,117493.9,5954.116,699605731.2843,116237.0,2634.541,309569408.508,117743.79999999999,117682.65769230771,117743.79999999999,117682.65769230771,194.5277362162742,268.8062871637539,-74.27855094747969,48.37583643234144,118063.1936204513,117686.39374999999,117309.59387954867,54.7527860791461,73.2348814260474,144729.38300000003,463.12003558830975,25.451132132701343,2025-07-17 23:58:33,金叉,看跌,看跌区域,下轨区域,看跌交叉,中性
2025-07-12 13:00:00,117493.9,117536.1,117188.0,117476.1,4173.231,489793731.5859,95940.0,2118.222,248602585.3077,117731.92499999999,117670.58076923079,117731.92499999999,117670.58076923079,146.50663296875427,238.23137361500397,-91.7247406462497,47.957762923454204,118067.24383138269,117679.53749999999,117291.8311686173,35.72100654135849,55.77736936049708,140556.15200000003,453.53503262261773,23.697989025819634,2025-07-17 23:58:33,金叉,看跌,看跌区域,下轨区域,看跌交叉,中性
2025-07-12 14:00:00,117476.1,117718.1,117270.0,117350.0,3512.326,412755557.7923,73744.0,1703.9,200260538.6886,117714.00833333332,117651.80384615387,117714.00833333332,117651.80384615387,95.162073643849,202.46404862221522,-107.30197497836622,44.93178598832805,118082.31454924292,117664.44374999999,117246.57295075706,24.703016869372636,38.39226982995907,137043.82600000003,453.0821132374001,22.093342341680707,2025-07-17 23:58:33,金叉,看跌,看跌区域,下轨区域,看跌交叉,中性
2025-07-12 15:00:00,117350.0,117424.2,116862.4,117075.6,6898.588,807885517.5014,122086.0,3224.706,377677741.6863,117659.47499999999,117617.5153846154,117659.47499999999,117617.5153846154,26.155810977666988,158.38698921107817,-132.23117823341119,39.036094338448095,118139.64128896303,117637.91875,117136.19621103696,20.578104547648227,27.000709319459776,130145.23800000003,462.14193713428364,21.37596176499198,2025-07-17 23:58:33,金叉,看跌,看跌区域,突破下轨,看跌交叉,中性
2025-07-12 16:00:00,117075.6,117372.7,117012.0,117160.6,2890.666,338821640.2246,60120.0,1496.521,175407045.7683,117622.05,117591.08076923079,117622.05,117591.08076923079,-15.233394797323854,114.98189320897767,-130.21528800630153,41.64516262946157,118163.89900554558,117624.24375000001,117084.58849445444,18.4287882807397,21.23663656592018,133035.90400000004,453.6884423730931,20.718362903027316,2025-07-17 23:58:33,金叉,看跌,看跌区域,下轨区域,看跌交叉,中性
2025-07-12 17:00:00,117160.6,117518.9,117144.3,117438.6,2508.567,294429588.9479,46704.0,1550.492,181987701.2036,117605.23333333335,117611.40000000004,117605.23333333335,117611.40000000004,-14.730391819190118,82.55382195193572,-97.28421377112583,49.4311593540524,118160.10386902354,117612.99375000001,117065.88363097647,27.579561303411563,22.195484710599825,135544.47100000005,447.09773884200126,19.46995495844069,2025-07-17 23:58:33,死叉,看跌,看跌区域,下轨区域,看涨交叉,强烈看跌
2025-07-12 18:00:00,117438.5,117474.5,117338.9,117460.1,1199.672,140844380.3223,31021.0,609.618,71571208.79,117577.63333333336,117613.59230769234,117577.63333333336,117613.59230769234,-11.751291620195843,58.97754355890282,-70.72883517909867,49.99871037404826,118158.18546725178,117606.43750000001,117054.68953274825,37.32978318752466,27.779377590558635,136744.14300000004,421.1395939385016,18.32558100923629,2025-07-17 23:58:33,死叉,看跌,看跌区域,下轨区域,看涨交叉,强烈看跌
2025-07-12 19:00:00,117460.1,117609.4,117411.6,117525.7,1566.624,184116571.7776,34091.0,846.582,99495544.6108,117563.96666666669,117609.76923076926,117563.96666666669,117609.76923076926,-2.214649809655384,43.67949521676327,-45.894145026418656,51.813818448468126,118142.83754789706,117593.66875000001,117044.49995210297,46.58805629516993,37.16580026203538,138310.76700000005,402.52796111029215,16.934808016632836,2025-07-17 23:58:33,死叉,看跌,看涨区域,下轨区域,看涨交叉,中性
2025-07-12 20:00:00,117525.7,117525.7,116975.6,116975.7,1737.367,203739125.5905,38331.0,552.053,64750847.3391,117489.34166666669,117582.1884615385,117489.34166666669,117582.1884615385,-55.23864395091368,18.949960424844033,-74.18860437575772,38.81794757792509,118179.11406591149,117554.04375000001,116928.97343408853,34.979983923012384,39.63260780190232,136573.40000000005,414.8256310177671,17.058749210569577,2025-07-17 23:58:33,死叉,看跌,看跌区域,下轨区域,看跌交叉,强烈看跌
2025-07-12 21:00:00,116975.6,117527.8,116960.0,117455.5,1810.809,212332152.6052,46355.0,1070.942,125567926.7945,117433.98333333335,117558.45000000004,117433.98333333335,117558.45000000004,-40.45539161816123,4.098622414092716,-44.554014032253946,50.686898755384306,118167.58115647156,117542.48750000002,116917.39384352848,36.26688045825597,39.278306892146084,138384.20900000006,427.57349509962006,17.224329594623562,2025-07-17 23:58:33,死叉,看跌,看涨区域,下轨区域,看跌交叉,中性
2025-07-12 22:00:00,117455.6,117527.4,117270.0,117349.8,1285.067,150870575.1546,29215.0,601.406,70607546.6523,117377.93333333336,117548.07692307697,117377.93333333336,117548.07692307697,-40.49929189219256,-7.050856162478603,-33.44843572971396,48.41106583770504,118132.55192595959,117514.89375000002,116897.23557404045,36.41636714042844,35.887743840565584,137099.14200000005,413.3923705079846,17.376111613339717,2025-07-17 23:58:33,死叉,看跌,看跌区域,下轨区域,看涨交叉,强烈看跌
2025-07-12 23:00:00,117349.9,117435.8,117174.0,117389.3,1279.659,150099635.6172,30828.0,641.218,75215595.3906,117345.90833333337,117540.51923076926,117345.90833333337,117540.51923076926,-35.48577769345138,-14.159586545221797,-21.326191148229583,49.345983439259456,118109.6297613684,117496.11875000002,116882.60773863165,53.93815983872039,42.20713581246826,138378.80100000006,400.7596729656528,17.8729019697423,2025-07-17 23:58:33,死叉,看跌,看跌区域,下轨区域,看涨交叉,强烈看跌
2025-07-13 00:00:00,117389.4,117424.6,117212.6,117273.0,1367.151,160396018.63,35068.0,630.867,74011929.1347,117327.50000000004,117528.26923076926,117327.50000000004,117528.26923076926,-43.8816623181192,-21.59010548844615,-22.29155682967305,46.61025155540281,118048.71300274065,117458.73125000003,116868.7494972594,53.48937870822679,47.94796856245853,137011.65000000005,385.029700218515,18.328293129778004,2025-07-17 23:58:33,死叉,看跌,看跌区域,下轨区域,看涨交叉,强烈看跌
2025-07-13 01:00:00,117272.9,117635.4,117164.3,117510.8,2449.419,287589297.9331,51519.0,1404.257,164875509.7381,117330.3916666667,117528.68461538464,117330.3916666667,117528.68461538464,-23.248093639369472,-22.00460252617698,-1.2434911131924906,52.52954582554029,117904.10258060144,117420.66875000003,116937.23491939862,64.48013607151499,57.30255820615404,139461.06900000005,392.20222520030467,17.495046278822706,2025-07-17 23:58:33,死叉,看跌,看涨区域,上轨区域,看涨交叉,中性
2025-07-13 02:00:00,117510.8,117794.7,117359.4,117573.9,1803.825,212015990.1516,44861.0,949.951,111675958.4164,117349.05000000003,117536.16538461541,117349.05000000003,117536.16538461541,-0.935532897739904,-16.737335119067712,15.801802221327808,54.01758387963527,117774.6258432058,117392.63750000003,117010.64915679426,68.470824018285,62.146779599342246,141264.89400000006,395.79370643361284,16.166045972064826,2025-07-17 23:58:33,死叉,看涨,看涨区域,上轨区域,看涨交叉,中性
2025-07-13 03:00:00,117574.0,117791.0,117557.3,117711.5,1558.523,183427354.4933,42358.0,785.2,92413634.4428,117402.04166666669,117539.73846153848,117402.04166666669,117539.73846153848,30.31970278521476,-4.973075642997095,35.292778428211854,57.233303085604206,117756.16617749904,117388.75625000002,117021.346322501,82.48690414214899,71.81262141064964,142823.41700000004,382.2858975641448,14.947795690870102,2025-07-17 23:58:33,死叉,看涨,看涨区域,上轨区域,看涨交叉,中性
2025-07-13 04:00:00,117711.6,117850.0,117639.7,117842.8,1546.517,182134054.0636,38217.0,798.125,93999822.4393,117458.89166666668,117550.42307692309,117458.89166666668,117550.42307692309,66.82315232219116,12.975981348299968,53.847170973891195,60.1579094936389,117837.01664096481,117410.56250000003,116984.10835903525,87.59024682666501,79.51599166236632,144369.93400000004,367.9537394337997,14.148024256733263,2025-07-17 23:58:33,死叉,看涨,看涨区域,突破上轨,看涨交叉,中性
2025-07-13 05:00:00,117842.8,117860.0,117643.1,117714.9,1816.098,213886824.72,38778.0,805.796,94908536.1545,117481.91666666667,117549.84230769232,117481.91666666667,117549.84230769232,78.20342194320983,29.282841497027434,48.9205804461824,56.05074927804018,117876.10224606175,117425.48750000002,116974.87275393828,91.03371198824438,87.03695431901944,142553.83600000004,355.3659278143159,13.470842240639158,2025-07-17 23:58:33,死叉,看涨,看涨区域,上轨区域,超买交叉,中性
2025-07-13 06:00:00,117714.9,117942.0,117690.1,117839.8,1632.711,192397178.6918,34723.0,970.436,114358221.734,117513.55833333333,117558.69230769231,117513.55833333333,117558.69230769231,98.68355581407377,46.633020076289014,52.050535737784756,59.05369965271662,117946.80792737537,117456.10000000002,116965.39207262467,90.88715234605756,89.83703705365564,144186.54700000005,346.7437671631224,13.317323784360132,2025-07-17 23:58:33,死叉,看涨,看涨区域,上轨区域,超买交叉,中性
2025-07-13 07:00:00,117839.9,118040.8,117797.8,117950.0,2314.715,272943748.3418,46886.0,1283.487,151350153.0104,117548.91666666667,117570.6,117548.91666666667,117570.6,123.80577034171438,65.92620764264535,57.87956269906903,61.600165599122626,118014.37388742893,117510.75000000001,117007.1261125711,88.356420498099,90.09242827746696,146501.26200000005,338.0984532328622,13.712100858114043,2025-07-17 23:58:33,死叉,看涨,看涨区域,上轨区域,超买交叉,中性
2025-07-13 08:00:00,117950.0,117975.4,117710.0,117855.5,1326.612,156302675.026,32497.0,582.707,68653270.2165,117622.23333333334,117573.06923076924,117622.23333333334,117573.06923076924,129.51636690106534,81.82374745725035,47.69261944381499,58.18674230960917,118049.31134512268,117554.18125000001,117059.05115487734,86.68352746816102,88.64236677077251,145174.65000000005,332.04024879678985,13.426129952076039,2025-07-17 23:58:33,金叉,看涨,看涨区域,上轨区域,超买交叉,强烈看涨
2025-07-13 09:00:00,117855.5,117870.3,117641.3,117700.1,1562.106,183944835.1403,32651.0,711.117,83733870.0706,117642.61666666668,117573.46923076923,117642.61666666668,117573.46923076923,114.36195772784413,89.95830002489879,24.40365770294534,52.885731669757604,118066.57807428135,117570.52500000001,117074.47192571867,77.19580222631977,84.07858339752657,143612.54400000005,323.4535613970574,12.674898793250321,2025-07-17 23:58:33,金叉,看涨,看涨区域,上轨区域,看跌交叉,强烈看涨
2025-07-13 10:00:00,117700.0,117818.5,117692.6,117715.9,949.568,111814724.6419,24473.0,494.044,58174936.5966,117673.125,117567.49615384615,117673.125,117567.49615384615,102.98489727954438,93.21494933856019,9.769947940984196,53.360939062090665,118083.78637261946,117586.5125,117089.23862738053,67.64023578627082,77.17318849358384,144562.11200000005,306.9907646139688,11.986270230993414,2025-07-17 23:58:33,金叉,看涨,看涨区域,上轨区域,看跌交叉,强烈看涨
2025-07-13 11:00:00,117716.0,118058.3,117715.9,118036.1,2491.495,293847747.0966,47990.0,1399.057,164998446.4848,117727.02500000001,117564.27692307693,117727.02500000001,117564.27692307693,127.76912791206269,101.85349398193581,25.915633930126873,61.922550494253606,118159.53961480975,117618.4125,117077.28538519026,73.85946239811318,72.89850013690123,147053.60700000005,309.9415342294721,12.797223639232485,2025-07-17 23:58:33,金叉,看涨,看涨区域,上轨区域,看涨交叉,强烈看涨
2025-07-13 12:00:00,118036.0,118658.5,117933.4,118382.1,7091.69,838801427.5303,123082.0,3767.837,445711542.9316,117819.45000000001,117578.11153846156,117819.45000000001,117578.11153846156,181.21640241004934,121.6942210889642,59.52218132108514,68.74283843261362,118258.0803174494,117706.31250000001,117154.54468255062,79.7242089032522,73.74130236254537,154145.29700000005,344.5380730436832,15.698662870552583,2025-07-17 23:58:33,金叉,看涨,看涨区域,突破上轨,看涨交叉,强烈看涨
2025-07-13 13:00:00,118382.1,118722.2,118094.1,118550.0,7538.704,892799049.0964,144125.0,3723.816,441038723.2436,117906.05,117607.97307692308,117906.05,117607.97307692308,235.10866745565727,150.04783268063747,85.0608347750198,71.47053334962457,118444.01351771572,117774.71875000001,117105.42398228431,87.1527085279226,80.24545994309597,161684.00100000005,368.16823362337556,18.519350684004205,2025-07-17 23:58:33,金叉,看涨,超买,突破上轨,超买交叉,中性
2025-07-13 14:00:00,118550.0,119655.0,118300.0,118713.3,18759.41,2230924489.8285,300074.0,9875.942,1174849318.9368,118001.00000000001,117654.87307692309,118001.00000000001,117654.87307692309,287.8428844441951,184.49659562152686,103.34628882266821,73.90668175784535,118630.65226525003,117859.93750000001,117089.22273475,72.40460423271603,79.76050722129692,180443.41100000005,450.40421415476095,22.66393071891093,2025-07-17 23:58:33,金叉,看涨,超买,突破上轨,看跌交叉,中性
2025-07-13 15:00:00,118713.3,119079.0,118472.3,118610.6,5633.116,669076821.5205,114417.0,2690.106,319550845.1762,118075.92500000003,117698.5076923077,118075.92500000003,117698.5076923077,309.7578989004978,215.8119214412696,93.94597745922823,69.78433090521975,118746.32679952138,117936.26875000002,117126.21070047865,62.20845142039326,73.92192139367727,174810.29500000004,463.42886297519726,26.463129084242095,2025-07-17 23:58:33,金叉,看涨,看涨区域,上轨区域,看跌交叉,强烈看涨
2025-07-13 16:00:00,118610.6,118943.3,118457.8,118466.1,4147.295,492375864.6416,88209.0,1848.07,219382945.0331,118127.8666666667,117741.43461538463,118127.8666666667,117741.43461538463,304.3004930705356,237.9340643485861,66.36642872194949,64.23873386780275,118781.64939622536,118010.83750000002,117240.02560377469,47.45572231133082,60.68959265481334,170663.00000000003,465.2681243939308,29.850206702317365,2025-07-17 23:58:33,金叉,看涨,看涨区域,上轨区域,看跌交叉,强烈看涨
2025-07-13 17:00:00,118466.0,118795.3,118325.4,118640.4,3093.311,366757027.57,65964.0,1657.737,196546060.1752,118204.9916666667,117801.61923076924,118204.9916666667,117801.61923076924,313.8132798656443,256.90386822785064,56.90941163779365,67.64979606345939,118862.96894490052,118081.43750000001,117299.9060550995,46.2366125374518,51.96692875639193,173756.31100000002,465.6541140277706,32.07006866781695,2025-07-17 23:58:33,金叉,看涨,看涨区域,上轨区域,看跌交叉,强烈看涨
2025-07-13 18:00:00,118640.3,119018.0,118524.0,118940.1,2696.243,320430004.3428,68678.0,1363.921,162089266.646,118296.68333333336,117870.06153846154,118296.68333333336,117870.06153846154,347.72051971907786,279.60803110065746,68.1124886184204,72.59407783060765,119004.41322967382,118166.82500000003,117329.23677032623,51.69091721706314,48.46108402194856,176452.554,468.01627119212304,34.48360219837821,2025-07-17 23:58:33,金叉,看涨,超买,上轨区域,看涨交叉,中性
2025-07-13 19:00:00,118940.2,119454.9,118855.4,118923.0,5017.353,597802477.5271,107789.0,2653.986,316228248.3877,118377.7666666667,117927.15384615384,118377.7666666667,117927.15384615384,364.19268470849784,300.75419450261757,63.43849020588027,71.90434110128015,119119.89240921728,118242.54375000003,117365.19509078277,59.25410935094595,52.393879701820275,171435.201,478.9732485927795,37.28919984568357,2025-07-17 23:58:33,金叉,看涨,超买,上轨区域,看涨交叉,中性
2025-07-13 20:00:00,118922.9,119333.0,118771.2,119028.7,2703.817,321828396.9146,66646.0,1268.033,150929482.4025,118475.53333333337,117987.48461538462,118475.53333333337,117987.48461538462,381.0816649788321,320.8360621216712,60.24560285716092,73.60926577411361,119245.2786528713,118316.66250000002,117388.04634712874,65.41072989942792,58.785252155812316,174139.018,485.8754778767148,39.34274340973698,2025-07-17 23:58:33,金叉,看涨,超买,上轨区域,看涨交叉,中性
2025-07-13 21:00:00,119028.7,119028.8,118411.8,118593.1,3909.803,464059395.5984,87187.0,1549.274,183894806.9821,118549.95000000003,118028.53846153847,118549.95000000003,118028.53846153847,338.9158021758194,325.35599713520827,13.559805040611138,57.728776000833506,119254.07609308591,118371.55000000003,117489.02390691415,58.99049452928179,61.21844459321853,170229.21500000003,496.80252138698853,39.242618467435165,2025-07-17 23:58:33,金叉,看涨,看涨区域,上轨区域,看跌交叉,强烈看涨
2025-07-13 22:00:00,118593.0,118734.5,118197.7,118462.5,4545.185,538397222.5315,93904.0,2232.836,264522699.2652,118612.1666666667,118085.72307692307,118612.1666666667,118085.72307692307,287.8403419158858,315.97708333037764,-28.136741414491837,53.894166389398045,119249.61837227823,118410.46875000003,117571.31912772183,48.01850610029923,57.47324350966962,165684.03000000003,500.13564460473975,38.14752232384338,2025-07-17 23:58:33,金叉,看跌,看涨区域,上轨区域,看跌交叉,中性
2025-07-13 23:00:00,118462.5,119166.0,118324.6,119038.3,4097.714,486588744.8795,80877.0,2363.229,280592763.4691,118695.68333333336,118146.59999999999,118695.68333333336,118146.59999999999,308.27563732837734,314.0517218298776,-5.776084501500236,65.12797739883098,119333.59044079279,118478.48750000003,117623.38455920728,45.48708761985307,50.83202941647801,169781.74400000004,528.5743408876776,38.13397678348665,2025-07-17 23:58:33,金叉,看跌,看涨区域,上轨区域,看跌交叉,中性
2025-07-14 00:00:00,119038.3,119450.0,118871.6,119030.6,4917.568,585980892.257,111852.0,2333.241,278070975.6274,118749.72500000003,118211.24615384615,118749.72500000003,118211.24615384615,316.69265876786085,314.7119560643734,1.9807027034874523,64.895384316951,119381.87329530726,118551.93125000004,117721.98920469281,49.45914061583088,47.654911445327706,164864.17600000004,532.7264791470374,38.656489299335554,2025-07-17 23:58:33,金叉,看涨,看涨区域,上轨区域,看涨交叉,强烈看涨
2025-07-14 01:00:00,119030.6,119204.5,118862.6,119052.2,2878.757,342567928.9903,72322.0,1402.191,166864081.5273,118791.57500000003,118275.20384615386,118791.57500000003,118275.20384615386,319.41244420078874,315.8870780984772,3.525366102311523,65.27802342285052,119372.23751315249,118636.43750000003,117900.63748684757,61.870961415262805,52.27239655031556,167742.93300000005,516.8242725514505,39.092550890179616,2025-07-17 23:58:33,金叉,看涨,看涨区域,上轨区域,看涨交叉,强烈看涨
2025-07-14 02:00:00,119052.2,120000.0,118930.0,119626.4,12333.301,1475534188.4473,206084.0,7146.321,855001708.849,118867.66666666669,118365.71923076923,118867.66666666669,118365.71923076923,378.22297098473064,331.4710513200406,46.751919664690035,73.6702029231477,119475.23888816986,118755.84375000003,118036.4486118302,68.13102443762112,59.820375489571575,180076.23400000005,562.9222498388295,40.688609379300665,2025-07-17 23:58:33,金叉,看涨,超买,突破上轨,看涨交叉,中性
2025-07-14 03:00:00,119626.4,121800.0,119558.2,120733.2,23213.544,2801794329.4728,355852.0,13516.549,1631967470.851,119044.55,118489.65769230771,119044.55,118489.65769230771,534.8593000824185,382.31811351063504,152.54118657178344,82.59153154272254,120043.27099836481,118924.41250000002,117805.55400163523,72.54167333508707,67.51455306265697,203289.77800000005,702.8287290189273,43.498554555928955,2025-07-17 23:58:33,金叉,看涨,超买,突破上轨,看涨交叉,中性
2025-07-14 04:00:00,120733.2,121418.2,120515.9,121370.0,9740.448,1178322581.0924,200611.0,4774.557,577704971.1253,119286.54166666667,118635.66153846156,119286.54166666667,118635.66153846156,708.5210066974105,463.8688368073289,244.6521698900816,85.66545195583267,120703.02630431866,119111.15625000001,117519.28619568137,79.23990014318146,73.30419930529654,213030.22600000005,719.4513349340169,46.07433763450488,2025-07-17 23:58:33,金叉,看涨,超买,突破上轨,看涨交叉,中性
2025-07-14 05:00:00,121370.0,122814.9,121113.3,122447.4,26336.611,3215319729.1017,395205.0,14082.595,1719177385.6354,119603.79166666667,118817.81153846157,119603.79166666667,118817.81153846157,939.4727750229067,582.7698213612233,356.7029536616834,89.21097833476001,121590.94975456345,119354.74375000001,117118.53774543657,83.4964665091308,78.42601332913308,239366.83700000006,801.2970570228481,48.99705726385025,2025-07-17 23:58:33,金叉,看涨,超买,突破上轨,看涨交叉,中性
2025-07-14 06:00:00,122447.4,122457.0,122000.0,122124.0,7315.304,893888850.8019,137872.0,3411.987,416931734.6299,119869.11666666665,118982.47307692311,119869.11666666665,118982.47307692311,1055.0763742592244,700.8464595857236,354.22991467350084,82.47537153815684,122143.409763515,119567.9125,116992.41523648502,88.3800660765321,83.70547757628144,232051.53300000005,772.6056356042774,51.67621692408351,2025-07-17 23:58:33,金叉,看涨,超买,上轨区域,超买交叉,中性
2025-07-14 07:00:00,122124.1,123300.0,122087.7,122731.0,12504.352,1534604651.4081,224881.0,6836.741,839097272.638,120186.45,119175.40000000004,120186.45,119175.40000000004,1186.186694171818,822.1815182322472,364.0051759395709,84.83875715973686,122764.83854092404,119825.4375,116886.03645907596,88.64172762890034,86.83942007152108,244555.88500000007,809.2468326372546,54.38200889141188,2025-07-17 23:58:33,金叉,看涨,超买,上轨区域,超买交叉,中性
2025-07-14 08:00:00,122731.0,122772.7,122275.6,122560.1,6006.935,735895832.8673,128927.0,3007.874,368482681.1212,120480.73333333334,119356.95000000004,120480.73333333334,119356.95000000004,1241.3289869414875,926.9683854095573,314.36060153193023,81.43737377094237,123209.54451735261,120081.3125,116953.08048264739,86.46108295588222,87.82762555377154,238548.95000000007,783.2345965841492,56.86231819479622,2025-07-17 23:58:33,金叉,看涨,超买,上轨区域,超买交叉,中性
2025-07-14 09:00:00,122560.0,122566.0,121840.0,121979.9,8211.608,1002722993.0728,139268.0,3720.299,454271927.8094,120762.96666666666,119511.94615384619,120762.96666666666,119511.94615384619,1195.5683091932297,994.1183663554754,201.4499428377543,70.83214525601869,123451.30993173785,120290.03125,117128.75256826215,82.60477436069061,85.90252831515771,230337.34200000006,778.4650468688034,57.76868403109686,2025-07-17 23:58:33,金叉,看涨,超买,上轨区域,超买交叉,中性
2025-07-14 10:00:00,121980.0,122149.8,121620.7,121911.8,6309.709,769182617.0391,114258.0,3115.677,379833292.8466,121050.40833333333,119667.95769230773,121050.40833333333,119667.95769230773,1133.1211197546072,1028.8690547052583,104.25206504934886,69.66090111435133,123647.14286025151,120475.7625,117304.38213974849,75.89402376458986,81.65329369372087,224027.63300000006,757.6846262964036,57.94742381926159,2025-07-17 23:58:33,金叉,看涨,看涨区域,上轨区域,看跌交叉,强烈看涨
2025-07-14 11:00:00,121911.8,121911.8,121357.0,121474.5,5860.765,712470217.0143,124257.0,2831.156,344162423.8902,121253.42499999999,119813.12692307695,121253.42499999999,119813.12692307695,1019.3973252582655,1026.5011223435101,-7.103797085244651,62.375460058158524,123734.02675206306,120635.23125,117536.43574793694,67.01480646116607,75.1712015288155,218166.86800000005,740.7775741050369,57.342796854344186,2025-07-17 23:58:33,金叉,看跌,看涨区域,上轨区域,看跌交叉,中性
2025-07-14 12:00:00,121474.5,121917.8,121410.0,121894.2,5256.304,640008167.8814,111084.0,2824.848,343963342.4515,121492.0583333333,119973.83076923082,121492.0583333333,119973.83076923082,963.9400688016758,1010.8608589580515,-46.92079015637569,66.11661525727864,123851.63469651106,120814.325,117777.01530348894,65.13587436544584,69.34823486373391,223423.17200000005,721.3627762629508,56.794428596624506,2025-07-17 23:58:33,金叉,看跌,看涨区域,上轨区域,看跌交叉,中性
2025-07-14 13:00:00,121894.2,122113.9,121150.0,121679.2,11558.576,1406207120.6402,210377.0,5621.363,683882548.56,121710.97499999998,120113.95000000004,121710.97499999998,120113.95000000004,882.6267901277606,978.8023417504787,-96.1755516227181,62.60860595400707,123840.9281051537,121007.20624999999,118173.48439484628,61.12521909103226,64.42529997254803,211864.59600000005,741.574211574371,55.4965893606464,2025-07-17 23:58:33,金叉,看跌,看涨区域,上轨区域,看跌交叉,中性
2025-07-14 14:00:00,121679.3,121970.9,120612.4,121160.0,15446.152,1871298569.966,294009.0,7424.048,899478390.9994,121838.77499999998,120220.79230769235,121838.77499999998,120220.79230769235,750.8021003626054,921.8022814035104,-171.00018104090498,54.87450793291298,123686.42505166183,121175.79999999999,118665.17494833814,49.21651912754833,58.49253752800879,196418.44400000005,792.9846939431735,52.836688089737635,2025-07-17 23:58:33,金叉,看跌,看涨区域,下轨区域,看跌交叉,中性
2025-07-14 15:00:00,121160.0,121173.2,119590.9,119863.1,18375.394,2207702241.9704,315584.0,8319.908,999552627.4213,121766.26666666666,120271.2961538462,121766.26666666666,120271.2961538462,499.7986514358927,816.301373911606,-316.5027224757133,40.96879355438199,123589.8015444821,121227.34999999999,118864.89845551788,29.052533756750865,46.46475732511046,178043.05000000005,858.7609694479092,48.58707869377884,2025-07-17 23:58:33,金叉,看跌,看跌区域,下轨区域,看跌交叉,中性
2025-07-14 16:00:00,119863.1,120299.0,119200.0,120260.9,16207.432,1940611819.0844,274534.0,8518.617,1020059668.486,121673.84166666666,120330.81923076928,121673.84166666666,120330.81923076928,351.5598040085315,700.1159814358374,-348.5561774273059,45.61849296856497,123445.41293175136,121304.24374999998,119163.0745682486,18.783087374917297,32.35071341973881,194250.48200000005,878.7808886605835,45.33845743529647,2025-07-17 23:58:33,金叉,看跌,看跌区域,下轨区域,看跌交叉,中性
2025-07-14 17:00:00,120261.0,120510.9,119750.0,119885.2,7329.028,880759910.9842,150877.0,3118.39,374845031.1312,121460.325,120379.84230769236,121460.325,120379.84230769236,196.37228217031225,574.1800566194561,-377.80777444914384,42.16789588114263,123308.03867976244,121356.30624999998,119404.57382023752,16.64217079373891,21.492597308469,186921.45400000006,868.9574812722011,41.95250991345173,2025-07-17 23:58:33,金叉,看跌,看跌区域,下轨区域,看跌交叉,中性
2025-07-14 18:00:00,119885.2,120166.0,119595.0,119605.6,3920.842,469987959.7763,103238.0,1927.643,231099601.41,121250.45833333333,120423.66923076929,121250.45833333333,120423.66923076929,49.436406612134306,442.99414411762564,-393.55773750549133,39.70904912899408,123311.36815475635,121355.00624999999,119398.64434524364,17.980187765350635,17.80181531133559,183000.61200000005,844.1276911661844,39.122075225864364,2025-07-17 23:58:33,金叉,看跌,看跌区域,下轨区域,超卖交叉,中性
2025-07-14 19:00:00,119605.4,120076.9,119564.2,119920.0,4490.327,538089176.5788,97839.0,2611.854,312989067.9886,121016.20833333333,120472.88461538467,121016.20833333333,120472.88461538467,-24.026710277656093,326.2389305188052,-350.2656407964613,43.7650139406855,123362.13391250833,121304.18125,119246.22858749166,16.485109290501764,17.035822616530414,187490.93900000004,816.5087169023354,36.58430195619352,2025-07-17 23:58:33,金叉,看跌,看跌区域,下轨区域,超卖交叉,中性
2025-07-14 20:00:00,119920.3,120430.0,119505.0,120130.1,6220.405,746831440.9499,98428.0,3775.635,453348823.081,120813.70833333333,120518.6538461539,120813.70833333333,120518.6538461539,-54.09758237429196,231.1548022955309,-285.25238466982285,46.414871456078565,123360.85752706128,121226.6875,119092.51747293872,21.424694666828856,18.62999724089373,193711.34400000004,825.5496571604741,33.58093477975502,2025-07-17 23:58:33,金叉,看跌,看跌区域,下轨区域,看涨交叉,中性
2025-07-14 21:00:00,120130.0,120230.6,119798.4,120000.1,2647.591,317746057.4809,60573.0,1192.976,143169903.42,120648.72500000002,120560.08076923083,120648.72500000002,120560.08076923083,-89.16553331048635,151.0747183940266,-240.24025170451296,44.97251342960257,123186.71343606137,121073.73125000001,118960.74906393865,26.793123833441843,21.56764259692413,191063.75300000006,792.7705190637689,30.82784820135306,2025-07-17 23:58:33,金叉,看跌,看跌区域,下轨区域,看涨交叉,中性
2025-07-14 22:00:00,120000.1,120292.6,119889.2,120014.6,2319.658,278603796.0565,58168.0,1307.731,157074646.8266,120490.62500000001,120598.00000000006,120490.62500000001,120598.00000000006,-111.46648793116037,85.43941681272986,-196.90590474389023,45.1815201481776,123039.47398740596,120941.89375000002,118844.31351259408,28.98155265567263,25.73312371864775,193383.41100000005,760.3229758084557,28.448455693795662,2025-07-17 23:58:33,死叉,看跌,看跌区域,下轨区域,看涨交叉,强烈看跌
2025-07-14 23:00:00,120014.6,120028.1,119735.6,119816.5,2155.509,258317355.9537,48570.0,1012.472,121328872.2489,120352.45833333336,120645.0538461539,120352.45833333336,120645.0538461539,-147.26960969291395,27.26216018631891,-174.53176987923285,42.741786587417984,122704.86519102451,120759.73750000002,118814.60980897553,25.52363956667485,27.09943868526308,191227.90200000006,721.3377278244178,26.271102553606244,2025-07-17 23:58:33,死叉,看跌,看跌区域,下轨区域,看跌交叉,强烈看跌
2025-07-15 00:00:00,119816.5,119919.4,119000.0,119458.4,6038.482,721391033.0158,108897.0,2547.208,304386316.2127,120149.47500000002,120683.35769230773,120149.47500000002,120683.35769230773,-209.69606897977064,-31.97739710520348,-177.71867187456718,38.59746994482516,122367.61494039789,120565.88125,118764.14755960212,21.514180186541083,25.339790802962828,185189.42000000007,737.8429171723825,25.8227141170404,2025-07-17 23:58:33,死叉,看跌,看跌区域,下轨区域,看跌交叉,强烈看跌
2025-07-15 01:00:00,119458.4,119497.8,118376.5,118491.3,12335.751,1467937973.6791,234346.0,5426.734,645880553.1903,119883.8166666667,120662.31923076928,119883.8166666667,120662.31923076928,-356.7862926614762,-113.17962099427166,-243.60667166720452,29.965937996515574,122253.67492559146,120347.84375000001,118442.01257440857,13.563905868660923,20.20057520729226,172853.66900000008,769.7976740746841,26.397320354528393,2025-07-17 23:58:33,死叉,看跌,超卖,下轨区域,看跌交叉,中性
2025-07-15 02:00:00,118491.4,118873.2,117833.0,118251.9,15348.778,1814598030.1438,298054.0,7801.043,922327582.3764,119641.47500000002,120632.36923076927,119641.47500000002,120632.36923076927,-483.3903409270715,-205.73230097747162,-277.6580399495999,28.24593035433287,122096.38422843583,120119.1,118141.81577156419,11.725786699188452,15.60129091813013,157504.8910000001,792.3312012351267,27.621958796978536,2025-07-17 23:58:33,死叉,看跌,超卖,下轨区域,超卖交叉,中性
2025-07-15 03:00:00,118251.8,118251.8,116870.0,117209.2,24369.171,2861141776.4503,392483.0,11697.726,1373433526.2804,119420.31666666667,120561.48461538466,119420.31666666667,120561.48461538466,-680.4261880124541,-324.4057727362173,-356.0204152762368,22.153695965041933,122150.99495851537,119852.51875,117554.04254148464,9.688023379598496,11.659238649149268,133135.7200000001,841.4619344655324,29.69658095875293,2025-07-17 23:58:33,死叉,看跌,超卖,突破下轨,超卖交叉,中性
2025-07-15 04:00:00,117209.2,117530.7,116227.0,117481.8,17818.56,2084763323.6094,274564.0,8844.668,1035474547.0422,119188.72500000002,120479.00000000003,119188.72500000002,120479.00000000003,-781.6154188379587,-438.7081842616526,-342.9072345763061,26.70025019140701,121887.96566596787,119576.74375000001,117265.52183403214,18.271365955467733,13.228392011418203,150954.2800000001,879.9817732600712,32.08810458511896,2025-07-17 23:58:33,死叉,看跌,超卖,下轨区域,超卖交叉,中性
2025-07-15 05:00:00,117481.7,117761.3,116972.0,117325.3,7770.177,912244516.7636,149083.0,4016.82,471620060.8233,118975.40000000002,120347.92692307694,118975.40000000002,120347.92692307694,-858.0691245503695,-543.5484193338318,-314.52070521653764,25.750496142139745,121586.66826372151,119304.62500000001,117022.58173627852,21.767526050588888,16.575638461885017,143184.1030000001,872.4249588217322,33.67064002374432,2025-07-17 23:58:33,死叉,看跌,超卖,下轨区域,看涨交叉,中性
2025-07-15 06:00:00,117325.2,117325.3,116724.6,117051.0,8759.999,1024836479.2123,141100.0,4086.231,478045391.2638,118762.51666666668,120181.81153846157,118762.51666666668,120181.81153846157,-927.9941991675587,-639.6598642922636,-288.3343348752951,24.097855710596267,121361.4704542732,119047.81250000001,116734.15454572682,25.197081449758148,21.745324485271567,134424.10400000008,849.7812122532542,35.33038789410168,2025-07-17 23:58:33,死叉,看跌,超卖,下轨区域,看涨交叉,中性
2025-07-15 07:00:00,117051.0,117264.0,116371.0,116777.1,9244.232,1079629369.4082,159438.0,4672.832,545789350.6059,118500.60833333335,119963.72307692311,118500.60833333335,119963.72307692311,-991.8561770861124,-727.7089424907258,-264.14723459538664,22.51096917437673,121370.3043627794,118854.93750000001,116339.57063722063,19.75565898891776,22.24008882975491,125179.87200000008,853.3827778988165,37.1382139610947,2025-07-17 23:58:33,死叉,看跌,超卖,下轨区域,看跌交叉,中性
2025-07-15 08:00:00,116777.1,116871.0,116300.0,116766.5,6191.052,722667656.3254,123968.0,3172.937,370413200.3843,118220.30833333335,119757.66538461541,118220.30833333335,119757.66538461541,-1021.4238668980397,-801.1376735925543,-220.28619330548543,22.448039943993013,121231.24102340433,118636.53750000002,116041.8339765957,15.468505423732239,20.140415287469363,118988.82000000008,829.8508797405817,38.85254819224997,2025-07-17 23:58:33,死叉,看跌,超卖,下轨区域,看跌交叉,中性
2025-07-15 09:00:00,116766.6,117229.9,116684.3,116764.9,5254.729,614547641.0463,103640.0,2885.708,337515057.0739,117950.70833333333,119528.20000000003,117950.70833333333,119528.20000000003,-1024.5308437267522,-856.9859661261038,-167.54487760064842,22.43762536011596,121099.77463423776,118441.51875000002,115783.26286576227,13.650546340844096,16.29157025116468,113734.09100000007,806.1633064288658,39.36085675800808,2025-07-17 23:58:33,死叉,看跌,超卖,下轨区域,超卖交叉,中性
2025-07-15 10:00:00,116765.0,117222.2,116728.1,117055.0,3968.898,464302623.6924,80983.0,2157.928,252430488.7986,117704.075,119316.46538461541,117704.075,119316.46538461541,-976.5153569889662,-886.8683138418194,-89.64704314714686,29.006659773639676,120947.9104883759,118282.10625000001,115616.30201162412,16.615160073952794,15.24473727950969,117702.98900000007,780.1580308931262,39.826806276619685,2025-07-17 23:58:33,死叉,看跌,超卖,下轨区域,超卖交叉,中性
2025-07-15 11:00:00,117055.0,117180.0,116331.7,117110.4,7919.67,924108502.4229,131670.0,3995.806,466291340.1587,117478.56666666665,119129.17692307694,117478.56666666665,119129.17692307694,-917.7965419616958,-894.6003708717885,-23.19617108990724,30.24763777014341,120686.37459884062,118106.50625,115526.6379011594,21.19476301585514,17.153489810217323,125622.65900000007,785.8365283186994,40.694818924550724,2025-07-17 23:58:33,死叉,看跌,看跌区域,下轨区域,看涨交叉,强烈看跌
2025-07-15 12:00:00,117110.4,117458.6,116388.0,117193.1,15460.587,1809545475.1571,250314.0,7614.989,891449595.9196,117289.79166666667,118947.68846153849,117289.79166666667,118947.68846153849,-849.3829211789125,-883.2960084485695,33.91308726965701,32.19391007304071,120311.622204681,117922.94375,115534.26529531901,28.647359506395517,22.152427532067794,141083.24600000007,809.5668176254749,40.631198714112315,2025-07-17 23:58:33,死叉,看涨,看跌区域,下轨区域,看涨交叉,中性
2025-07-15 13:00:00,117193.0,118499.8,117132.6,118067.7,20404.584,2405895711.0137,385984.0,9989.015,1177868292.5313,117254.49166666665,118816.65769230774,117254.49166666665,118816.65769230774,-688.7733256790816,-834.6653377561976,145.89201207711596,48.80993144432204,119940.8675199561,117802.16875,115663.4699800439,48.168615835834316,32.670246119361636,161487.83000000007,856.0362494900183,38.02335654676146,2025-07-17 23:58:33,死叉,看涨,看跌区域,上轨区域,看涨交叉,中性
2025-07-15 14:00:00,118067.8,118439.2,115678.1,115979.6,27490.459,3211378003.0811,428365.0,12162.907,1420914758.9695,117065.13333333335,118589.1730769231,117065.13333333335,118589.1730769231,-787.235923030501,-822.8079840747735,35.57206104427246,29.6975857701401,119531.48686218275,117549.98125,115568.47563781725,42.72740421238802,39.84779318487259,133997.37100000007,1014.7915620325161,37.52104033097702,2025-07-17 23:58:33,死叉,看涨,超卖,下轨区域,看涨交叉,中性
2025-07-15 15:00:00,115979.6,116752.9,115750.1,116393.0,16274.557,1891533333.805,286866.0,8360.009,971677930.9926,116997.11666666668,118385.85769230772,116997.11666666668,118385.85769230772,-799.4335225037066,-816.9643686820068,17.53084617830018,35.22151897160238,119007.4216597785,117336.0125,115664.6033402215,39.00301562631468,43.29967855817898,150271.92800000007,1013.7922651964722,37.06058379984129,2025-07-17 23:58:33,死叉,看涨,看跌区域,下轨区域,看跌交叉,中性
2025-07-15 16:00:00,116393.1,117727.4,116360.9,117195.9,17571.016,2058155718.6038,252689.0,8576.341,1004536813.8205,116973.29166666667,118233.39230769234,116973.29166666667,118233.39230769234,-706.1802580750664,-789.2683410302717,83.08808295520532,44.532591789946586,118456.51011811366,117194.60625,115932.70238188634,29.937035593200147,37.222485143967596,167842.94400000008,1043.1845764300995,34.81079165510271,2025-07-17 23:58:33,死叉,看涨,看跌区域,上轨区域,看跌交叉,中性
2025-07-15 17:00:00,117195.9,117577.1,117125.0,117415.6,5290.958,620870958.4964,116059.0,2732.856,320724810.4771,116980.81666666667,118139.25769230771,116980.81666666667,118139.25769230771,-601.5527883437899,-742.3394528586513,140.7866645148614,46.832834964624084,118207.27179947619,117127.375,116047.47820052381,46.9008044795689,38.61361856636122,173133.9020000001,993.9275283942584,32.74848218909235,2025-07-17 23:58:33,死叉,看涨,看跌区域,上轨区域,看涨交叉,中性
2025-07-15 18:00:00,117415.6,117436.3,116050.0,116723.3,15984.776,1865946981.2114,259172.0,6842.946,798396251.1257,116953.50833333335,118003.19615384618,116953.50833333335,118003.19615384618,-590.0463960238703,-704.266188649956,114.21979262608568,40.94691888889724,117956.14668766166,117031.83750000001,116107.52831233836,50.80270758762436,42.546849220131115,157149.12600000008,1026.6252343614037,32.200154949892585,2025-07-17 23:58:33,死叉,看涨,看跌区域,下轨区域,看涨交叉,中性
2025-07-15 19:00:00,116723.2,117230.7,116300.0,116428.9,6816.66,795893653.9516,155923.0,3546.049,414038272.099,116924.49166666665,117870.26153846155,116924.49166666665,117870.26153846155,-603.0663580453111,-678.9662309987948,75.89987295348374,38.673332930028366,117946.31999116487,116983.06875,116019.81750883514,41.74197587742601,46.48182931487307,150332.46600000007,1018.6314648312865,31.697521647292803,2025-07-17 23:58:33,死叉,看涨,看跌区域,下轨区域,看跌交叉,中性
2025-07-15 20:00:00,116428.8,116715.9,116189.0,116410.0,4503.523,524570045.5166,106931.0,2183.917,254386901.4335,116894.78333333333,117747.35384615386,116894.78333333333,117747.35384615386,-603.6323966419004,-660.1327724095712,56.50037576767079,38.52228358100887,117880.35423319305,116916.08125,115951.80826680695,29.862612373155457,40.80243194606859,145828.9430000001,977.6538427620121,31.369249532916196,2025-07-17 23:58:33,死叉,看涨,看跌区域,下轨区域,看跌交叉,中性
2025-07-15 21:00:00,116410.0,117610.6,116339.8,117542.4,6033.652,706751303.5646,113276.0,3436.126,402455183.1082,116959.575,117655.9076923077,116959.575,117655.9076923077,-469.5343811368366,-612.4831745913875,142.94879345455092,51.107950651895926,117922.2676202488,116929.65,115937.0323797512,39.53881229991347,37.04780018349829,151862.5950000001,1002.0826891985113,29.37351640398519,2025-07-17 23:58:33,死叉,看涨,看涨区域,上轨区域,看涨交叉,中性
2025-07-15 22:00:00,117542.4,117849.0,117235.5,117807.7,4750.212,558426832.119,96710.0,2544.576,299180777.951,117022.29999999999,117566.58461538462,117022.29999999999,117566.58461538462,-334.52974474884104,-542.9948171307509,208.46507238190986,53.55813219582524,118056.48274414535,116976.94374999999,115897.40475585463,55.82686560111492,41.74276342472793,156612.8070000001,969.7007984319686,27.14818756886015,2025-07-17 23:58:33,死叉,看涨,看涨区域,上轨区域,看涨交叉,中性
2025-07-15 23:00:00,117807.7,117965.6,117479.1,117738.5,4376.963,515462950.6599,88142.0,2152.128,253498682.4512,117074.64166666666,117479.6,117074.64166666666,117479.6,-237.8112865621515,-466.698934488601,228.88764792644952,52.798948580424884,118171.03742663065,117037.03124999999,115903.02507336932,71.52071446291218,55.628797454646836,152235.8440000001,929.4340652293045,24.91106083574911,2025-07-17 23:58:33,死叉,看涨,看涨区域,上轨区域,看涨交叉,中性
2025-07-16 00:00:00,117738.6,118193.6,117409.4,118114.5,5356.157,631144642.7528,106225.0,3014.455,355276750.8526,117151.42499999999,117406.51923076923,117151.42499999999,117406.51923076923,-122.12856630705937,-380.5563424432156,258.42777613615624,56.4855746670614,118358.01715395704,117121.28124999999,115884.54534604293,78.91074597630343,68.75277534677683,157592.0010000001,917.3312264601967,23.201700312664926,2025-07-17 23:58:33,死叉,看涨,看涨区域,上轨区域,看涨交叉,中性
2025-07-16 01:00:00,118114.5,118208.6,117575.2,117726.7,3850.52,453762880.4223,83006.0,1653.281,194813625.2718,117123.00833333332,117326.14230769231,117123.00833333332,117326.14230769231,-78.08061400687438,-304.9374103341303,226.8567963272559,51.887725716650834,118436.36096566224,117181.39374999999,115926.42653433773,80.55287397360831,76.99477813760795,153741.48100000012,893.6702909218478,21.66149710245175,2025-07-17 23:58:33,死叉,看涨,看涨区域,上轨区域,看涨交叉,中性
2025-07-16 02:00:00,117726.7,117768.9,117017.1,117335.1,5231.061,613607830.4372,109793.0,2345.416,275099363.4822,117235.96666666666,117244.47692307693,117235.96666666666,117244.47692307693,-87.34609207932954,-250.5395807704301,163.19348869110055,47.585262363637945,118454.14077173854,117198.9,115943.65922826144,76.05758945430658,78.50706980140609,148510.42000000013,881.8477666783596,20.508410450718646,2025-07-17 23:58:33,死叉,看涨,看跌区域,上轨区域,看跌交叉,中性
2025-07-16 03:00:00,117335.0,117534.6,117223.7,117477.6,2568.177,301556221.511,60921.0,1204.012,141374443.8372,117326.34999999999,117205.48846153848,117326.34999999999,117205.48846153848,-76.95105627604062,-207.14244964683272,130.1913933707921,49.26906159310974,118483.1917241296,117221.85,115960.50827587041,68.68934413490692,75.09993585427392,151078.59700000013,834.2687861218304,19.45141435329663,2025-07-17 23:58:33,金叉,看涨,看跌区域,上轨区域,看跌交叉,中性
2025-07-16 04:00:00,117477.7,117699.9,117252.2,117601.5,2441.156,286816181.3628,63428.0,1236.995,145354149.4017,117360.15000000001,117180.47307692311,117360.15000000001,117180.47307692311,-54.47555648681009,-168.97572635682707,114.50016987001698,50.7812861227785,118521.81751833054,117247.375,115972.93248166946,65.8482349671083,70.19838951877392,153519.7530000001,802.0547206116777,18.11849107265793,2025-07-17 23:58:33,金叉,看涨,看涨区域,上轨区域,看跌交叉,强烈看涨
2025-07-16 05:00:00,117601.5,118020.0,117601.5,117858.5,5014.165,591027559.6809,91689.0,2813.212,331591547.8518,117397.05833333333,117205.44615384618,117397.05833333333,117205.44615384618,-9.102910158515442,-129.00752230724916,119.90461214873372,53.9156630926856,118478.7497077132,117234.3,115989.8502922868,73.55854394743967,69.36537434981828,158533.91800000012,770.0918272273711,17.00024994506074,2025-07-17 23:58:33,金叉,看涨,看涨区域,上轨区域,看涨交叉,强烈看涨
2025-07-16 06:00:00,117858.5,118282.7,117737.5,118260.8,3344.112,394854472.6852,69093.0,1840.582,217332750.0577,117525.18333333333,117235.40769230771,117525.18333333333,117235.40769230771,67.94815826494596,-79.76860216420039,147.71676042914635,58.4696913377158,118533.24954681833,117376.875,116220.50045318167,84.49805951558223,74.63494614337672,161878.03000000012,751.3508416250901,16.498764668854154,2025-07-17 23:58:33,金叉,看涨,看涨区域,上轨区域,看涨交叉,强烈看涨
2025-07-16 07:00:00,118260.8,118297.1,118017.2,118181.2,3768.6,445386533.6189,69034.0,1746.419,206415845.3063,117671.20833333333,117268.32692307697,117671.20833333333,117268.32692307697,114.06624151354481,-31.30989124476409,145.3761327583089,57.23860881189435,118587.25974600126,117488.6375,116390.01525399873,91.89915554656098,83.31858633652762,158109.4300000001,712.0632714896666,16.06819961444506,2025-07-17 23:58:33,金叉,看涨,看涨区域,上轨区域,超买交叉,强烈看涨
2025-07-16 08:00:00,118181.2,118785.0,118113.6,118697.7,6497.925,770173571.3889,115809.0,4080.111,483647773.1469,117861.84999999999,117331.66153846159,117861.84999999999,117331.66153846159,201.87818857592356,26.987128710407823,174.89105986551573,62.82529010990766,118813.6638335464,117582.5,116351.3361664536,96.03150679887511,90.80957395367277,164607.3550000001,708.6746655321939,16.61005252856359,2025-07-17 23:58:33,金叉,看涨,看涨区域,上轨区域,超买交叉,强烈看涨
2025-07-16 09:00:00,118697.7,119204.0,118688.9,119188.9,9385.976,1116613208.5471,154507.0,4839.253,575720293.9939,117999.05833333333,117424.4230769231,117999.05833333333,117424.4230769231,315.656364829003,99.15443774005661,216.5019270889464,67.29515941544686,119144.12291617175,117693.33124999999,116242.53958382823,96.15001347437483,94.69355860660363,173993.3310000001,692.5434434045115,17.791617843083902,2025-07-17 23:58:33,金叉,看涨,看涨区域,突破上轨,超买交叉,强烈看涨
2025-07-16 10:00:00,119188.9,119299.9,118715.3,118716.9,5330.65,634360147.4241,101013.0,2005.79,238696763.0164,118074.825,117499.43846153849,118074.825,117499.43846153849,341.1740136525332,159.65933171817574,181.51468193435744,59.70680828309961,119256.46484662898,117817.93124999998,116379.39765337098,89.6108836017969,93.93080129168227,168662.6810000001,683.5481564541348,19.023624258620668,2025-07-17 23:58:33,金叉,看涨,看涨区域,上轨区域,超买交叉,强烈看涨
2025-07-16 11:00:00,118716.9,118898.2,118621.8,118755.1,3601.246,427748876.521,74958.0,1600.6,190133866.0793,118159.54166666667,117575.98461538466,118159.54166666667,117575.98461538466,357.6964125486993,209.16860192580663,148.52781062289267,60.10727948951218,119275.58708045962,117963.31874999999,116651.05041954036,83.30176149724649,89.68755285780607,172263.9270000001,649.6191434162897,19.85769746181293,2025-07-17 23:58:33,金叉,看涨,看涨区域,上轨区域,超买交叉,强烈看涨
2025-07-16 12:00:00,118755.1,119055.0,118557.0,118579.3,5111.985,607438020.8215,106991.0,2466.467,293126315.9031,118198.27500000001,117634.61153846157,118198.27500000001,117634.61153846157,344.03094969956146,242.88418886924535,101.14676083031611,57.2279206939167,119166.69094865287,118098.9,117031.10905134711,73.00975410314832,81.97413306739725,167151.94200000013,636.9842147982655,20.89794155877185,2025-07-17 23:58:33,金叉,看涨,看涨区域,上轨区域,看跌交叉,强烈看涨
2025-07-16 13:00:00,118579.3,118907.8,118156.0,118651.3,11552.864,1369186226.6726,194142.0,5870.752,695837298.8503,118275.32500000001,117693.87692307695,118275.32500000001,117693.87692307695,335.69186854202417,266.08610878744,69.60575975458414,58.131492159775846,119226.42525491543,118168.20625,117109.98724508457,71.10943644650669,75.80698401563384,178704.80600000013,646.5521968984102,20.58231760940205,2025-07-17 23:58:33,金叉,看涨,看涨区域,上轨区域,看跌交叉,强烈看涨
2025-07-16 14:00:00,118651.2,119230.0,118156.0,119019.8,10758.392,1276371804.957,220190.0,5593.699,663742613.791,118415.71666666667,117764.13461538464,118415.71666666667,117764.13461538464,363.72359372668143,290.4954800222504,73.22811370443105,62.581732815934366,119360.06429391756,118243.96250000001,117127.86070608246,74.5049920744742,72.87472754137643,189463.19800000012,682.1728471568761,20.925934958176974,2025-07-17 23:58:33,金叉,看涨,看涨区域,上轨区域,看涨交叉,强烈看涨
2025-07-16 15:00:00,119019.9,119786.7,118243.3,119056.0,25528.01,3041147933.0399,469736.0,12592.481,1500385039.6469,118547.25,117802.14615384616,118547.25,117802.14615384616,381.4462376113952,313.2331694195366,68.21306819185861,63.0066298264484,119475.018303717,118326.30625000001,117177.59419628301,73.88096221680712,73.16513024592935,214991.20800000013,753.9417765604693,22.165011961343627,2025-07-17 23:58:33,金叉,看涨,看涨区域,上轨区域,看涨交叉,强烈看涨
2025-07-16 16:00:00,119055.9,119293.5,118430.3,119250.0,7526.9,895007808.816,181329.0,3950.046,469701294.0927,118684.625,117927.93076923078,118684.625,117927.93076923078,408.5636833891622,337.065797911943,71.4978854772192,65.3276009674723,119622.62400845128,118397.27500000001,117171.92599154873,75.56398101214332,74.6499784344749,222518.10800000012,763.0466285137633,23.300832547579727,2025-07-17 23:58:33,金叉,看涨,看涨区域,上轨区域,看涨交叉,强烈看涨
2025-07-16 17:00:00,119249.9,119676.2,118924.1,119039.4,6620.246,790268317.7561,147198.0,3440.168,410686005.6262,118783.03333333333,118029.71538461538,118783.03333333333,118029.71538461538,397.8824860750028,352.2699699527079,45.61251612229489,60.77440951187809,119689.78101958854,118479.31875,117268.85648041147,66.04614519040696,71.83036280645247,215897.8620000001,762.1344094709489,24.91734952916694,2025-07-17 23:58:33,金叉,看涨,看涨区域,上轨区域,看跌交叉,强烈看涨
2025-07-16 18:00:00,119039.4,119888.0,118836.0,119471.0,7001.121,836366907.3439,157207.0,3664.371,437762539.8506,118883.88333333332,118117.21923076923,118883.88333333332,118117.21923076923,429.9637519178941,371.6934154440045,58.27033647388964,66.10070888734664,119758.45003839719,118612.8125,117467.17496160281,69.35870690500127,70.32294436918386,222898.98300000012,786.2898753483697,26.69026914883189,2025-07-17 23:58:33,金叉,看涨,看涨区域,上轨区域,看跌交叉,强烈看涨
2025-07-16 19:00:00,119471.0,119600.0,118780.0,119186.7,5914.548,704627887.9471,133409.0,2823.261,336274788.2877,118967.67499999999,118185.33846153847,118967.67499999999,118185.33846153847,414.46351340512047,382.38593993428344,32.077573470837024,60.179718649887626,119733.04343100605,118719.63124999999,117706.21906899393,64.59202238649665,66.66562482730164,216984.4350000001,789.0990524026723,28.10492048027395,2025-07-17 23:58:33,金叉,看涨,看涨区域,上轨区域,看跌交叉,强烈看涨
2025-07-16 20:00:00,119186.7,119914.9,118891.2,119886.2,5904.81,705695911.4899,122453.0,2491.903,297737246.1008,119066.71666666666,118306.98846153848,119066.71666666666,118306.98846153848,471.96400333392376,404.7804557841935,67.18354754973024,67.94975608657545,119848.88854089755,118862.42499999999,117875.96145910243,78.1255448434439,70.69209137831395,222889.2450000001,808.6491313691162,29.851634209759386,2025-07-17 23:58:33,金叉,看涨,看涨区域,突破上轨,看涨交叉,强烈看涨
2025-07-16 21:00:00,119886.2,120100.0,119150.6,119254.7,7455.082,892519644.9358,124414.0,3760.465,450267614.7551,119072.2,118415.6730769231,119072.2,118415.6730769231,436.31046867606346,412.662959007161,23.647509668902444,56.92008315747443,119803.5931794523,118949.68749999999,118095.78182054767,71.46500865184032,71.39419196059363,215434.16300000012,820.3783704216894,31.698556205083037,2025-07-17 23:58:33,金叉,看涨,看涨区域,上轨区域,看涨交叉,强烈看涨
2025-07-16 22:00:00,119254.7,119466.6,118557.0,118624.8,5601.091,666771544.5797,114104.0,2714.682,323250422.4931,119064.52500000001,118500.85769230772,119064.52500000001,118500.85769230772,333.73134403987206,392.93005526533875,-59.198711225466695,48.3151247429039,119769.20040977893,118972.43749999999,118175.67459022104,59.667004805893725,69.752519433726,209833.0720000001,827.8135062198825,31.257713428391995,2025-07-17 23:58:33,金叉,看跌,看跌区域,下轨区域,看跌交叉,中性
2025-07-16 23:00:00,118624.8,118803.8,118359.4,118590.7,3801.154,450769903.8137,90231.0,1925.129,228326874.1836,119050.825,118541.17692307696,119050.825,118541.17692307696,249.34050168555405,357.0326668703926,-107.69216518483853,47.884052947730765,119713.66220140937,118998.03124999999,118282.4002985906,34.331275720164534,55.15442972596622,206031.9180000001,795.8623807015597,30.246379588532935,2025-07-17 23:58:33,金叉,看跌,看跌区域,下轨区域,看跌交叉,中性
2025-07-17 00:00:00,118590.7,119151.3,118582.3,118861.2,3356.278,399056381.0736,86281.0,1687.698,200651226.5335,119074.31666666665,118581.69615384619,119074.31666666665,118581.69615384619,212.94097085177782,321.0097428657389,-108.06877201396105,51.648345897921665,119710.98818027756,119008.24999999999,118305.51181972241,27.584019204389502,40.52743324348261,209388.19600000008,776.9571823097631,29.99045962953352,2025-07-17 23:58:33,金叉,看跌,看涨区域,下轨区域,看跌交叉,中性
2025-07-17 01:00:00,118861.2,119052.3,117663.6,118115.0,11598.861,1370165563.0656,199376.0,4965.317,586513069.1686,119029.62499999999,118596.17692307696,119029.62499999999,118596.17692307696,101.1932944117143,266.05563075223273,-164.86233634051843,42.36331457317913,119757.91551075078,118941.13124999999,118124.3469892492,25.721388896207966,29.212227940254024,197789.33500000008,827.935750450616,27.591183529464114,2025-07-17 23:58:33,金叉,看跌,看跌区域,突破下轨,看跌交叉,中性
2025-07-17 02:00:00,118115.0,118497.8,117980.2,118302.0,4705.718,556530039.9665,108782.0,2582.911,305457612.2087,118969.8083333333,118603.3884615385,118969.8083333333,118603.3884615385,38.482378920554766,209.16231779431325,-170.6799388737585,45.084755576596955,119783.53120697942,118915.2,118046.86879302058,27.001883189549073,26.769097096715537,202495.05300000007,802.0744379130651,25.391847104400483,2025-07-17 23:58:33,金叉,看跌,看跌区域,下轨区域,看涨交叉,中性
2025-07-17 03:00:00,118302.0,118335.2,117700.0,118090.9,4686.341,552651353.6363,108083.0,2032.206,239677534.0743,118889.3833333333,118617.39615384619,118889.3833333333,118617.39615384619,-30.85433014429873,149.15815580966026,-180.012485953959,42.58772598261159,119827.92308642379,118873.68749999999,117919.45191357618,20.756033492037144,24.49310185926475,197808.71200000006,788.1682347536429,23.99260668501506,2025-07-17 23:58:33,金叉,看跌,看跌区域,下轨区域,看跌交叉,中性
2025-07-17 04:00:00,118090.8,118466.0,117923.0,118465.9,2857.481,337951638.783,70192.0,1621.962,191840988.7006,118824.04166666663,118660.88846153849,118824.04166666663,118660.88846153849,-39.810948916114285,101.91587962821663,-141.7268285443309,48.19441271366916,119831.10572058134,118866.59999999998,117902.09427941861,25.55683248508693,24.438249722224402,200666.19300000006,767.7375485241727,22.37738847069292,2025-07-17 23:58:33,金叉,看跌,看跌区域,下轨区域,看涨交叉,中性
2025-07-17 05:00:00,118465.9,118620.0,118182.9,118550.0,2488.448,294653935.0747,70141.0,1262.896,149556032.7843,118783.2583333333,118702.13461538464,118783.2583333333,118702.13461538464,-36.426472588049364,67.33029157415012,-103.75676416219949,49.413112991126276,119831.64988715941,118860.26874999997,117888.88761284054,28.949816669402594,25.087560882175577,203154.64100000006,740.1844194804921,20.52136465833662,2025-07-17 23:58:33,金叉,看跌,看跌区域,下轨区域,看涨交叉,中性
2025-07-17 06:00:00,118550.0,118763.4,118307.6,118439.3,4031.805,477897946.2431,97186.0,2069.807,245369024.3189,118697.28333333331,118734.3576923077,118697.28333333331,118734.3576923077,-45.379099393307115,39.152943832285814,-84.53204322559293,47.78546518548681,119812.04474247269,118823.98749999997,117835.93025752726,33.71641219285262,29.407687115780732,199122.83600000007,716.4857178571168,19.18447219428295,2025-07-17 23:58:33,死叉,看跌,看跌区域,下轨区域,看涨交叉,强烈看跌
2025-07-17 07:00:00,118439.3,118548.0,117810.4,118293.9,6460.573,763298979.5795,122578.0,3194.336,377419583.8496,118622.8833333333,118751.10384615386,118622.8833333333,118751.10384615386,-66.92684435362753,12.632996785807478,-79.55984113943501,45.614606156085316,119788.27171577464,118776.35624999997,117764.4407842253,31.36321348437563,31.343147448876966,192662.26300000006,718.2452413690243,18.44951208327469,2025-07-17 23:58:33,死叉,看跌,看跌区域,下轨区域,看涨交叉,强烈看跌
2025-07-17 08:00:00,118293.8,118408.2,118065.7,118313.6,3661.316,432890324.7335,86402.0,1799.813,212797640.9325,118491.83333333331,118753.13461538464,118491.83333333331,118753.13461538464,-79.23198897288239,-10.33324965386499,-68.89873931901741,45.98035422429248,119721.68554401817,118717.83124999997,117713.97695598178,31.253039992236868,32.11088855648839,196323.57900000006,686.9331379216055,17.775798648183784,2025-07-17 23:58:33,死叉,看跌,看跌区域,下轨区域,看跌交叉,强烈看跌
2025-07-17 09:00:00,118313.6,119216.4,118221.8,118758.6,6982.323,829703954.1618,140642.0,3812.212,452975912.5172,118450.49166666665,118775.34230769232,118450.49166666665,118775.34230769232,-38.19514889646962,-17.298724464516148,-20.89642443195347,53.71478746631498,119690.76362799075,118700.28124999999,117709.79887200923,44.14631222580334,35.58752190080529,203305.90200000006,712.5720430948044,17.413502988046712,2025-07-17 23:58:33,死叉,看跌,看涨区域,上轨区域,看涨交叉,中性
2025-07-17 10:00:00,118758.6,118867.9,118210.0,118331.2,4606.525,545814695.8704,105684.0,2121.194,251343282.4148,118426.02499999998,118761.24615384616,118426.02499999998,118761.24615384616,-54.28117158822715,-26.5443362454439,-27.73683534278325,46.65711024783186,119548.99462361405,118629.04374999998,117709.09287638591,49.85403427740653,41.75112883181559,198699.37700000007,708.0160395035701,17.04905232623146,2025-07-17 23:58:33,死叉,看跌,看跌区域,下轨区域,看涨交叉,强烈看跌
2025-07-17 11:00:00,118331.2,118389.9,117915.2,117968.9,4274.359,505021246.0549,83064.0,1730.579,204487852.5514,118374.20833333331,118714.32307692309,118374.20833333331,118714.32307692309,-104.51680315336853,-46.03745297242506,-58.47935018094347,41.564744931840735,119477.23611237342,118552.93124999998,117628.62638762654,44.390777949510436,46.130374817573454,194425.01800000007,688.5730362116057,15.911363976119278,2025-07-17 23:58:33,死叉,看跌,看跌区域,下轨区域,看跌交叉,强烈看跌
2025-07-17 12:00:00,117968.8,118180.1,117412.8,117853.3,10574.299,1245511325.1047,179393.0,5397.789,635914383.5746,118290.21666666666,118681.1076923077,118290.21666666666,118681.1076923077,-151.76241150705027,-72.46869260608136,-79.29371890096891,40.03124759806719,119109.78720015023,118425.87499999999,117741.96279984975,29.025978325562818,41.09026351749328,183850.71900000007,695.1336165273054,15.481846199739572,2025-07-17 23:58:33,死叉,看跌,看跌区域,下轨区域,看跌交叉,强烈看跌
2025-07-17 13:00:00,117853.3,118443.0,117514.8,118261.6,8899.887,1049386135.4357,174039.0,4658.426,549343207.0899,118302.43333333333,118662.12692307694,118302.43333333333,118662.12692307694,-138.82171919140092,-89.05694925241124,-49.76476993898967,47.54957369767657,118899.84228176452,118363.80625,117827.77021823547,30.382021748477342,34.599592674516884,192750.60600000006,714.5558151500296,14.419141258777486,2025-07-17 23:58:33,死叉,看跌,看跌区域,下轨区域,看跌交叉,强烈看跌
2025-07-17 14:00:00,118261.2,118837.9,118110.5,118752.9,7711.66,914035491.8164,157274.0,3656.872,433486523.2924,118340.00833333332,118668.80384615387,118340.00833333332,118668.80384615387,-73.28991170383233,-85.11518986526652,11.825278161434184,55.01454779184159,118926.69742445588,118371.81249999999,117816.92757554409,48.595401789014666,36.00113395435162,200462.26600000006,715.6261638875267,13.89892259395104,2025-07-17 23:58:33,死叉,看涨,看涨区域,上轨区域,看涨交叉,中性
2025-07-17 15:00:00,118752.9,119100.0,118315.8,118913.6,6239.639,740890603.1944,142356.0,2848.507,338278357.2232,118408.56666666667,118678.89230769234,118408.56666666667,118678.89230769234,-6.766962409164989,-65.52813300124113,58.76117059207614,57.205961401098406,118998.35472940447,118391.99375,117785.63277059552,68.19139498780243,49.05627284176483,206701.90500000006,721.3406502302327,13.968248569540826,2025-07-17 23:58:33,死叉,看涨,看涨区域,上轨区域,看涨交叉,中性
