open_time,开盘价,最高价,最低价,收盘价,成交量,成交额,成交笔数,主动买入量,主动买入额,MA21,MA55,MA20,MA50,MACD,MACD_Signal,MACD_Hist,RSI,BB_Upper,BB_Middle,BB_Lower,Stoch_SlowK,Stoch_SlowD,OBV,ATR,ADX,计算时间,MA_Signal,MACD_Signal_Analysis,RSI_Signal,BB_Signal,Stoch_Signal,综合信号
2024-12-30,93699.9,95031.6,91510.0,92759.3,222343.593,20718759693.374,4401173.0,111061.003,10352744732.7416,,,,,,,,,,,,,,222343.593,,,2025-07-18 00:00:05,中性,中性,中性,中轨附近,中性,中性
2024-12-31,92759.3,96254.3,92000.0,93548.9,178648.116,16839152825.5285,3535447.0,91654.172,8640104348.4182,,,,,,,,,,,,,,400991.70900000003,,,2025-07-18 00:00:05,中性,中性,中性,中轨附近,中性,中性
2025-01-01,93548.8,95161.2,92796.5,94580.9,91236.66,8572615379.7751,1804360.0,45712.481,4296719477.4609,,,,,,,,,,,,,,492228.36900000006,,,2025-07-18 00:00:05,中性,中性,中性,中轨附近,中性,中性
2025-01-02,94580.9,97822.4,94357.4,96967.5,181645.495,17520373569.6746,3485887.0,91670.018,8844274083.0583,,,,,,,,,,,,,,673873.8640000001,,,2025-07-18 00:00:05,中性,中性,中性,中轨附近,中性,中性
2025-01-03,96967.6,98949.0,96061.5,98145.7,125220.674,12191508268.3213,2447503.0,62635.65,6100956961.6788,,,,,,,,,,,,,,799094.5380000001,,,2025-07-18 00:00:05,中性,中性,中性,中轨附近,中性,中性
2025-01-04,98145.7,98760.9,97438.2,98173.2,71914.634,7047067115.1575,1425236.0,34608.531,3391666127.7631,,,,,,,,,,,,,,871009.172,,,2025-07-18 00:00:05,中性,中性,中性,中轨附近,中性,中性
2025-01-05,98173.2,98852.6,97227.0,98340.2,74949.289,7346604757.8706,1416760.0,36787.547,3606330342.2336,,,,,,,,,,,,,,945958.461,,,2025-07-18 00:00:05,中性,中性,中性,中轨附近,中性,中性
2025-01-06,98340.2,102444.0,97872.6,102180.4,207493.329,20828553113.3948,3872847.0,106223.517,10662927605.4019,,,,,,,,,,,,,,1153451.79,,,2025-07-18 00:00:05,中性,中性,中性,中轨附近,中性,中性
2025-01-07,102180.5,102762.1,96153.0,96920.3,258711.309,25560001123.228,4469033.0,124202.163,12272379694.8684,,,,,,,,,,,,,,894740.481,,,2025-07-18 00:00:05,中性,中性,中性,中轨附近,中性,中性
2025-01-08,96920.2,97242.2,92500.0,95014.1,262012.113,24890488875.3657,5034341.0,125746.041,11946830838.1646,,,,,,,,,,,,,,632728.368,,,2025-07-18 00:00:05,中性,中性,中性,中轨附近,中性,中性
2025-01-09,95014.0,95358.7,91055.8,92505.9,257760.902,23994411572.6975,4976061.0,122609.978,11417561891.8993,,,,,,,,,,,,,,374967.466,,,2025-07-18 00:00:05,中性,中性,中性,中轨附近,中性,中性
2025-01-10,92506.0,95882.5,92173.6,94675.5,261942.954,24636484066.7169,4889944.0,131544.773,12376535032.8515,,,,,,,,,,,,,,636910.42,,,2025-07-18 00:00:05,中性,中性,中性,中轨附近,中性,中性
2025-01-11,94675.6,94988.0,93802.1,94562.5,64661.763,6101597708.5398,1369972.0,31163.719,2940960226.6583,,,,,,,,,,,,,,572248.657,,,2025-07-18 00:00:05,中性,中性,中性,中轨附近,中性,中性
2025-01-12,94562.4,95444.0,93661.1,94499.9,77298.133,7302019629.8369,1571748.0,38243.259,3613115317.8144,,,,,,,,,,,,,,494950.524,,,2025-07-18 00:00:05,中性,中性,中性,中轨附近,中性,中性
2025-01-13,94499.9,95934.5,88909.0,94485.3,361150.49,33357739608.8299,6407451.0,174597.8,16132783770.2438,,,,,,,,54.02229741696729,,,,,,133800.03399999999,3560.614285714284,,2025-07-18 00:00:05,中性,中性,看涨区域,中轨附近,中性,中性
2025-01-14,94485.4,97353.9,94305.4,96514.9,212859.661,20455516830.0708,4065158.0,109290.334,10503730503.8528,,,,,,,,58.273132930688554,,,,,,346659.69499999995,3524.0346938775497,,2025-07-18 00:00:05,中性,中性,看涨区域,中轨附近,中性,中性
2025-01-15,96514.9,100658.9,96450.2,100460.0,222417.566,21890262973.6529,4026826.0,114044.233,11227791509.1674,,,,,,,,65.03925668248979,,,,,,569077.2609999999,3572.9393586005817,,2025-07-18 00:00:05,中性,中性,看涨区域,中轨附近,中性,中性
2025-01-16,100460.0,100850.0,97293.6,99937.4,216802.52,21512694586.0727,3912749.0,106931.954,10609333702.8032,,,,,,,,63.568760258207455,,,,72.63187782277366,57.890298198961865,352274.7409999999,3571.7579758433967,,2025-07-18 00:00:05,中性,中性,看涨区域,中轨附近,看涨交叉,中性
2025-01-17,99937.4,105784.0,99902.0,104042.5,249449.969,25723721360.3901,4489396.0,129505.273,13354794528.7122,,,,,,,,69.41793085844908,,,,84.22389231772428,72.12293444146873,601724.71,3736.7752632831543,,2025-07-18 00:00:05,中性,中性,看涨区域,中轨附近,看涨交叉,中性
2025-01-18,104042.6,104962.1,102242.8,104524.3,167940.092,17403566499.7749,3308318.0,82838.623,8586609801.9883,,,,,,,,70.02619189637475,,,,87.27490972497931,81.37689328849241,769664.8019999999,3664.098458762929,,2025-07-18 00:00:05,中性,中性,超买,中轨附近,超买交叉,中性
2025-01-19,104524.3,106450.0,99600.0,101311.5,280949.178,29174848452.0504,5347056.0,139324.607,14473672517.5218,97340.4857142857,,97340.4857142857,,,,,61.27428015145993,104355.2466518097,97340.4857142857,90325.72477676171,84.3069620508143,85.26858803117263,488715.6239999999,3891.662854565577,,2025-07-18 00:00:05,中性,中性,看涨区域,上轨区域,超买交叉,中性
2025-01-20,101311.5,110000.0,99501.0,102247.6,530508.18,55636481995.3162,10954393.0,264671.225,27754752489.8873,97792.30952380951,,97792.30952380951,,,,,62.735646972937275,104790.83373583568,97792.30952380951,90793.78531178334,75.4946585406283,82.3588434388073,1019223.804,4363.615507810893,,2025-07-18 00:00:05,中性,中性,看涨区域,上轨区域,看跌交叉,中性
2025-01-21,102247.7,107241.6,100097.2,106114.5,273296.828,28422391304.195,6773872.0,137255.68,14280891116.9168,98390.67142857143,,98390.67142857143,,,,,68.09216383487839,105960.97801609592,98390.67142857143,90820.36484104693,71.84210486932386,77.21457515358883,1292520.632,4562.242971538687,,2025-07-18 00:00:05,中性,中性,看涨区域,突破上轨,看跌交叉,中性
2025-01-22,106115.4,106390.0,103211.6,103664.9,151243.528,15829573488.171,3771385.0,74815.093,7830997423.289,98823.24285714285,,98823.24285714285,,,,,62.011155095696644,106510.57002198571,98823.24285714285,91135.91569229998,71.5945189891423,72.97709413303149,1141277.104,4463.397045000209,,2025-07-18 00:00:05,中性,中性,看涨区域,上轨区域,看跌交叉,中性
2025-01-23,103664.9,106840.2,101211.0,103864.1,418154.019,43515004634.5494,8556453.0,206938.749,21543146961.1434,99151.65238095238,,99151.65238095238,,,,,62.30595684731875,107079.30494280263,99151.65238095238,91223.99981910213,74.14932119545463,72.52864835130693,1559431.1230000001,4546.668684643051,,2025-07-18 00:00:05,中性,中性,看涨区域,上轨区域,看涨交叉,中性
2025-01-24,103864.0,107076.5,102680.0,104808.1,165746.95,17435123504.2742,3964568.0,83393.686,8775081488.1489,99468.90952380953,,99468.90952380953,,,,,63.74192897424346,107736.11449834987,99468.90952380953,91201.7045492692,72.08461745136158,72.60948587865283,1725178.073,4535.942350025691,,2025-07-18 00:00:05,中性,中性,看涨区域,上轨区域,看跌交叉,中性
2025-01-25,104808.0,105274.7,104040.6,104702.0,65630.163,6869072101.7618,1653111.0,32840.336,3437604625.5188,99779.80476190477,,99779.80476190477,,,,,63.449359774418056,108315.40706340813,99779.80476190477,91244.20246040142,73.72370521391434,73.31921462024351,1659547.9100000001,4300.096467880998,,2025-07-18 00:00:05,中性,中性,看涨区域,上轨区域,看涨交叉,中性
2025-01-26,104702.0,105496.9,102450.3,102560.1,75787.087,7903655326.0526,1627122.0,35869.344,3742534806.6305,99980.7523809524,,99980.7523809524,,,,,57.69243250494135,108569.85135018628,99980.7523809524,91391.65341171852,71.66279455692005,72.49037240739865,1583760.823,4210.561005889497,18.326401718977927,2025-07-18 00:00:05,中性,中性,看涨区域,上轨区域,看跌交叉,中性
2025-01-27,102560.0,103216.5,97680.0,102021.3,325689.874,32694557659.0746,7400145.0,156956.501,15756518585.9555,99973.1761904762,,99973.1761904762,,,,,56.308389190583966,108554.77822049032,99973.1761904762,91391.57416046207,62.92260472200119,69.43636816427853,1258070.949,4305.270934040248,18.0742381246395,2025-07-18 00:00:05,中性,中性,看涨区域,上轨区域,看跌交叉,中性
2025-01-28,102021.3,103797.0,100235.0,101279.6,169917.261,17380446310.6614,3946858.0,83140.626,8505451808.1173,100180.76190476191,,100180.76190476191,,,,,54.374586441267446,108667.30253251971,100180.76190476191,91694.22127700411,49.843129323291855,61.476176200737704,1088153.688,4252.180153037373,17.622947814631527,2025-07-18 00:00:05,中性,中性,看涨区域,上轨区域,看跌交叉,中性
2025-01-29,101279.7,104755.0,101269.7,103698.2,169989.952,17464739221.2713,3968545.0,85699.01,8805219310.5586,100594.29047619048,,100594.29047619048,,,,,59.284958545313884,108877.366212012,100594.29047619048,92311.21474036896,45.069714803016446,52.61181628276984,1258143.6400000001,4197.4029992489895,16.845089684518715,2025-07-18 00:00:05,中性,中性,看涨区域,上轨区域,看跌交叉,中性
2025-01-30,103698.1,106450.0,103224.5,104676.9,136967.4,14403072504.9993,3003472.0,69611.533,7320676423.1595,101173.86190476191,,101173.86190476191,,,,,61.108968784061055,108788.26842960785,101173.86190476191,93559.45537991598,47.61313150980222,47.50865854537019,1395111.04,4127.981356445491,15.762373488692864,2025-07-18 00:00:05,中性,中性,看涨区域,上轨区域,看涨交叉,中性
2025-01-31,104676.9,106000.0,101509.0,102379.7,172237.817,17878626999.9051,3554639.0,84961.162,8819624879.1387,101540.72857142858,,101540.72857142858,,,,,54.892814411187196,108588.72260151684,101540.72857142858,94492.73454134032,48.44815187383497,47.04366606221789,1222873.223,4153.911259556527,15.0910718508237,2025-07-18 00:00:05,中性,中性,看涨区域,上轨区域,看涨交叉,中性
2025-02-01,102379.8,102734.9,100215.0,100603.6,90863.091,9240331525.5912,2078447.0,41605.579,4232004108.3664,101828.40000000002,,101828.40000000002,,1862.4340744900546,2590.5678451573717,-728.1337706673171,50.60656911563788,108171.51532743349,101828.40000000002,95485.28467256656,39.55681818181819,45.20603385515181,1132010.132,4037.196169588203,14.871893156799967,2025-07-18 00:00:05,中性,看跌,看涨区域,下轨区域,看跌交叉,中性
2025-02-02,100603.6,101426.0,96029.6,97664.5,232934.693,22949597609.4826,4938568.0,110296.111,10866284794.4315,101979.09523809527,,101979.09523809527,,1350.8055186138517,2342.6153798486675,-991.8098612348158,44.42472682616008,107742.50360648596,101979.09523809527,96215.68686970457,24.526678282444053,37.510549446032414,899075.439,4134.2821574747595,15.761120173488736,2025-07-18 00:00:05,中性,看跌,看跌区域,下轨区域,看跌交叉,中性
2025-02-03,97664.5,102456.0,91130.3,101293.7,455088.034,43861859909.7187,9447064.0,223647.345,21568873586.5965,102303.30476190479,,102303.30476190479,,1224.0719717750617,2118.9066982339464,-894.8347264588847,52.19083456863025,107013.86130670838,102303.30476190479,97592.7482171012,32.83851736318872,32.30733794248366,1354163.473,4647.954860512276,17.520217457767025,2025-07-18 00:00:05,中性,看跌,看涨区域,下轨区域,看涨交叉,中性
2025-02-04,101293.6,101729.3,96100.0,97709.9,262746.203,26009379200.5607,5493800.0,129124.324,12780935015.1715,102360.20952380954,,102360.20952380954,,824.9425892458239,1860.1138764363218,-1035.1712871904979,45.43837296192388,106811.42202802913,102360.20952380954,97908.99701958994,38.682091177216286,32.01576227428303,1091417.27,4718.050941904256,19.153664936025432,2025-07-18 00:00:05,中性,看跌,看跌区域,突破下轨,看涨交叉,中性
2025-02-05,97710.0,99124.2,96106.1,96553.2,151379.666,14787603373.4395,3469799.0,75494.667,7375761705.7319,102174.17142857146,,102174.17142857146,,410.56096374004846,1570.2032938970672,-1159.6423301570187,43.48291628265136,107215.02428012353,102174.17142857146,97133.31857701938,46.11704962813124,39.21255272284542,940037.604,4596.62587462538,20.67043759440824,2025-07-18 00:00:05,中性,看跌,看跌区域,突破下轨,看涨交叉,中性
2025-02-06,96553.2,99093.0,95613.5,96515.1,161521.013,15732382004.6025,3536819.0,81877.093,7976520545.3839,102011.2047619048,,102011.2047619048,,78.18492137809517,1271.7996193932727,-1193.6146980151775,43.416638107526765,107529.44738950115,102011.2047619048,96492.96213430844,36.34575426538402,40.38163169024386,778516.591,4516.831169294996,22.172885166735806,2025-07-18 00:00:05,中性,看跌,看跌区域,下轨区域,看跌交叉,中性
2025-02-07,96515.0,100112.4,95555.0,96454.5,223373.629,21837468262.4659,4285021.0,109960.027,10751019146.775,101649.87142857147,,101649.87142857147,,-187.94884310923226,979.8499268927717,-1167.798770002004,43.30357836392638,107567.99161020972,101649.87142857147,95731.75124693321,34.17665538046267,38.87981975799266,555142.962,4519.728942916781,23.093305009683224,2025-07-18 00:00:05,中性,看跌,看跌区域,下轨区域,看跌交叉,中性
2025-02-08,96454.5,96850.0,95600.0,96411.9,69050.432,6644122527.1204,1556064.0,33693.238,3242334181.839,101263.56666666671,,101263.56666666671,,-397.7146261906455,704.3370162760882,-1102.0516424667337,43.218377906651305,107434.4185082484,101263.56666666671,95092.71482508502,34.3327873145555,34.95173232013408,486092.53,4286.176875565582,23.9479805781344,2025-07-18 00:00:05,中性,看跌,看跌区域,下轨区域,看跌交叉,中性
2025-02-09,96412.0,97301.7,94650.1,96423.6,101177.286,9736102711.9428,2020676.0,48790.479,4695821364.8538,101030.80952380957,,101030.80952380957,,-556.5953436910058,452.1505442826694,-1008.7458879736753,43.25140225227223,107536.51692955059,101030.80952380957,94525.10211806855,34.59401946513314,34.367820720050446,587269.816,4169.421384453754,24.96537437147413,2025-07-18 00:00:05,中性,看跌,看跌区域,下轨区域,看涨交叉,中性
2025-02-10,96423.6,98328.0,95200.1,97379.2,132932.545,12909986839.9299,2797120.0,66003.413,6410342979.1864,100798.980952381,,100798.980952381,,-598.5013720039278,242.02016102534992,-840.5215330292777,46.01318247635221,107459.84376353277,100798.980952381,94138.11814122922,36.606025792498116,35.17761085739559,720202.361,4095.0269998499143,25.385507025008963,2025-07-18 00:00:05,中性,看跌,看跌区域,下轨区域,看涨交叉,中性
2025-02-11,97379.2,98482.2,94814.3,95731.4,154832.904,14974331187.2319,2870437.0,78111.297,7555540729.5812,100304.54761904766,,100304.54761904766,,-755.9616349612916,42.423801828021624,-798.3854367893132,42.1994211096034,106854.27132841002,100304.54761904766,93754.8239096853,35.125361462691835,35.441802240107705,565369.457,4064.517928432063,25.879664435360983,2025-07-18 00:00:05,中性,看跌,看跌区域,下轨区域,看跌交叉,中性
2025-02-12,95731.4,98090.9,94003.9,97816.3,202448.079,19439638352.8794,3777676.0,101345.223,9733747320.0458,100026.0428571429,,100026.0428571429,,-704.3961813243513,-106.94019480245296,-597.4559865218984,48.06482904880928,106477.17297078154,100026.0428571429,93574.91274350425,38.155664492994866,36.629017249394956,767817.5360000001,4066.123790686916,26.55843203162304,2025-07-18 00:00:05,中性,看跌,看跌区域,下轨区域,看涨交叉,中性
2025-02-13,97816.3,98053.8,95160.1,96560.6,142240.526,13680787136.6768,2882655.0,70609.214,6791245532.5745,99678.25714285718,,99678.25714285718,,-756.1383907959826,-236.7798340011589,-519.3585567948237,45.09661428738002,106051.23921005323,99678.25714285718,93305.27507566113,36.732086870098875,36.671037608595206,625577.01,3982.379234209279,27.18871622815209,2025-07-18 00:00:05,中性,看跌,看跌区域,下轨区域,看涨交叉,中性
2025-02-14,96560.6,98792.8,96225.7,97445.1,144452.957,14050947379.4366,2698910.0,72407.897,7044416595.5626,99327.63809523813,,99327.63809523813,,-717.5017926236615,-332.9242257256594,-384.57756689800203,47.5534789304691,105332.68870426918,99327.63809523813,93322.58748620708,44.85957826617233,39.9157765430887,770029.967,3881.287860337188,27.330218581474373,2025-07-18 00:00:05,中性,看跌,看跌区域,下轨区域,看涨交叉,中性
2025-02-15,97445.2,97941.2,97170.0,97538.0,47418.593,4625304231.2128,1122506.0,23589.946,2301136556.0742,98986.49523809527,,98986.49523809527,,-671.6434687835426,-400.6680743372361,-270.97539444630655,47.817603428513756,104527.5698027726,98986.49523809527,93445.42067341795,49.17073931907305,43.58746815178142,817448.5599999999,3659.1387274559597,27.461613623845064,2025-07-18 00:00:05,中性,看跌,看跌区域,下轨区域,看涨交叉,中性
2025-02-16,97538.0,97665.8,96002.0,96067.0,56684.873,5495964821.8901,1178659.0,28140.784,2728106444.2334,98677.30000000003,,98677.30000000003,,-745.4052553044312,-469.6155105306751,-275.78974477375607,44.03595572487225,104109.80497933034,98677.30000000003,93244.79502066973,51.52715444782542,48.519157344356934,760763.6869999999,3516.614532637677,27.976175906598268,2025-07-18 00:00:05,中性,看跌,看跌区域,下轨区域,看涨交叉,中性
2025-02-17,96067.0,97000.0,95150.6,95743.2,105576.986,10136667892.9053,2123453.0,52837.371,5073257431.457,98378.34285714288,,98378.34285714288,,-820.5313814355613,-539.7986847116524,-280.73269672390893,43.22558636824513,103732.26092954181,98378.34285714288,93024.42478474395,40.893051929156755,47.19698189868509,655186.7009999999,3397.5277803064137,28.721912315730187,2025-07-18 00:00:05,中性,看跌,看跌区域,下轨区域,看跌交叉,中性
2025-02-18,95743.1,96737.3,93321.6,95622.0,179173.362,17034410558.3045,3299676.0,88832.523,8445742855.1069,98108.93333333336,,98108.93333333336,,-879.708473060411,-607.7806423814042,-271.9278306790069,42.907300588807956,103420.99014826382,98108.93333333336,92796.8765184029,33.325921107836315,41.915375828272836,476013.3389999999,3398.8257959988123,29.930137502645778,2025-07-18 00:00:05,中性,看跌,看跌区域,下轨区域,看跌交叉,中性
2025-02-19,95622.0,96878.7,95012.5,96598.0,124996.873,11992996490.3516,2363817.0,63086.712,6053366880.6042,97770.8285714286,,97770.8285714286,,-838.189573643278,-653.8624286337789,-184.32714500949908,46.33423318559057,102487.29680543771,97770.8285714286,93054.3603374195,34.87897223377366,36.36598175692225,601010.2119999999,3289.35252485604,30.951494485780017,2025-07-18 00:00:05,中性,看跌,看跌区域,下轨区域,看跌交叉,中性
2025-02-20,96597.9,98662.1,96366.0,98252.9,129180.172,12598925800.6449,2405719.0,64867.841,6326977120.7349,97464.92380952384,,97464.92380952384,,-664.0936886453273,-655.9086806360885,-8.1850080092388,51.63526509441802,101046.89105985838,97464.92380952384,93882.9565591893,51.580078930317484,39.9283240906425,730190.384,3218.4059159377516,30.704156829042525,2025-07-18 00:00:05,中性,看跌,看涨区域,上轨区域,看涨交叉,中性
2025-02-21,98252.8,99431.5,94830.4,96127.9,250618.273,24420588679.3015,4068903.0,124529.311,12133862614.7429,97167.21904761907,,97167.21904761907,,-689.6414290184912,-662.6552303125691,-26.986198705922106,45.42978203819003,100033.49209785907,97167.21904761907,94300.94599737908,55.59845636923985,47.35250251111034,479572.111,3317.1697790850553,30.977765691422654,2025-07-18 00:00:05,中性,看跌,看跌区域,下轨区域,看涨交叉,中性
2025-02-22,96128.0,96988.0,95701.9,96503.3,65792.15,6345520284.0928,1273107.0,32970.239,3180377726.2342,96971.96666666669,98603.31090909091,96971.96666666669,98603.31090909091,-671.8518645926961,-664.4945571685945,-7.3573074241015775,46.649577637917986,99400.48639634845,96971.96666666669,94543.44693698492,56.87408066669395,54.68420532208376,545364.2609999999,3172.093366293266,31.23183106363277,2025-07-18 00:00:05,死叉,看跌,看跌区域,下轨区域,看涨交叉,强烈看跌
2025-02-23,96503.3,96602.9,95180.2,96218.4,69298.691,6647362791.999,1246308.0,32959.317,3161812711.0947,96903.10476190477,98666.20363636366,96903.10476190477,98666.20363636366,-672.9848056882474,-666.1926068725251,-6.792198815722372,45.81262777697439,99331.18048479625,96903.10476190477,94475.0290390133,48.472151753711124,53.64822959654831,476065.56999999995,3047.1366972723185,31.640177877182484,2025-07-18 00:00:05,死叉,看跌,看跌区域,下轨区域,看跌交叉,强烈看跌
2025-02-24,96218.4,96470.0,91300.0,91514.5,217488.75,20543195679.4306,3909950.0,104378.439,9865664651.1892,96437.4285714286,98629.21454545455,96437.4285714286,98629.21454545455,-1041.4429811256414,-741.2426817231483,-300.2002994024931,34.73262928802059,99061.76306821106,96437.4285714286,93813.09407464613,34.04132321894164,46.46251854644891,258576.81999999995,3198.7697903242956,33.046242728589256,2025-07-18 00:00:05,死叉,看跌,看跌区域,突破下轨,看跌交叉,强烈看跌
2025-02-25,91514.5,92500.0,86020.4,88639.1,472296.502,41894200562.9206,8369213.0,230468.657,20442958202.1542,96005.48571428575,98521.18181818182,96005.48571428575,98521.18181818182,-1547.6293808999326,-902.5200215585052,-645.1093593414274,29.962241644600677,100178.73655050625,96005.48571428575,91832.23487806525,23.19194336997367,35.23513944754216,-213719.68200000003,3433.114805301132,35.222584462118164,2025-07-18 00:00:05,死叉,看跌,超卖,突破下轨,看跌交叉,中性
2025-02-26,88639.1,89367.1,82222.0,84208.5,401141.821,34536661991.6454,6847973.0,193276.12,16645210564.2613,95417.64285714288,98289.2,95417.64285714288,98289.2,-2280.015541624525,-1178.019125571709,-1101.9964160528161,24.400991373507765,101935.69479561648,95417.64285714288,88899.59091866929,11.235765088563126,22.82301055915949,-614861.503,3698.25660492248,37.666969493773344,2025-07-18 00:00:05,死叉,看跌,超卖,突破下轨,看跌交叉,中性
2025-02-27,84208.6,87066.0,82667.0,84668.1,269408.53,22931080203.5431,5083388.0,134703.889,11467445743.3804,94853.50000000003,98044.15272727271,94853.50000000003,98044.15272727271,-2791.176031746363,-1500.65050680664,-1290.5255249397233,25.936681060391585,102790.28733925479,94853.50000000003,86916.71266074527,15.094355545579552,16.507354668038793,-345452.973,3748.3097045708746,39.936755594596,2025-07-18 00:00:05,死叉,看跌,超卖,突破下轨,超卖交叉,中性
2025-02-28,84668.2,85084.5,78200.2,84299.6,536343.231,43686395142.1932,9672296.0,262633.603,21393439885.1645,94274.69523809527,97791.90545454543,94274.69523809527,97791.90545454543,-3189.2456347563857,-1838.369532396589,-1350.8761023597967,25.489593655760846,103351.06334821363,94274.69523809527,85198.32712797691,18.161681302828825,14.830600645657178,-881796.204,3972.309011387241,42.44038009503389,2025-07-18 00:00:05,死叉,看跌,超卖,突破下轨,超卖交叉,中性
2025-03-01,84299.6,86516.5,83779.0,86007.7,146996.671,12515888419.9825,3014683.0,74405.406,6335243654.4102,93779.25714285718,97567.67818181816,93779.25714285718,97567.67818181816,-3328.5201597955165,-2136.3996578763745,-1192.120501919142,31.39305342975394,103451.19331491934,93779.25714285718,84107.32097079503,26.571846001709588,19.942627616705998,-734799.533,3884.1083677167235,44.028433121871025,2025-07-18 00:00:05,死叉,看跌,看跌区域,下轨区域,看涨交叉,强烈看跌
2025-03-02,86007.7,94971.0,85015.0,94222.8,364711.538,32943383217.4127,6300424.0,186997.224,16884419268.0326,93674.45714285718,97422.99454545451,93674.45714285718,97422.99454545451,-2744.370911210266,-2257.993908543153,-486.3770026671132,51.35530114907767,103276.95553988968,93674.45714285718,84071.95874582468,46.989586129912006,30.57437114481682,-370087.99500000005,4317.814912879815,42.29656313580261,2025-07-18 00:00:05,死叉,看跌,看涨区域,上轨区域,看涨交叉,中性
2025-03-03,94222.0,94373.4,85029.0,86192.7,436032.402,39107649568.9303,8664891.0,212309.797,19040499467.0923,93141.7666666667,97227.94727272725,93141.7666666667,97227.94727272725,-2896.007016606891,-2385.5965301559004,-510.41048645099045,39.31383131150955,103097.71248035347,93141.7666666667,83185.82085297994,49.96177027941454,41.17440080367872,-806120.3970000001,4676.856704816971,40.688398148739076,2025-07-18 00:00:05,死叉,看跌,看跌区域,下轨区域,看涨交叉,强烈看跌
2025-03-04,86193.3,88931.0,81200.0,87245.9,432434.798,36591012063.2103,9150619.0,214743.474,18174066508.1151,92737.69523809527,97086.70727272726,92737.69523809527,97086.70727272726,-2897.791349705585,-2488.035494065837,-409.755855639748,41.259229212728336,102926.49202045758,92737.69523809527,82548.89845573297,51.90575549620923,49.619037301845275,-373685.5990000001,4895.0097973300435,39.91277644934856,2025-07-18 00:00:05,死叉,看跌,看跌区域,下轨区域,看涨交叉,强烈看跌
2025-03-05,87245.9,91000.0,86328.0,90566.1,279001.09,24826777816.6592,5960009.0,139026.346,12372571302.619,92392.44761904766,97051.43818181816,92392.44761904766,97051.43818181816,-2601.306808974303,-2510.6897570475303,-90.61705192677255,47.024645525954966,102358.40184992114,92392.44761904766,82426.49338817417,46.16470337033848,49.344076381987435,-94684.50900000008,4879.080526092183,38.562561174869174,2025-07-18 00:00:05,死叉,看跌,看跌区域,下轨区域,看跌交叉,强烈看跌
2025-03-06,90566.1,92780.3,87790.5,89887.8,303058.632,27350634937.0079,6061685.0,151593.36,13681706392.8926,92074.69523809527,96964.38909090907,92074.69523809527,96964.38909090907,-2393.4832308062178,-2487.248451799268,93.7652209930502,46.030659040236685,101913.49836826205,92074.69523809527,82235.89210792849,51.96604384407302,50.012167570206934,-397743.14100000006,4886.989059942741,36.79688723016892,2025-07-18 00:00:05,死叉,看涨,看跌区域,下轨区域,看涨交叉,中性
2025-03-07,89887.9,91257.7,84600.0,86753.8,452474.195,39785179157.3045,8215927.0,223754.968,19681724970.5957,91565.58571428576,96822.41272727269,91565.58571428576,96822.41272727269,-2453.3880259075086,-2480.476366620916,27.088340713407433,41.6500697164339,101346.4064326546,91565.58571428576,81784.7649959169,52.94001847546735,50.35692189662631,-850217.3360000001,5013.4684128039735,35.788588228297975,2025-07-18 00:00:05,死叉,看涨,看跌区域,下轨区域,看涨交叉,中性
2025-03-08,86753.8,86876.5,85108.0,86184.7,96106.187,8274279764.8036,2043283.0,47297.675,4072452064.5018,91024.95238095241,96671.22727272724,91024.95238095241,96671.22727272724,-2517.7614348796633,-2487.9333802726655,-29.82805460699774,40.88910034076788,100679.80173591929,91024.95238095241,81370.10302598553,47.987995144153956,50.96468582123146,-946323.5230000002,4781.684954746547,34.85231058370353,2025-07-18 00:00:05,死叉,看跌,看跌区域,下轨区域,看跌交叉,强烈看跌
2025-03-09,86184.7,86470.6,79933.4,80688.8,221609.348,18439154205.8068,4087644.0,106112.91,8831516359.2363,90292.65714285718,96420.38181818179,90292.65714285718,96420.38181818179,-2977.9233771241707,-2585.9313796429665,-391.9919974812042,34.3601746065563,100616.34261039429,90292.65714285718,79968.97167532006,34.17881930427711,45.035610974632824,-1167932.8710000003,4907.078886550366,34.87615475776314,2025-07-18 00:00:05,死叉,看跌,看跌区域,下轨区域,看跌交叉,强烈看跌
2025-03-10,80690.7,84031.5,77410.1,78567.8,416386.797,33576468153.0327,7504174.0,208814.004,16845572362.1905,89474.780952381,96094.07090909086,89474.780952381,96094.07090909086,-3473.7092478043487,-2763.4869532752427,-710.222294529106,32.221861352113706,100629.56668964349,89474.780952381,78319.99521511851,21.200509300868617,34.45577458309992,-1584319.6680000003,5029.530394653912,35.260725310436705,2025-07-18 00:00:05,死叉,看跌,看跌区域,下轨区域,看跌交叉,强烈看跌
2025-03-11,78567.8,83600.0,76560.0,82896.0,390779.169,31496850047.1384,6700221.0,195834.159,15789737050.2472,88868.780952381,95774.7254545454,88868.780952381,95774.7254545454,-3477.2895254277973,-2906.2474677057535,-571.0420577220439,40.376170421307464,100004.59735268945,88868.780952381,77732.96455207255,18.209360575702487,24.529563060282758,-1193540.4990000003,5173.135366464347,35.73567994289032,2025-07-18 00:00:05,死叉,看跌,看跌区域,下轨区域,看跌交叉,强烈看跌
2025-03-12,82896.0,84487.0,80578.5,83640.7,306171.124,25257040236.9463,5204106.0,151645.58,12511698555.4041,88251.7666666667,95478.42181818177,88251.7666666667,95478.42181818177,-3381.061087378621,-3001.210191640327,-379.85089573829373,41.67634297613495,99036.50721269088,88251.7666666667,77467.02612064253,26.48858966485028,21.966153180473814,-887369.3750000002,5082.804268859751,35.87159932177744,2025-07-18 00:00:05,死叉,看跌,看跌区域,下轨区域,看涨交叉,强烈看跌
2025-03-13,83640.7,84307.1,79903.4,81085.4,247960.052,20339091216.6417,4136157.0,122081.993,10013322135.9831,87434.2666666667,95061.01999999996,87434.2666666667,95061.01999999996,-3470.9794212445995,-3095.1640375611814,-375.8153836834181,38.56849978363234,97650.31857751062,87434.2666666667,77218.21475582279,32.48438433545163,25.72744485866815,-1135329.4270000001,5034.296821084055,36.10506174228662,2025-07-18 00:00:05,死叉,看跌,看跌区域,下轨区域,看涨交叉,强烈看跌
2025-03-14,81085.5,85270.2,80772.0,83939.8,233544.708,19480400183.0068,3668098.0,117011.97,9762569628.2572,86853.88095238099,94686.75636363632,86853.88095238099,94686.75636363632,-3274.17151277783,-3130.9655326045113,-143.2059801733185,43.625680020540635,96390.66437749726,86853.88095238099,77317.09752726472,34.37419658537469,31.115723528558885,-901784.7190000002,4996.004191006623,35.967318764010464,2025-07-18 00:00:05,死叉,看跌,看跌区域,下轨区域,看涨交叉,强烈看跌
2025-03-15,83939.9,84625.0,83564.5,84302.9,76674.97,6452002481.0053,1360801.0,39046.913,3285717870.9202,86272.90952380956,94377.50909090905,86272.90952380956,94377.50909090905,-3053.6995444602508,-3115.512334975659,61.812790515408324,44.25435239314085,94823.0070677586,86272.90952380956,77722.81197986052,35.573117520322995,34.14389948038312,-825109.7490000002,4714.896748791864,35.83941456989689,2025-07-18 00:00:05,死叉,看涨,看跌区域,下轨区域,看涨交叉,中性
2025-03-16,84303.0,85136.0,81925.6,82541.6,174630.7,14560229989.6632,2961719.0,87189.041,7268415968.3845,85621.63333333338,94019.21818181814,85621.63333333338,94019.21818181814,-2986.6676656420896,-3089.7434011089454,103.0757354668558,41.818222728601526,93052.57761488543,85621.63333333338,78190.68905178132,38.5728991593873,36.17340442169501,-999740.4490000003,4607.432695306731,36.02987810201613,2025-07-18 00:00:05,死叉,看涨,看跌区域,下轨区域,看涨交叉,中性
2025-03-17,82541.6,84727.1,82384.0,83962.9,182662.082,15243760952.7371,3126276.0,89902.776,7503060657.5796,85262.03333333337,93616.4618181818,85262.03333333337,93616.4618181818,-2786.733656133365,-3029.1414521138295,242.40779598046447,44.47450342339331,92234.21426105365,85262.03333333337,78289.85240561308,40.42492496487093,38.19031388152709,-817078.3670000003,4445.6946456419655,36.20673709612685,2025-07-18 00:00:05,死叉,看涨,看跌区域,下轨区域,看涨交叉,中性
2025-03-18,83963.0,83979.8,81113.5,82666.1,188897.749,15546964609.4973,3234435.0,93706.244,7712643369.0886,84977.6047619048,93234.66545454541,84977.6047619048,93234.66545454541,-2701.7809859355475,-2963.669358878173,261.88837294262567,42.56503741707407,91862.29806571295,84977.6047619048,78092.91145809666,38.954580608935025,39.317468244397766,-1005976.1160000004,4332.880742381825,36.61619633150173,2025-07-18 00:00:05,死叉,看涨,看跌区域,下轨区域,看跌交叉,中性
2025-03-19,82666.2,86990.0,82501.8,86809.8,251961.741,21278400806.1707,4041006.0,130453.798,11024873581.6721,85101.47619047624,92924.58727272724,85101.47619047624,92924.58727272724,-2273.8815322371374,-2825.711793549966,551.8302613128285,49.95825156135014,92019.88435335437,85101.47619047624,78183.06802759811,48.825237511020156,42.73491436160872,-754014.3750000003,4343.974975068837,35.7322139833344,2025-07-18 00:00:05,死叉,看涨,看跌区域,上轨区域,看涨交叉,中性
2025-03-20,86809.8,87500.0,83613.6,84183.6,242943.492,20712134490.6818,3647609.0,122401.863,10433709034.9592,85078.4047619048,92549.59636363633,85078.4047619048,92549.59636363633,-2122.216928544789,-2685.0128205489304,562.7958920041415,45.923505980092074,92005.66566619232,85078.4047619048,78151.1438576173,50.9017765236058,46.22719821452034,-996957.8670000003,4311.291048278205,34.71396545274941,2025-07-18 00:00:05,死叉,看涨,看跌区域,下轨区域,看涨交叉,中性
2025-03-21,84183.6,84813.6,83122.0,84050.3,144422.271,12128213315.5817,2379726.0,72427.426,6083061455.5987,85066.53333333337,92174.11090909087,85066.53333333337,92174.11090909087,-1989.8401942725031,-2545.978295293645,556.1381010211417,45.72166099710808,91999.94391559348,85066.53333333337,78133.12275107326,61.175873229855846,53.634295754827285,-1141380.1380000003,4124.170259115477,33.89504247127902,2025-07-18 00:00:05,死叉,看涨,看跌区域,下轨区域,看涨交叉,中性
2025-03-22,84050.3,84509.0,83589.5,83804.9,52218.652,4391946161.3191,881860.0,24657.382,2074332526.1316,84961.63809523813,91833.10727272724,84961.63809523813,91833.10727272724,-1883.0260555204586,-2413.3878473390077,530.3617918185491,45.32668926571743,91901.56835191265,84961.63809523813,78021.70783856361,62.18679404945473,58.088147934305475,-1193598.7900000003,3895.265240607229,33.134613988485086,2025-07-18 00:00:05,死叉,看涨,看跌区域,下轨区域,看涨交叉,中性
2025-03-23,83804.9,86110.9,83761.2,86044.2,90899.873,7717260188.0899,1395203.0,48358.398,4106148242.5016,84572.180952381,91542.61454545452,84572.180952381,91542.61454545452,-1599.247159854087,-2250.5597098420235,651.3125499879366,49.604832424892095,90179.51329651457,84572.180952381,78964.84860824741,73.79463741620964,65.71910156517342,-1102698.9170000004,3784.867723420998,31.736605662148627,2025-07-18 00:00:05,死叉,看涨,看跌区域,上轨区域,看涨交叉,中性
2025-03-24,86044.1,88752.0,85478.3,87463.4,210907.484,18432550277.6387,3282516.0,106592.547,9315946461.0658,84632.6904761905,91291.4109090909,84632.6904761905,91291.4109090909,-1245.4756927667186,-2049.5429064269624,804.0672136602439,52.15981976655696,90335.28137002724,84632.6904761905,78930.09958235377,80.78253109700408,72.25465418755617,-891791.4330000004,3748.355743176641,29.494287161766028,2025-07-18 00:00:05,死叉,看涨,看涨区域,上轨区域,看涨交叉,中性
2025-03-25,87463.4,88500.0,86260.0,87369.8,173505.289,15155815871.099,2768708.0,86657.037,7570229992.0026,84638.59047619051,90994.5309090909,84638.59047619051,90994.5309090909,-961.5775268975121,-1831.9498305210723,870.3723036235601,51.972668914723656,90352.22952604218,84638.59047619051,78924.95142633884,86.83436477859554,80.47051109726976,-1065296.7220000005,3640.6160472354527,27.412134268553615,2025-07-18 00:00:05,死叉,看涨,看涨区域,上轨区域,超买交叉,中性
2025-03-26,87369.9,88270.2,85816.3,86873.8,187956.695,16368183043.4019,2620341.0,90917.376,7918117145.7116,84462.7666666667,90670.83818181815,84462.7666666667,90670.83818181815,-767.7589920780738,-1619.1116628324726,851.3526707543988,50.92982709448367,89637.82354634529,84462.7666666667,79287.70978698813,84.1947558287268,83.93721723477547,-1253253.4170000006,3555.8506152900627,25.596569126967093,2025-07-18 00:00:05,死叉,看涨,看涨区域,上轨区域,超买交叉,中性
2025-03-27,86873.9,87722.4,85724.5,87191.2,163451.689,14210148345.9687,2451436.0,79508.1,6912883489.7993,84334.35714285717,90394.68363636361,84334.35714285717,90394.68363636361,-581.8378153155063,-1411.6568933290794,829.8190780135731,51.59910538487863,89080.6532352264,84334.35714285717,79588.06105048794,81.19819865495248,84.07577308742493,-1089801.7280000006,3444.5684284836293,23.94684762602997,2025-07-18 00:00:05,死叉,看涨,看涨区域,上轨区域,超买交叉,中性
2025-03-28,87191.2,87470.0,83531.7,84380.8,222284.56,18906017105.6124,3429988.0,109001.069,9269785351.1783,84221.35714285717,90099.72363636362,84221.35714285717,90099.72363636362,-653.7338983041991,-1260.0722943241033,606.3383960199042,45.660605968704864,88843.22583999536,84221.35714285717,79599.48844571899,67.32975032396776,77.57423493588233,-1312086.2880000006,3479.8349693062273,23.231813578468685,2025-07-18 00:00:05,死叉,看涨,看跌区域,上轨区域,看跌交叉,中性
2025-03-29,84380.8,84589.7,81601.0,82604.7,135513.705,11234711035.3115,2216920.0,65408.377,5422718032.783,84050.88095238099,89825.90909090907,84050.88095238099,89825.90909090907,-844.2959701807704,-1176.9170294954367,332.62105931466635,42.343883073259605,88634.44016854119,84050.88095238099,79467.3217362208,47.579121704022235,65.36902356098082,-1447599.9930000007,3444.753900070068,23.1831172516205,2025-07-18 00:00:05,死叉,看涨,看跌区域,下轨区域,看跌交叉,中性
2025-03-30,82604.8,83490.0,81501.4,82352.8,109565.925,9064725716.8179,1944059.0,53855.053,4455757412.5454,84130.11904761908,89481.52909090907,84130.11904761908,89481.52909090907,-1004.069719141844,-1142.3475674247181,138.27784828287417,41.87924816974023,88532.39914109126,84130.11904761908,79727.83895414691,26.173550653487847,47.027474227159274,-1557165.9180000008,3340.742907207921,23.168489546114937,2025-07-18 00:00:05,死叉,看涨,看跌区域,下轨区域,看跌交叉,中性
2025-03-31,82353.1,83895.8,81222.0,82517.5,212064.576,17489658395.7987,3700495.0,107182.781,8840032547.4539,84318.20000000003,89205.3036363636,84318.20000000003,89205.3036363636,-1104.6677307877835,-1134.8116000973312,30.143869309547654,42.32486326800568,88038.50851971822,84318.20000000003,80597.89148028183,18.042373066265213,30.59834847459176,-1345101.3420000006,3293.104128121641,22.946832718418666,2025-07-18 00:00:05,死叉,看涨,看跌区域,下轨区域,看跌交叉,中性
2025-04-01,82517.5,85595.5,82383.3,85120.9,197263.176,16592830383.7936,3204984.0,99985.019,8411848741.2049,84424.14761904764,88997.4436363636,84424.14761904764,88997.4436363636,-963.21639825069,-1100.492559728003,137.27616147731305,48.98331008704112,88102.90524764513,84424.14761904764,80745.38999045014,28.79439405288957,24.33677259088087,-1147838.1660000007,3287.325261827238,21.913135033563808,2025-07-18 00:00:05,死叉,看涨,看跌区域,上轨区域,看涨交叉,中性
2025-04-02,85121.0,88500.0,82300.0,82485.1,348964.378,29832752692.1704,5700524.0,175049.916,14963523237.1374,84369.11904761908,88742.3527272727,84369.11904761908,88742.3527272727,-1051.6791274794668,-1090.7298732782958,39.050745798828984,43.50686956958188,88126.83181071859,84369.11904761908,80611.40628451957,28.97767631372065,25.2714811442918,-1496802.5440000007,3495.3734574110067,20.911362217895544,2025-07-18 00:00:05,死叉,看涨,看跌区域,下轨区域,看涨交叉,中性
2025-04-03,82485.1,83889.2,81172.2,83181.5,239163.519,19745607618.6561,4066509.0,121059.01,9995687106.8884,84468.93333333338,88501.02545454542,84468.93333333338,88501.02545454542,-1053.4493098953972,-1083.273760601716,29.824450706318885,45.2485826123326,87975.40448974803,84468.93333333338,80962.46217691872,31.687023947447965,29.819698104686054,-1257639.0250000006,3439.775353310221,19.52387837574437,2025-07-18 00:00:05,死叉,看涨,看跌区域,下轨区域,看涨交叉,中性
2025-04-04,83181.7,84686.2,81624.6,83861.3,353109.206,29383845902.268,5495133.0,175192.252,14576752174.1623,84465.19523809527,88272.83272727269,84465.19523809527,88272.83272727269,-988.6020247808774,-1064.3394134375483,75.73738865667087,46.967404698358315,87974.08130714943,84465.19523809527,80956.30916904111,26.253346920856014,28.972682394008203,-904529.8190000006,3412.7628280737763,18.53953237309699,2025-07-18 00:00:05,死叉,看涨,看跌区域,下轨区域,看跌交叉,中性
2025-04-05,83861.4,84244.5,82333.8,83506.1,99574.204,8287351555.4536,1673031.0,49164.812,4092690380.8305,84427.25238095243,88037.96909090906,84427.25238095243,88037.96909090906,-954.8646700640093,-1042.4444647628404,87.57979469883117,46.15213032456435,87959.492157428,84427.25238095243,80895.01260447685,30.925618090187157,29.62199631949704,-1004104.0230000006,3305.472626068506,17.625496799210136,2025-07-18 00:00:05,死叉,看涨,看跌区域,下轨区域,看涨交叉,中性
2025-04-06,83506.1,83790.5,77111.0,78390.0,281191.753,22582931441.791,4458658.0,135853.523,10906301844.5319,84229.55714285719,87692.71090909086,84229.55714285719,87692.71090909086,-1325.6725583050575,-1099.0900834712838,-226.58247483377363,36.36169328641473,88540.66678923623,84229.55714285719,79918.44749647814,25.751755957772314,27.643573656271823,-1285295.7760000005,3546.4745813493273,17.823427272900947,2025-07-18 00:00:05,死叉,看跌,看跌区域,突破下轨,看跌交叉,强烈看跌
2025-04-07,78390.1,81200.0,74457.0,79140.0,693843.503,53937100469.049,10521238.0,346063.905,26911968310.812,83999.89523809528,87391.04909090904,83999.89523809528,87391.04909090904,-1541.255119652822,-1187.5230907075916,-353.73202894523047,38.42388727812848,88826.40137833645,83999.89523809528,79173.38909785412,25.04188460199593,27.23975288331846,-591452.2730000005,3774.797825538661,18.68475257475083,2025-07-18 00:00:05,死叉,看跌,看跌区域,突破下轨,看跌交叉,强烈看跌
2025-04-08,79140.1,80832.1,76200.1,76297.9,328409.534,25796580911.5206,5357269.0,164156.315,12892077293.0506,83696.64761904765,86999.80545454542,83696.64761904765,86999.80545454542,-1919.3149028209882,-1333.881453130271,-585.4334496907172,33.93606947905798,89517.95785304438,83696.64761904765,77875.33738505092,19.14787539963226,23.31383865313349,-919861.8070000005,3836.0265522859,19.484554640754293,2025-07-18 00:00:05,死叉,看跌,看跌区域,突破下轨,看跌交叉,强烈看跌
2025-04-09,76298.0,83554.9,74578.5,82588.0,560649.862,44072322884.0975,8799174.0,279060.371,21941548090.1517,83495.60952380956,86745.75818181815,83495.60952380956,86745.75818181815,-1691.8686941599153,-1405.4789013362,-286.3897928237154,48.322117507052326,89162.53640710068,83495.60952380956,77828.68264051844,34.78577701820599,26.325179006611382,-359211.94500000053,4203.196084265478,19.075235991473622,2025-07-18 00:00:05,死叉,看跌,看跌区域,下轨区域,看涨交叉,强烈看跌
2025-04-10,82587.9,82706.9,78416.0,79560.2,293662.1,23687469484.8299,4989231.0,144665.485,11670843510.5127,83275.44761904764,86420.57818181816,83275.44761904764,86420.57818181816,-1735.9234458452702,-1471.5678102380139,-264.3556356072563,43.42063369567002,89172.90529975075,83275.44761904764,77377.98993834453,35.78318972679151,29.905614048209912,-652874.0450000005,4209.460649675087,18.695154388570142,2025-07-18 00:00:05,死叉,看跌,看跌区域,下轨区域,看涨交叉,强烈看跌
2025-04-11,79560.3,84300.0,78935.5,83378.3,295777.871,24267636755.0135,4822203.0,150572.211,12356304190.9968,83243.44761904764,86163.12909090906,83243.44761904764,86163.12909090906,-1446.078895788567,-1466.4700273481244,20.39113155955738,50.27075522982313,89131.02478509463,83243.44761904764,77355.87045300065,52.589665076313246,41.05287727377024,-357096.1740000005,4291.96346041258,17.71078375240832,2025-07-18 00:00:05,死叉,看涨,看涨区域,上轨区域,看涨交叉,中性
2025-04-12,83378.3,85884.2,82756.0,85237.8,158002.837,13313650656.6862,2750499.0,82997.381,6994512695.9162,83311.680952381,85966.23454545451,83311.680952381,85966.23454545451,-1054.1769959345693,-1384.0114210654133,329.834425130844,53.24001457579467,89256.63730613582,83311.680952381,77366.72459862617,58.87939424149638,49.08408301486704,-199093.33700000052,4208.837498954539,16.67047578045945,2025-07-18 00:00:05,死叉,看涨,看涨区域,上轨区域,看涨交叉,中性
2025-04-13,85237.9,86100.0,82991.5,83713.7,207038.38,17457667797.3317,3377742.0,104685.133,8828549442.2567,83200.7047619048,85747.51636363634,83200.7047619048,85747.51636363634,-856.6985616223683,-1278.5488491768042,421.8502875544359,50.57456548333937,89023.23057136206,83200.7047619048,77378.17895244753,68.73839872771727,60.0691526818423,-406131.7170000005,4130.241963314929,15.78157854489689,2025-07-18 00:00:05,死叉,看涨,看涨区域,上轨区域,看涨交叉,中性
2025-04-14,83713.8,85755.0,83630.9,84553.9,209349.356,17726843976.2684,3632120.0,105627.155,8944536222.2804,83062.15714285718,85546.27818181817,83062.15714285718,85546.27818181817,-625.1915425843472,-1147.8773878583129,522.6858452739657,52.001212048086344,88604.06584055188,83062.15714285718,77520.24844516248,71.52887559638253,66.38222285519872,-196782.36100000053,3986.9461087924346,14.95617396901737,2025-07-18 00:00:05,死叉,看涨,看涨区域,上轨区域,看涨交叉,中性
2025-04-15,84553.9,86443.0,83560.0,83608.7,184522.182,15709860552.1604,3121181.0,92743.662,7897738727.0453,82883.05714285717,85310.10909090907,82883.05714285717,85310.10909090907,-512.0872793199669,-1020.7193661506437,508.6320868306768,50.2441889992314,88089.4864497692,82883.05714285717,77676.62783594514,67.66194307958885,69.30973913456289,-381304.5430000005,3908.0928153072605,14.460479378469799,2025-07-18 00:00:05,死叉,看涨,看涨区域,上轨区域,看跌交叉,中性
2025-04-16,83608.6,85493.5,83063.9,83990.0,209441.418,17600465000.7882,3500261.0,104313.038,8765949261.3331,82745.73333333337,85050.78363636362,82745.73333333337,85050.78363636362,-387.21998155649635,-894.0194892318143,506.79950767531795,50.963980929367324,87668.26726669107,82745.73333333337,77823.19939997567,72.20115307208975,70.46399058268706,-171863.12500000052,3802.486185642457,13.77013569079317,2025-07-18 00:00:05,死叉,看涨,看涨区域,上轨区域,看涨交叉,中性
2025-04-17,83990.1,85441.5,83700.0,84915.0,141033.195,11925437240.4436,2398235.0,72010.546,6090740216.0383,82637.34285714288,84846.91272727269,82637.34285714288,84846.91272727269,-211.18754049899871,-757.4530994852512,546.2655589862525,52.749756294323134,87254.31697015873,82637.34285714288,78020.36874412703,77.31845801080318,72.39385138749394,-30829.930000000517,3655.272886667996,13.129102266522013,2025-07-18 00:00:05,死叉,看涨,看涨区域,上轨区域,看涨交叉,中性
2025-04-18,84914.9,85100.0,84260.0,84421.0,55218.842,4669701038.4181,1026255.0,27406.677,2318092065.5433,82639.25714285717,84627.23454545451,82639.25714285717,84627.23454545451,-110.27109761351312,-628.0166991109036,517.7456014973905,51.66757603108986,87259.1535616369,82639.25714285717,78019.36072407744,83.30552311029537,77.6083780643961,-86048.77200000052,3454.1819661917107,12.533856943984512,2025-07-18 00:00:05,死叉,看涨,看涨区域,上轨区域,看涨交叉,中性
2025-04-19,84421.0,85600.0,84317.2,85046.9,73380.566,6243873371.14,1278384.0,37104.342,3157189773.8348,82755.5523809524,84424.11636363633,82755.5523809524,84424.11636363633,19.98048695619218,-498.4172618974844,518.3977488536766,52.98368080267322,87487.7039912976,82755.5523809524,78023.4007706072,86.24478558318037,82.28958890142631,-12668.206000000515,3299.0832543208744,12.227139019196995,2025-07-18 00:00:05,死叉,看涨,看涨区域,上轨区域,超买交叉,中性
2025-04-20,85046.9,85283.6,83900.0,85138.8,90651.818,7672458746.815,1426040.0,44964.07,3805208941.1624,82888.21904761907,84308.19454545452,82888.21904761907,84308.19454545452,129.13280549990304,-372.90724841800693,502.04005391791,53.185252621535575,87722.86897205631,82888.21904761907,78053.56912318183,86.86717837477056,85.47249568941544,77983.61199999948,3162.263021869384,11.698913798445968,2025-07-18 00:00:05,死叉,看涨,看涨区域,上轨区域,超买交叉,中性
2025-04-21,85138.9,88418.2,85100.0,87466.0,274069.871,23894438019.9122,3962240.0,142309.183,12402163704.5237,83123.86190476193,84286.86545454543,83123.86190476193,84286.86545454543,398.82498891165596,-218.56080095207435,617.3857898637303,58.08580664501935,88331.2783483578,83123.86190476193,77916.44546116606,90.19700315941793,87.76965570578962,352053.4829999995,3173.4013774501423,12.588543694823747,2025-07-18 00:00:05,死叉,看涨,看涨区域,上轨区域,超买交叉,中性
2025-04-22,87466.0,94142.5,87017.5,93404.9,334005.081,30146810687.6233,4829876.0,177605.55,16036484444.5302,83518.33809523813,84454.07272727271,83518.33809523813,84454.07272727271,1079.3356740472082,41.01849404778213,1038.3171799994261,67.4500017599061,90290.9576065942,83518.33809523813,76745.71858388206,92.82285834936336,89.96234662785061,686058.5639999995,3455.6584219179895,14.96052746055222,2025-07-18 00:00:05,死叉,看涨,看涨区域,突破上轨,超买交叉,中性
2025-04-23,93404.9,94904.3,91898.0,93632.1,232748.428,21736791484.5585,3900078.0,115506.413,10789641621.999,84049.14761904764,84617.05454545454,84049.14761904764,84617.05454545454,1618.323411130099,356.4794774642455,1261.8439336658535,67.74687302676054,92050.48838922095,84049.14761904764,76047.80684887433,93.87794289942588,92.29926813606905,918806.9919999996,3423.5613917809906,17.315198693065838,2025-07-18 00:00:05,死叉,看涨,看涨区域,突破上轨,超买交叉,中性
2025-04-24,93632.2,93980.6,91619.0,93931.6,157092.728,14589477688.5148,2683732.0,80302.4,7459609794.2643,84561.05714285717,84792.1818181818,84561.05714285717,84792.1818181818,2046.0565565810248,694.3948932876015,1351.6616632934233,68.1591368360349,93585.04220101041,84561.05714285717,75537.07208470393,94.1409275653134,93.61390960470088,1075899.7199999997,3347.7070066537776,19.34044502260941,2025-07-18 00:00:05,死叉,看涨,看涨区域,突破上轨,超买交叉,中性
2025-04-25,93931.5,95769.6,92788.0,94591.8,191830.477,18114328489.7902,3288571.0,94332.019,8908813873.0707,85072.03333333337,84948.25636363633,85072.03333333337,84948.25636363633,2410.5237610615877,1037.6206668423988,1372.903094219189,69.09684895050785,95044.97501548135,85072.03333333337,75099.09165118539,92.38081369656875,93.46656138710267,1267730.1969999997,3321.5565061785082,21.59098248391217,2025-07-18 00:00:05,金叉,看涨,看涨区域,上轨区域,超买交叉,强烈看涨
2025-04-26,94591.8,95157.1,93833.0,94575.7,72538.209,6848477987.1194,1340715.0,35871.715,3386854791.019,85599.15714285716,84954.67272727271,85599.15714285716,84954.67272727271,2667.3203029074793,1363.5605940554149,1303.7597088520645,69.0434488332371,96326.91556145842,85599.15714285716,74871.39872425591,91.83829523412317,92.78667883200177,1195191.9879999997,3178.8810414514724,23.680767269407593,2025-07-18 00:00:05,金叉,看涨,看涨区域,上轨区域,超买交叉,强烈看涨
2025-04-27,94575.7,95280.5,93547.3,93697.1,83816.183,7891352346.555,1503584.0,42053.018,3960324881.5631,86328.0666666667,85091.11636363633,86328.0666666667,85091.11636363633,2768.029612867569,1644.4543978178458,1123.5752150497233,66.04382898471164,97077.52906249558,86328.0666666667,75578.60427083781,88.43152065056135,90.8835431937511,1111375.8049999997,3075.6181099192245,25.43434176314614,2025-07-18 00:00:05,金叉,看涨,看涨区域,上轨区域,超买交叉,强烈看涨
2025-04-28,93697.0,95578.8,92700.0,94969.0,194420.716,18333704018.2604,2926262.0,97737.227,9216963298.6244,87081.8285714286,85231.53636363633,87081.8285714286,85231.53636363633,2916.850529641233,1898.9336241825233,1017.9169054587098,68.19783485228344,97928.8915816255,87081.8285714286,76234.7655612317,89.34799491732728,89.87260360067062,1305796.5209999997,3061.559673496423,26.50676840932707,2025-07-18 00:00:05,金叉,看涨,看涨区域,上轨区域,超买交叉,强烈看涨
2025-04-29,94969.0,95426.4,93678.7,94200.1,147831.794,14010734428.5148,2481112.0,74470.172,7059198792.2364,87934.31428571432,85297.60909090906,87934.31428571432,85297.60909090906,2938.8708999950613,2106.921079345031,831.9498206500302,65.49309642931065,98046.29564368336,87934.31428571432,77822.33292774529,88.34486359140648,88.70812638643172,1157964.7269999997,2967.7125539609638,27.50259315220936,2025-07-18 00:00:05,金叉,看涨,看涨区域,上轨区域,超买交叉,强烈看涨
2025-04-30,94200.1,95186.5,92848.1,94125.1,170929.31,16099511642.4903,2588053.0,85918.517,8092754197.7229,88483.70000000004,85374.65090909087,88483.70000000004,85374.65090909087,2916.6490146597935,2268.8666664079838,647.7823482518097,65.22137697540352,98627.69479926857,88483.70000000004,78339.7052007315,89.24034220613534,88.97773357162303,987035.4169999997,2922.7616572494658,27.862202303424365,2025-07-18 00:00:05,金叉,看涨,看涨区域,上轨区域,超买交叉,强烈看涨
2025-05-01,94125.2,97388.0,94086.7,96423.3,184526.755,17724494702.1216,2825368.0,96525.42,9270272677.558,89286.70476190481,85550.45999999996,89286.70476190481,85550.45999999996,3049.332733959396,2424.9598799182663,624.3728540411298,69.40953049117536,99143.73567166987,89286.70476190481,79429.67385213975,88.95661735274582,88.8472743834292,1171562.1719999998,2949.8001103030756,28.863581885695748,2025-07-18 00:00:05,金叉,看涨,看涨区域,上轨区域,超买交叉,强烈看涨
2025-05-02,96423.2,97865.4,96283.1,96831.2,139197.526,13503167893.5523,2240247.0,68734.402,6668888338.8506,89927.3190476191,85744.03272727269,89927.3190476191,85744.03272727269,3151.076015644736,2570.1831070635603,580.8929085811756,70.09780834866575,99912.90483068125,89927.3190476191,79941.73326455694,90.60571025125876,89.6008899367133,1310759.6979999999,2852.121530995712,29.92350977933291,2025-07-18 00:00:05,金叉,看涨,超买,上轨区域,超买交叉,中性
2025-05-03,96831.2,96868.4,95700.0,95803.3,71420.629,6871382895.5311,1207124.0,34360.578,3306264200.8317,90430.43809523813,86018.84181818178,90430.43809523813,86018.84181818178,3112.8819939948444,2678.7228844498172,434.15910954502715,66.06392030020207,100484.6478931703,90430.43809523813,80376.22829730596,90.22549777430224,89.92927512610227,1239339.069,2731.8557073531606,30.501425141149387,2025-07-18 00:00:05,金叉,看涨,看涨区域,上轨区域,超买交叉,强烈看涨
2025-05-04,95803.3,96266.6,94116.4,94230.2,94260.877,8988011491.011,1550180.0,46059.52,4393531982.4587,90931.22380952386,86303.6127272727,90931.22380952386,86303.6127272727,2921.994005591143,2727.3771086780825,194.61689691306037,60.3409475794494,100638.99746334832,90931.22380952386,81223.4501556994,83.11726666872927,87.98282489809675,1145078.1919999998,2690.30887111365,30.015187147243832,2025-07-18 00:00:05,金叉,看涨,看涨区域,上轨区域,超买交叉,强烈看涨
2025-05-05,94230.2,95165.1,93445.1,94696.7,154902.375,14600852881.6568,2364149.0,78619.623,7411253704.9874,91414.21428571433,86518.17090909088,91414.21428571433,86518.17090909088,2776.352487547323,2737.1721844519307,39.180303095392446,61.40859516675402,100808.98730119935,91414.21428571433,82019.44127022932,75.84899433246567,83.0639195918324,1299980.5669999998,2621.0010946055327,29.164100670905277,2025-07-18 00:00:05,金叉,看涨,看涨区域,上轨区域,看跌交叉,强烈看涨
2025-05-06,94696.7,96879.5,93327.0,96798.9,173683.066,16444015298.9578,2556838.0,87234.117,8263124302.7006,92042.3190476191,86757.41090909089,92042.3190476191,86757.41090909089,2798.3034066007676,2749.3984288816982,48.90497771906939,65.86779560765645,101020.15630560603,92042.3190476191,83064.48178963216,75.07964224977208,78.01530108365567,1473663.633,2687.5367307051374,29.02095509005414,2025-07-18 00:00:05,金叉,看涨,看涨区域,上轨区域,看跌交叉,强烈看涨
2025-05-07,96798.9,97700.0,95718.5,96988.4,185267.142,17927424779.6889,2739288.0,92439.664,8946083419.8699,92661.29047619051,87046.55636363634,92661.29047619051,87046.55636363634,2798.728731709867,2759.264489447332,39.46424226253521,66.24641786588141,101109.86247317231,92661.29047619051,84212.7184792087,79.8919388290468,76.94019180376152,1658930.775,2637.1055356547704,29.16868043543843,2025-07-18 00:00:05,金叉,看涨,看涨区域,上轨区域,看涨交叉,强烈看涨
2025-05-08,96988.4,104305.3,96831.5,103228.1,317422.469,31823810370.5613,4445990.0,167054.489,16750638859.9604,93533.3428571429,87397.2527272727,93533.3428571429,87397.2527272727,3264.9214652658848,2860.3958846110427,404.5255806548421,75.77525960726645,102375.00722374734,93533.3428571429,84691.67849053846,86.53470412761789,80.50209506881225,1976353.244,2982.5837116794296,30.87424783734232,2025-07-18 00:00:05,金叉,看涨,超买,突破上轨,超买交叉,中性
2025-05-09,103228.0,104373.0,102240.0,102941.9,172883.922,17811570329.7221,3180781.0,84963.515,8754550700.1199,94415.29047619051,87736.1436363636,94415.29047619051,87736.1436363636,3570.13433098339,3002.3435738855123,567.7907570978778,74.73312459219503,103139.31960823498,94415.29047619051,85691.26134414604,88.13934362198897,84.85532885955122,1803469.322,2921.8991608451843,32.46974311724956,2025-07-18 00:00:05,金叉,看涨,超买,上轨区域,超买交叉,中性
2025-05-10,102941.9,105000.1,102784.0,104788.8,104384.537,10820371034.8627,1979353.0,53276.115,5524151294.8332,95355.38095238099,88140.63818181815,95355.38095238099,88140.63818181815,3915.906982688175,3185.056255646045,730.8507270421301,76.93738796252653,104093.41364054804,95355.38095238099,86617.34826421394,92.2467485812366,88.97359877694782,1907853.859,2871.484935070529,34.06416932413264,2025-07-18 00:00:05,金叉,看涨,超买,突破上轨,超买交叉,中性
2025-05-11,104788.8,104950.0,103283.3,104072.7,139136.421,14486322662.4281,2552705.0,67115.638,6988278773.1364,96256.99523809527,88506.27090909088,96256.99523809527,88506.27090909088,4085.0609749618598,3365.0571995092077,720.003775452652,74.23327072403562,104484.66551425595,96256.99523809527,88029.3249619346,92.82747854754076,91.07119025025544,1768717.4379999998,2785.428868279777,35.544707944809794,2025-07-18 00:00:05,金叉,看涨,超买,上轨区域,超买交叉,中性
2025-05-12,104072.7,105863.1,100678.0,102739.3,256542.699,26551603069.1406,4171603.0,125366.635,12980428383.5514,96984.29523809528,88871.23818181816,96984.29523809528,88871.23818181816,4064.667538994385,3504.9792674062433,559.6882715881416,69.3458469601125,104656.46928981529,96984.29523809528,89312.12118637527,88.9136049999204,91.32927737623258,1512174.7389999998,2956.833949116936,35.371819120543776,2025-07-18 00:00:05,金叉,看涨,看涨区域,上轨区域,超买交叉,强烈看涨
2025-05-13,102739.3,104949.2,101400.0,104082.0,162368.328,16783134050.1225,3009395.0,80743.479,8346771098.0106,97492.72857142861,89185.27818181817,97492.72857142861,89185.27818181817,4109.47874968659,3625.8791638623125,483.5995858242777,71.38863452979169,105553.96546272926,97492.72857142861,89431.49168012796,84.92456944721607,88.88855099822574,1674543.0669999998,2999.145809894297,35.211279498011045,2025-07-18 00:00:05,金叉,看涨,超买,上轨区域,超买交叉,中性
2025-05-14,104082.0,104319.0,102536.0,103458.1,126264.097,13068576865.3795,2289025.0,61671.893,6383482493.223,97960.63333333338,89535.72363636362,97960.63333333338,89535.72363636362,4047.985780859264,3710.300487261703,337.6852935975612,69.0848729634954,106209.69858792903,97960.63333333338,89711.56807873772,81.04296318369059,84.96037921027568,1548278.9699999997,2912.2782520447045,35.062206991373515,2025-07-18 00:00:05,金叉,看涨,看涨区域,上轨区域,超买交叉,强烈看涨
2025-05-15,103458.1,104162.8,101270.8,103714.5,176344.106,18109801387.1545,3256600.0,87513.73,8988229367.1175,98426.48571428575,89893.25454545453,98426.48571428575,89893.25454545453,3974.1301980930293,3763.066429427968,211.06376866506116,69.52019273105495,106816.54379939692,98426.48571428575,90036.42762917458,83.33037484760274,83.09930249283646,1724623.0759999997,2910.8298054700826,34.17964299191591,2025-07-18 00:00:05,金叉,看涨,看涨区域,上轨区域,超买交叉,强烈看涨
2025-05-16,103714.2,104524.2,103062.3,103412.2,115513.049,11990203384.412,2303834.0,57430.06,5961446585.3613,98846.5047619048,90249.75090909089,98846.5047619048,90249.75090909089,3846.8618047794007,3779.8255044982548,67.03630028114594,68.29907652652174,107309.43725410278,98846.5047619048,90383.57226970681,81.37512198105203,81.91615333744845,1609110.0269999998,2807.334819365077,33.4899040443347,2025-07-18 00:00:05,金叉,看涨,看涨区域,上轨区域,超买交叉,强烈看涨
2025-05-17,103412.2,103658.0,102541.6,103079.6,90372.669,9316018419.6171,1899774.0,44461.16,4583342965.4596,99251.45238095243,90559.48545454543,99251.45238095243,90559.48545454543,3676.7790259179455,3759.216208782193,-82.43718286424746,66.90661292132711,107671.91641467893,99251.45238095243,90830.98834722592,80.36869520823859,81.69139734563112,1518737.3579999998,2686.5537608389996,32.53642397473166,2025-07-18 00:00:05,金叉,看跌,看涨区域,上轨区域,超买交叉,中性
2025-05-18,103079.5,106629.8,103052.2,106407.6,173224.284,18124062039.3125,3286266.0,89890.052,9409858684.5056,99856.71428571433,90903.92545454542,99856.71428571433,90903.92545454542,3767.1041532952368,3760.7937976848016,6.310355610435181,72.86742904071741,108419.24131908729,99856.71428571433,91294.18725234138,85.5250207590214,82.42294598277067,1691961.6419999998,2750.1999207790714,32.665440024093286,2025-07-18 00:00:05,金叉,看涨,超买,上轨区域,超买交叉,中性
2025-05-19,106407.5,107114.3,102038.8,105531.6,257825.604,26840364600.388,4455918.0,126416.817,13162993464.0348,100359.69523809529,91234.13999999996,100359.69523809529,91234.13999999996,3725.061399493454,3753.647318046532,-28.585918553078045,69.32764764739503,108955.54532885058,100359.69523809529,91763.84514733999,88.21546492920454,84.70306029882151,1434136.0379999997,2916.2927835805663,32.19698296975999,2025-07-18 00:00:05,金叉,看跌,看涨区域,上轨区域,超买交叉,中性
2025-05-20,105531.5,107292.5,104115.2,106800.1,226187.246,23924084086.0768,3940207.0,116062.335,12276681726.7015,100959.69523809529,91596.43636363631,100959.69523809529,91596.43636363631,3750.861961050541,3753.0902466473335,-2.228285596792375,71.48761686695775,109510.86952236042,100959.69523809529,92408.52095383016,94.19863558936238,89.31304042586277,1660323.2839999998,2934.9361561819546,31.8225568536651,2025-07-18 00:00:05,金叉,看跌,超买,上轨区域,超买交叉,中性
2025-05-21,106800.0,110830.0,106037.9,109609.5,413589.854,44576303267.8202,6189752.0,209506.079,22586385067.0068,101697.04761904766,92004.04181818177,101697.04761904766,92004.04181818177,3952.442891489278,3792.9607756157225,159.48211587355536,75.58789645341695,110432.12768521358,101697.04761904766,92961.96755288175,91.84914683779031,91.42108245211908,2073913.1379999998,3067.5907164546725,32.50272898214474,2025-07-18 00:00:05,金叉,看涨,超买,上轨区域,超买交叉,中性
2025-05-22,109609.6,111959.5,109153.4,111662.7,246067.033,27295716075.3018,4612376.0,124614.99,13824511909.0629,102422.73333333337,92500.07636363631,102422.73333333337,92500.07636363631,4229.122618853085,3880.193144263195,348.92947458989056,78.07000539228655,111793.67446924253,102422.73333333337,93051.7921974242,94.79866321569932,93.61548188095067,2319980.1709999996,3048.912808136482,33.40011752312982,2025-07-18 00:00:05,金叉,看涨,超买,上轨区域,超买交叉,中性
2025-05-23,111662.6,111770.4,106721.9,107271.5,279480.347,30543709259.4438,4943362.0,136446.687,14911670323.1349,102919.89047619053,92948.56363636359,102919.89047619053,92948.56363636359,4047.4041987665696,3913.63535516387,133.7688436026997,63.256511069613076,112158.33135431724,102919.89047619053,93681.44959806382,82.36519836190718,89.67100280513228,2040499.8239999996,3191.740464698162,32.90480321741887,2025-07-18 00:00:05,金叉,看涨,看涨区域,上轨区域,超买交叉,强烈看涨
2025-05-24,107271.6,109440.2,106836.0,107698.9,165158.758,17895241893.0697,2838855.0,79136.43,8574692907.3595,103486.34761904768,93409.40181818178,103486.34761904768,93409.40181818178,3893.002539738489,3909.5087920787937,-16.506252340304854,63.97304513903078,112361.52296210015,103486.34761904768,94611.17227599521,72.68271063245135,83.28219073668595,2205658.5819999995,3149.773288648293,32.444868504972995,2025-07-18 00:00:05,金叉,看跌,看涨区域,上轨区域,看跌交叉,中性
2025-05-25,107699.0,109285.1,106497.0,108955.9,159465.803,17159184232.0091,2938731.0,76863.251,8270758952.8013,104187.5714285715,93890.09999999996,104187.5714285715,93890.09999999996,3827.941381927434,3893.1953100485216,-65.25392812108748,66.06880287771074,112322.73430916698,104187.5714285715,96052.40854797601,64.68495619672323,73.24428839702726,2365124.3849999993,3123.9394823162725,31.834307867137944,2025-07-18 00:00:05,金叉,看跌,看涨区域,上轨区域,看跌交叉,中性
2025-05-26,108956.0,110400.0,108616.6,109386.8,146992.22,16103265896.3352,2776585.0,73695.689,8074191754.9952,104887.10000000006,94331.29818181814,104887.10000000006,94331.29818181814,3767.718065899666,3868.0998612187504,-100.38179531908463,66.78216612676091,112113.0952267548,104887.10000000006,97661.10477324533,70.51342737290314,69.29369806735924,2512116.6049999995,3028.186662150824,31.63216712957747,2025-07-18 00:00:05,金叉,看跌,看涨区域,上轨区域,看涨交叉,中性
2025-05-27,109386.8,110700.0,107438.0,108889.3,223599.905,24452829099.8677,4065296.0,109504.224,11977737990.2288,105462.8333333334,94811.3745454545,105462.8333333334,94811.3745454545,3637.910988488744,3822.062086672749,-184.15109818400515,65.08092245094207,111903.27943066489,105462.8333333334,99022.38723600192,73.52758139661817,69.57532165541487,2288516.6999999997,3044.8876148543363,30.790419314598157,2025-07-18 00:00:05,金叉,看跌,看涨区域,上轨区域,看涨交叉,中性
2025-05-28,108889.2,109252.6,106723.9,107723.1,158417.759,17119395349.8769,3009662.0,77490.091,8375382654.4362,105974.0095238096,95257.5854545454,105974.0095238096,95257.5854545454,3401.72241230082,3737.9941517983634,-336.2717394975434,61.14853148902243,111239.74834824701,105974.0095238096,100708.27069937218,69.19082769653937,71.07727882202023,2130098.9409999996,3008.01707093617,29.629875179182296,2025-07-18 00:00:05,金叉,看跌,看涨区域,上轨区域,看跌交叉,中性
2025-05-29,107723.1,108860.0,105054.2,105539.9,213101.255,22850297579.7762,3867631.0,103190.568,11066419508.3205,106084.09523809531,95651.74181818178,106084.09523809531,95651.74181818178,3003.7499105889146,3591.1453035564737,-587.395392967559,54.50846933029445,111210.42250389079,106084.09523809531,100957.76797229983,55.6442279474536,66.12087901353705,1916997.6859999998,3065.001565869301,27.731765936403974,2025-07-18 00:00:05,金叉,看跌,看涨区域,下轨区域,看跌交叉,中性
2025-05-30,105539.9,106266.0,103555.0,103950.0,219701.302,23083176001.5792,4162110.0,106922.492,11234606621.3492,106132.10000000006,96023.44909090907,106132.10000000006,96023.44909090907,2530.887695166879,3379.0937818785546,-848.2060867116757,50.23070952002742,111157.72087061747,106132.10000000006,101106.47912938266,38.307081960587375,54.38071253486012,1697296.3839999998,3039.7157397357796,26.183309667516024,2025-07-18 00:00:05,金叉,看跌,看涨区域,下轨区域,看跌交叉,中性
2025-05-31,103949.9,104859.3,103032.1,104544.7,103607.84,10771231013.7278,2173534.0,50579.791,5258359962.0428,106120.47619047629,96498.98909090906,106120.47619047629,96498.98909090906,2179.0100312873255,3139.0770317603087,-960.0670004729832,51.75585011145812,111159.58209109485,106120.47619047629,101081.37028985772,26.60497747134775,40.185429126462914,1800904.224,2953.107472611795,24.96110361457657,2025-07-18 00:00:05,金叉,看跌,看涨区域,下轨区域,看跌交叉,中性
2025-06-01,104544.6,105823.6,103704.1,105583.3,97420.24,10189734693.2765,1959949.0,48780.478,5102309101.6038,106192.40952380959,96979.77636363634,106192.40952380959,96979.77636363634,1961.3416617943585,2903.5299577671185,-942.18829597276,54.38486163775501,111155.08155556997,106192.40952380959,101229.73749204921,26.750800514748608,30.554286648894585,1898324.464,2893.5640817109525,23.358801924126873,2025-07-18 00:00:05,金叉,看跌,看涨区域,下轨区域,看跌交叉,中性
2025-06-02,105583.3,105900.0,103600.6,105814.3,158252.918,16568774033.5745,2994803.0,78240.684,8191502071.4922,106338.83809523817,97516.43818181814,106338.83809523817,97516.43818181814,1786.8796439660364,2680.199895006902,-893.3202510408655,54.972585317543896,111060.95082798871,106338.83809523817,101616.72536248763,30.717453577851586,28.024410521315986,2056577.382,2851.12379016017,21.91889694365675,2025-07-18 00:00:05,金叉,看跌,看涨区域,下轨区域,看涨交叉,中性
2025-06-03,105814.4,106775.0,104822.4,105330.1,139216.007,14728115908.7851,2606908.0,69730.139,7376563889.4207,106398.2714285715,97929.93090909086,106398.2714285715,97929.93090909086,1591.2039360496565,2462.4007032154527,-871.1967671657962,53.41892238666578,111035.93065099603,106398.2714285715,101760.61220614698,30.878010550271636,29.44875488095728,1917361.375,2786.9435194344437,20.559595226768177,2025-07-18 00:00:05,金叉,看跌,看涨区域,下轨区域,看涨交叉,中性
2025-06-04,105330.1,105967.2,104111.7,104641.8,118534.125,12459563151.8403,2227909.0,58621.741,6162868431.131,106454.63809523816,98385.95999999995,106454.63809523816,98385.95999999995,1364.8562567869667,2242.8918139297557,-878.035557142789,51.20354196275321,110975.2838289125,106454.63809523816,101933.99236156381,24.978903898858196,28.85812267566048,1798827.25,2720.4118394748407,19.245381046281157,2025-07-18 00:00:05,金叉,看跌,看涨区域,下轨区域,看跌交叉,中性
2025-06-05,104641.8,105878.3,100305.1,101458.6,246238.674,25426533952.9847,4120064.0,117166.339,12100737396.2756,106347.21428571435,98714.69272727268,106347.21428571435,98714.69272727268,918.0339296519523,1977.920237074195,-1059.8863074222427,42.43799721921101,111216.94491687682,106347.21428571435,101477.48365455188,17.9442583378163,24.60039092898205,1552588.576,2924.1824223694944,19.56685125238977,2025-07-18 00:00:05,金叉,看跌,看跌区域,突破下轨,看跌交叉,中性
2025-06-06,101458.7,105283.0,101003.4,104240.0,174300.906,18075103218.6038,2910225.0,86445.603,8964620452.0324,106386.63333333339,99060.18727272721,106386.63333333339,99060.18727272721,779.3755943792057,1738.211308535197,-958.8357141559914,50.42408141293756,111173.38814031653,106386.63333333339,101599.87852635025,21.981979269401666,21.635047168692058,1726889.4819999998,3020.9979636288163,19.8653593009192,2025-07-18 00:00:05,金叉,看跌,看涨区域,下轨区域,看涨交叉,中性
2025-06-07,104240.1,105878.3,103800.1,105507.5,79833.173,8393331490.526,1510843.0,42203.459,4437639700.7316,106502.24761904767,99456.43818181813,106502.24761904767,99456.43818181813,762.9694844717305,1543.1629437225038,-780.1934592507732,53.584401994759304,111076.48332064264,106502.24761904767,101928.0119174527,32.654183881993504,24.19347382973716,1806722.6549999998,2953.6552519410434,19.802468229698782,2025-07-18 00:00:05,金叉,看跌,看涨区域,下轨区域,看涨交叉,中性
2025-06-08,105507.5,106482.6,104927.4,105676.5,75105.104,7939013396.4349,1397725.0,38745.874,4096542593.3356,106467.43333333338,99840.48545454539,106467.43333333338,99840.48545454539,754.9023671998148,1385.510828417966,-630.6084612181512,54.005410180254266,111055.12945741831,106467.43333333338,101879.73720924844,46.5250587627907,33.72040730472863,1881827.7589999998,2853.7655910881126,19.401027955071235,2025-07-18 00:00:05,金叉,看跌,看涨区域,下轨区域,看涨交叉,中性
2025-06-09,105676.5,110653.6,105253.2,110227.9,192956.409,20800388814.9273,3206202.0,103642.886,11174929159.9416,106691.06666666671,100324.47090909084,106691.06666666671,100324.47090909084,1103.05374406997,1329.0194115483669,-225.96566747839688,63.5850519373351,111525.69560040595,106691.06666666671,101856.43773292747,65.72646201502657,48.30190155327026,2074784.1679999998,3035.668048867534,18.884457186057755,2025-07-18 00:00:05,金叉,看跌,看涨区域,上轨区域,看涨交叉,中性
2025-06-10,110228.0,110367.2,108282.0,110235.4,152216.974,16647654303.5421,2781353.0,75668.024,8275759237.4893,106854.65238095241,100801.65999999995,106854.65238095241,100801.65999999995,1363.8497943919356,1335.9854881170806,27.864306274854926,63.59850628558979,111919.94113542093,106854.65238095241,101789.36362648389,81.03020038435753,64.4272403873916,2227001.142,2967.777473948424,18.404784329116666,2025-07-18 00:00:05,金叉,看涨,看涨区域,上轨区域,看涨交叉,强烈看涨
2025-06-11,110235.4,110350.0,108001.2,108600.0,134422.321,14691641846.5674,2592990.0,64951.236,7099898449.8342,106806.58095238099,101232.29636363631,106806.58095238099,101232.29636363631,1422.1754771867418,1353.2234859310129,68.9519912557289,58.52108980309899,111784.79182189827,106806.58095238099,101828.37008286371,90.52425416149772,79.09363885362728,2092578.821,2923.5647972378224,17.81755975977392,2025-07-18 00:00:05,金叉,看涨,看涨区域,上轨区域,看涨交叉,强烈看涨
2025-06-12,108600.1,108782.1,105602.0,105609.5,185790.19,19916220925.2797,3320828.0,88829.222,9526203957.2966,106518.33333333336,101617.54181818177,106518.33333333336,101617.54181818177,1213.1067047076067,1325.2001296863316,-112.0934249787249,50.57052737143961,111016.26626146902,106518.33333333336,102020.4004051977,75.79069430352219,82.44838294979247,1906788.631,2941.8887402922637,16.919744227450828,2025-07-18 00:00:05,金叉,看跌,看涨区域,下轨区域,看跌交叉,中性
2025-06-13,105609.4,106141.1,102614.0,106027.3,245935.413,25704797377.6442,4731930.0,123623.272,12923131340.0448,106459.08571428573,101999.00363636357,106459.08571428573,101999.00363636357,1068.8105814865412,1273.9222200463735,-205.11163855983227,51.560659115499064,110948.54407817298,106459.08571428573,101969.62735039847,62.236072860801045,76.18367377527365,2152724.044,2983.6895445571026,17.15633987697289,2025-07-18 00:00:05,金叉,看跌,看涨区域,下轨区域,看跌交叉,中性
2025-06-14,106027.3,106173.6,104225.4,105359.9,79911.57,8391666383.1509,1612153.0,39484.266,4146393733.0395,106347.70476190478,102366.65999999995,106347.70476190478,102366.65999999995,890.3379996867152,1197.2053759744417,-306.86737628772653,49.84308925953226,110824.64123208051,106347.70476190478,101870.76829172905,51.79945563769301,63.27540760067208,2072812.4740000002,2909.726005660167,17.360157157740925,2025-07-18 00:00:05,金叉,看跌,看跌区域,下轨区域,看跌交叉,中性
2025-06-15,105359.8,106099.4,104399.9,105534.6,78819.399,8299752647.8676,1615722.0,39480.384,4157719404.9615,106184.78571428574,102695.17999999993,106184.78571428574,102695.17999999993,754.2989341775974,1108.6240876150728,-354.32515343747536,50.30970449465829,110516.87204428845,106184.78571428574,101852.69938428303,51.558196840121724,55.19790844620527,2151631.873,2823.2812909701556,17.549416061311245,2025-07-18 00:00:05,金叉,看跌,看涨区域,下轨区域,看跌交叉,中性
2025-06-16,105534.7,108900.0,104920.0,106750.1,166813.219,17887208567.0373,3134819.0,85153.473,9131175475.7972,106059.22857142861,102937.81999999992,106059.22857142861,102937.81999999992,736.0825844576029,1034.1157869835788,-298.03320252597587,53.547740823432456,110159.45460660932,106059.22857142861,101959.0025362479,53.886392552865935,52.414681676893565,2318445.092,2905.9040559008586,16.388224277191487,2025-07-18 00:00:05,金叉,看跌,看涨区域,上轨区域,看涨交叉,中性
2025-06-17,106750.1,107727.4,103300.0,104508.0,226051.863,23808393905.4278,3970409.0,112258.832,11824212353.6119,105850.59523809528,103135.56363636357,105850.59523809528,103135.56363636357,534.5651300108002,934.2056555890231,-399.6405255782229,47.41054746176432,109796.54316933724,105850.59523809528,101904.64730685332,51.142355574882025,52.19564832262324,2092393.2290000003,3014.582337622225,15.934316148611915,2025-07-18 00:00:05,金叉,看跌,看跌区域,下轨区域,看跌交叉,中性
2025-06-18,104508.0,105500.0,103426.1,104832.8,172706.399,18052952724.8775,3219465.0,86108.275,9001683114.4841,105712.96190476193,103333.76727272721,105712.96190476193,103333.76727272721,396.49914570050896,826.6643536113203,-430.1652079108113,48.334343993141644,109589.06655442336,105712.96190476193,101836.8572551005,48.88180251566248,51.30351688113683,2265099.6280000005,2947.39074207778,15.512830029216598,2025-07-18 00:00:05,金叉,看跌,看跌区域,下轨区域,看跌交叉,中性
2025-06-19,104832.8,105185.7,103870.3,104607.1,87710.605,9170655647.4608,1606233.0,43107.754,4507096083.9664,105668.5428571429,103515.86363636357,105668.5428571429,103515.86363636357,265.8047232841782,714.4924275458918,-448.68770426171363,47.70720775307631,109572.8391264269,105668.5428571429,101764.24658785888,40.569705873417654,46.86462132132073,2177389.0230000005,2830.8199747865096,15.12145006120666,2025-07-18 00:00:05,金叉,看跌,看跌区域,下轨区域,看跌交叉,中性
2025-06-20,104607.1,106486.2,102255.3,103246.1,199102.135,20795551830.7014,3108911.0,97416.104,10175736757.0539,105635.02380952386,103673.50727272719,105635.02380952386,103673.50727272719,51.80989406016306,581.955920848746,-530.146026788583,43.99981836510962,109609.22094121059,105635.02380952386,101660.82667783713,30.96437594346243,40.138628110847534,1978286.8880000005,2930.825690873187,15.396202834141794,2025-07-18 00:00:05,金叉,看跌,看跌区域,下轨区域,看跌交叉,中性
2025-06-21,103246.1,103940.6,100789.9,102079.8,120771.35,12390156115.4865,2033604.0,58453.589,5997353377.9872,105517.64761904764,103825.91999999993,105517.64761904764,103825.91999999993,-209.47847520720097,423.6690416375566,-633.1475168447575,41.0554518251892,109750.87816910853,105517.64761904764,101284.41706898675,20.739378675547865,30.757820164142668,1857515.5380000004,2946.53099866796,16.163321450833315,2025-07-18 00:00:05,金叉,看跌,看跌区域,下轨区域,看跌交叉,中性
2025-06-22,102079.8,103362.6,98115.4,100904.7,293562.636,29530840749.9246,4876091.0,147071.521,14794588601.4875,105294.85714285719,103933.84181818175,105294.85714285719,103933.84181818175,-505.5445368815417,237.8263259337369,-743.3708628152787,38.27625286238761,109961.12704404358,105294.85714285719,100628.5872416708,15.707094495163872,22.470283038058074,1563952.9020000005,3110.8644987631064,17.657081842350163,2025-07-18 00:00:05,金叉,看跌,看跌区域,下轨区域,看跌交叉,中性
2025-06-23,100904.7,106050.0,99547.6,105290.9,297222.041,30424122122.1681,4717211.0,150465.011,15408831229.477,105269.93333333338,104135.49272727266,105269.93333333338,104135.49272727266,-381.847638912659,113.89153296445771,-495.73917187711675,51.479299393145936,109930.42671221172,105269.93333333338,100609.43995445504,31.296854076794023,22.58110908250194,1861174.9430000004,3353.117034565741,17.69165201600232,2025-07-18 00:00:05,金叉,看跌,看涨区域,上轨区域,看涨交叉,中性
2025-06-24,105291.0,106239.0,104570.8,106034.9,144449.887,15211187542.8234,2565480.0,71801.201,7561432835.249,105303.49523809527,104352.0345454545,105303.49523809527,104352.0345454545,-221.23214746794838,46.86679687797648,-268.09894434592485,53.30391558358687,109975.3754927857,105303.49523809527,100631.61498340486,48.51455810196129,31.839502224639745,2005624.8300000005,3232.7658178110455,17.636381595443133,2025-07-18 00:00:05,金叉,看跌,看涨区域,上轨区域,看涨交叉,中性
2025-06-25,106034.9,108095.7,105755.6,107280.0,159277.823,17055576325.5144,2665403.0,81148.885,8689450609.2951,105429.12380952385,104549.42909090905,105429.12380952385,104549.42909090905,6.451581127970712,38.78375372797533,-32.33217260000462,56.26780322288097,110164.52722750593,105429.12380952385,100693.72039154178,69.42527997285922,49.7455640505382,2164902.6530000004,3169.0039736816843,16.76059517842673,2025-07-18 00:00:05,金叉,看跌,看涨区域,上轨区域,看涨交叉,中性
2025-06-26,107280.1,108249.9,106500.0,106913.7,114433.386,12286992617.7236,2181091.0,56752.074,6094349716.9075,105688.89047619053,104732.74727272723,105688.89047619053,104732.74727272723,155.54223366177757,62.135449714735785,93.40678394704179,55.15859811989928,110112.81015680786,105688.89047619053,101264.9707955732,77.09700206473603,65.01228004651887,2050469.2670000005,3067.6394041329922,15.881487096655027,2025-07-18 00:00:05,金叉,看涨,看涨区域,上轨区域,看涨交叉,强烈看涨
2025-06-27,106913.8,107686.0,106313.1,107010.7,118637.45,12685404247.2056,2005062.0,60117.113,6428393390.6014,105820.82857142863,104936.51818181814,105820.82857142863,104936.51818181814,278.3164801351377,105.37165579881616,172.94482433632152,55.40927594741708,110229.27131478545,105820.82857142863,101412.38582807181,83.01405089973976,76.5121109791117,2169106.7170000006,2946.586589552064,15.142261559162467,2025-07-18 00:00:05,金叉,看涨,看涨区域,上轨区域,看涨交叉,强烈看涨
2025-06-28,107010.6,107538.0,106767.0,107241.0,35670.419,3824571878.0348,747193.0,18591.878,1993427515.9144,105903.37619047625,105173.07818181814,105903.37619047625,105173.07818181814,389.70694127368915,162.23871289379076,227.4682283798984,56.03765896399568,110350.01311672515,105903.37619047625,101456.73926422735,82.89350864504326,81.00152053650638,2204777.136000001,2791.1875474412022,14.455837845776518,2025-07-18 00:00:05,金叉,看涨,看涨区域,上轨区域,超买交叉,强烈看涨
2025-06-29,107240.9,108499.0,107112.6,108309.8,79448.325,8563401844.1215,1398904.0,41552.003,4478823238.7637,106028.77142857148,105420.58909090905,106028.77142857148,105420.58909090905,557.797964202502,241.35056315553302,316.44740104696905,58.93026324181728,110589.79145280602,106028.77142857148,101467.75140433693,87.20861228047404,84.37205727508571,2284225.461000001,2690.84557976683,13.503813957120986,2025-07-18 00:00:05,金叉,看涨,看涨区域,上轨区域,超买交叉,强烈看涨
2025-06-30,108309.8,108783.9,106686.4,107087.4,114681.386,12341253790.3646,1865096.0,55900.03,6016047519.2797,105879.22380952386,105607.65272727268,105879.22380952386,105607.65272727268,585.6231478167756,310.20508008778154,275.41806772899406,54.51246748914835,110070.68005419998,105879.22380952386,101687.76756484773,87.74746036322723,85.94986042958153,2169544.075000001,2648.4637526406273,12.67006744028593,2025-07-18 00:00:05,金叉,看涨,看涨区域,上轨区域,超买交叉,强烈看涨
2025-07-01,107087.3,107499.9,105182.6,105637.9,120434.401,12798966761.0981,2043731.0,58611.964,6229056079.2177,105660.29523809529,105764.91636363632,105660.29523809529,105764.91636363632,485.12010765341984,345.1880856009092,139.93202205251066,49.74982110346154,109371.51492438112,105660.29523809529,101949.07555180947,83.04558188411278,86.00055150927138,2049109.674000001,2624.809198880582,12.597456494830059,2025-07-18 00:00:05,死叉,看涨,看跌区域,下轨区域,超买交叉,中性
2025-07-02,105637.9,109690.4,105010.0,108800.0,177567.261,19179636772.5586,2621458.0,92413.926,9983565784.4009,105669.8190476191,105866.2236363636,105669.8190476191,105866.2236363636,653.0972686917667,406.7699222190807,246.32734647268597,58.307442963827825,109412.06239905635,105669.8190476191,101927.57569618184,82.30564113693613,84.36622779475874,2226676.935000001,2771.637113246254,11.947176597832321,2025-07-18 00:00:05,死叉,看涨,看涨区域,上轨区域,超买交叉,中性
2025-07-03,108800.0,110484.0,108480.6,109545.2,141487.997,15492329480.4931,2342574.0,73227.889,8018864064.8137,105857.2333333334,105986.2836363636,105857.2333333334,105986.2836363636,836.7067564717581,492.75728906961615,343.949467402142,60.03478965522766,109946.71707223679,105857.2333333334,101767.74959443,85.07622990185018,83.4758176409664,2368164.932000001,2716.763033728664,11.689864879747812,2025-07-18 00:00:05,死叉,看涨,看涨区域,上轨区域,超买交叉,中性
2025-07-04,109545.1,109732.3,107200.0,107935.4,132305.847,14316422935.2606,1957162.0,64249.699,6952968511.7135,105948.09523809531,106043.49454545451,105948.09523809531,106043.49454545451,842.6081300148071,562.7274572586543,279.88067275615276,54.75708523948873,110132.34771134035,105948.09523809531,101763.84276485027,88.03732244382472,85.13973116087038,2235859.085000001,2703.5871027480457,10.88054968891841,2025-07-18 00:00:05,死叉,看涨,看涨区域,上轨区域,超买交叉,中性
2025-07-05,107935.3,108368.1,107688.3,108153.4,36660.948,3960654262.1664,734951.0,18462.029,1994707258.816,106081.11904761911,106117.68909090906,106081.11904761911,106117.68909090906,855.0196548133245,621.1858967695883,233.8337580437361,55.32978807952104,110358.69355911072,106081.11904761911,101803.5445361275,84.32051054013122,85.81135429526876,2272520.0330000008,2559.0308811231853,10.129042726005395,2025-07-18 00:00:05,死叉,看涨,看涨区域,上轨区域,超买交叉,中性
2025-07-06,108153.4,109684.7,107743.4,109145.8,72388.603,7864421489.3231,1278877.0,37107.026,4031820476.0809,106253.080952381,106234.17090909088,106253.080952381,106234.17090909088,934.1657821647241,683.7818738486155,250.38390831610855,57.93992759557129,110715.30817487727,106253.080952381,101790.85372988474,82.77183921211879,85.04322406535829,2344908.636000001,2514.9072467572437,10.006529490898046,2025-07-18 00:00:05,金叉,看涨,看涨区域,上轨区域,超买交叉,强烈看涨
2025-07-07,109145.8,109667.3,107456.0,108203.9,106397.578,11536683412.6303,1788546.0,52139.045,5654097567.2025,106322.30952380957,106309.11454545452,106322.30952380957,106309.11454545452,910.3917704638006,729.1038531716525,181.2879172921481,54.674548281969436,110857.74144838547,106322.30952380957,101786.87759923367,76.78714254329442,81.29316409851485,2238511.0580000007,2493.221014846012,9.73683169086816,2025-07-18 00:00:05,金叉,看涨,看涨区域,上轨区域,看跌交叉,强烈看涨
2025-07-08,108203.9,109180.0,107400.0,108873.1,95156.027,10320330229.2738,1658291.0,47448.078,5146117084.8251,106530.17142857148,106407.56909090908,106530.17142857148,106407.56909090908,934.7740488124982,770.2378922998216,164.5361565126766,56.54824307179441,111113.80119012264,106530.17142857148,101946.54166702033,73.25869929356026,77.60589368299118,2333667.085000001,2442.276656642726,9.454470495690458,2025-07-18 00:00:05,金叉,看涨,看涨区域,上轨区域,看跌交叉,强烈看涨
2025-07-09,108873.2,112036.8,108273.5,111199.9,167834.731,18458201635.8988,2548622.0,87925.103,9671703908.607,106833.36666666673,106543.66727272725,106833.36666666673,106543.66727272725,1128.8379529453669,841.9579044289306,286.8800485164362,62.37260862898568,111757.46765140381,106833.36666666673,101909.26568192964,73.36739478799736,74.4710788749507,2501501.816000001,2536.635466882531,10.45585395490148,2025-07-18 00:00:05,金叉,看涨,看涨区域,上轨区域,看跌交叉,强烈看涨
2025-07-10,111199.8,117500.0,110432.2,115979.2,225570.213,25573716456.3733,3420723.0,119208.753,13523225525.2489,107374.8952380953,106772.15818181817,107374.8952380953,106772.15818181817,1649.2727729589387,1003.4208781349323,645.8518948240064,70.97781530928728,113544.36279541487,107374.8952380953,101205.42768077573,82.1618458215519,76.26264663436987,2727072.029000001,2860.2900763909215,12.909974019351163,2025-07-18 00:00:05,金叉,看涨,超买,突破上轨,看涨交叉,中性
2025-07-11,115979.2,118882.8,115186.7,117500.0,199819.357,23468288934.0047,3481508.0,100784.694,11836216164.3229,108053.65238095244,107034.34727272726,108053.65238095244,107034.34727272726,2159.543098918759,1234.6453222916975,924.8977766270614,73.08698734915288,115299.31567599828,108053.65238095244,100807.98908590659,88.6486789794583,81.39263986300256,2926891.386000001,2919.990785220142,15.46726001764691,2025-07-18 00:00:05,金叉,看涨,超买,突破上轨,超买交叉,中性
2025-07-12,117500.0,118176.9,116862.4,117389.3,63722.472,7488784312.8489,1330505.0,31394.033,3689856558.2485,108782.67619047624,107234.01454545454,108782.67619047624,107234.01454545454,2525.8865953383356,1492.8935769010252,1032.9930184373104,72.67297334297513,116540.06291610927,108782.67619047624,101025.28946484321,89.03016051424078,86.61356177175037,2863168.914000001,2805.312871990132,17.841882730350104,2025-07-18 00:00:05,金叉,看涨,超买,突破上轨,超买交叉,中性
2025-07-13,117389.4,119655.0,117164.3,119038.3,90052.381,10670541370.9112,1810973.0,45809.831,5428490991.0878,109646.180952381,107479.59090909091,109646.180952381,107479.59090909091,2915.666980335576,1777.4482575879354,1138.2187227476409,74.94938635833783,117733.63587222005,109646.180952381,101558.72603254193,91.68520964743605,89.78801638037841,2953221.295000001,2782.8405239908366,20.34187577549137,2025-07-18 00:00:05,金叉,看涨,超买,突破上轨,超买交叉,中性
2025-07-14,119038.3,123300.0,118862.6,119816.5,221556.12,26804448428.8877,4034670.0,113834.673,13772358450.5752,110337.87619047624,107716.25272727273,110337.87619047624,107716.25272727273,3249.902131198527,2071.939032310054,1177.9630988884733,75.96686288324082,119258.75588421039,110337.87619047624,101416.99649674208,88.65913626590076,89.79150214252591,3174777.415000001,2901.0233437057764,23.2567142782381,2025-07-18 00:00:05,金叉,看涨,超买,突破上轨,超买交叉,中性
2025-07-15,119816.5,119919.4,115678.1,117738.5,269977.446,31656599892.9497,4738657.0,131447.5,15412735685.0897,110895.19047619052,107864.05272727273,110895.19047619052,107864.05272727273,3308.9649743965856,2319.34422072736,989.6207536692255,68.02186862727875,120128.020526541,110895.19047619052,101662.36042584003,82.11191778102045,87.48542123145246,2904799.969000001,2996.7573905839345,24.326707960342713,2025-07-18 00:00:05,金叉,看涨,看涨区域,上轨区域,超买交叉,强烈看涨
2025-07-16,117738.6,120100.0,117017.1,118590.7,159165.948,18903224038.5254,3160880.0,79673.55,9462555225.8789,111433.79523809529,107990.01636363637,111433.79523809529,107990.01636363637,3385.512045570038,2532.5777856958957,852.9342598741423,69.4337314105022,121070.98816223124,111433.79523809529,101796.60231395935,73.76547876573318,81.51217760421817,3063965.917000001,3002.910434113653,25.35825409856302,2025-07-18 00:00:05,金叉,看涨,看涨区域,上轨区域,看跌交叉,强烈看涨
2025-07-17,118590.7,119216.4,117412.8,118875.0,93197.517,11022830627.3564,1933664.0,45477.558,5379276830.6319,112003.38095238099,108200.9890909091,112003.38095238099,108200.9890909091,3429.5826905569847,2711.9787666681136,717.6039238888711,69.91100467601609,121914.64045518154,112003.38095238099,102092.12144958045,70.95263032781047,75.61000895818808,3157163.434000001,2917.2454031055345,26.31611836976759,2025-07-18 00:00:05,金叉,看涨,看涨区域,上轨区域,看跌交叉,强烈看涨
