open_time,开盘价,最高价,最低价,收盘价,成交量,成交额,成交笔数,主动买入量,主动买入额,MA20,MA50,MA_LONG,MACD,MACD_Signal,MACD_Hist,MACD_Long,MACD_Long_Signal,RSI,RSI_Long,BB_Upper,BB_Middle,BB_Lower,BB_Long_Upper,BB_Long_Middle,BB_Long_Lower,Stoch_SlowK,Stoch_SlowD,OBV,ATR,ATR_Long,ATR_Ratio,ADX,MA144
2025-05-31 04:00:00,103640.2,103863.6,103433.1,103700.6,11063.629,1146964100.0,238680.0,5443.356,564383360.0,,,,,,,,,,,,,,,,,,,11063.629,,,,,
2025-05-31 08:00:00,103700.5,103770.2,103249.9,103460.9,10547.557,1091481300.0,248964.0,5274.833,545868300.0,,,,,,,,,,,,,,,,,,,516.072,,,,,
2025-05-31 12:00:00,103460.9,104800.0,103444.4,104497.1,29627.762,3088243200.0,483855.0,15273.82,1592085400.0,,,,,,,,,,,,,,,,,,,30143.832,,,,,
2025-05-31 16:00:00,104497.1,104743.8,104215.0,104653.9,11091.248,1159020900.0,251612.0,4767.556,498273470.0,,,,,,,,,,,,,,,,,,,41235.082,,,,,
2025-05-31 20:00:00,104653.9,104859.3,104423.0,104544.7,8321.789,871059140.0,197493.0,3753.188,392842850.0,,,,,,,,,,,,,,,,,,,32913.293,,,,,
2025-06-01 00:00:00,104544.6,104599.6,103860.9,104336.4,14341.262,1494574500.0,304254.0,7393.677,770555600.0,,,,,,,,,,,,,,,,,,,18572.03,,,,,
2025-06-01 04:00:00,104336.4,104700.0,104138.0,104231.0,9469.678,988693100.0,202506.0,4674.207,488004030.0,,,,,,,,,,,,,,,,,,,9102.352,,,,,
2025-06-01 08:00:00,104230.9,104410.5,103704.1,104038.0,15555.538,1617475000.0,318122.0,7830.878,814338200.0,,,,,,,,,,,,,,,,,,,-6453.186,,,,,
2025-06-01 12:00:00,104038.0,104760.0,103708.6,104664.0,16896.822,1763524900.0,345663.0,8306.908,866953660.0,,,,,,,,,,,,,,,,,,,10443.636,,,,,
2025-06-01 16:00:00,104663.9,105285.0,104280.1,105075.2,24033.127,2521074000.0,445618.0,12154.681,1275119500.0,,,,,,,,,,,,,,,,,,,34476.76,,,,,
2025-06-01 20:00:00,105075.2,105823.6,104833.1,105583.3,17123.814,1804393200.0,343786.0,8420.127,887338100.0,,,,,,,,,,,,,,,,,,,51600.574,,,,,
2025-06-02 00:00:00,105583.3,105700.0,104520.0,104781.8,17614.14,1851799800.0,375517.0,8198.17,861902140.0,,,,,,,,,,,,,,,,,,,33986.434,,,,,
2025-06-02 04:00:00,104781.8,105398.5,104549.8,105346.4,15376.453,1614097000.0,303406.0,7701.878,808574900.0,,,,,,,,,,,,,,,,,,,49362.887,,,,,
2025-06-02 08:00:00,105346.4,105900.0,103867.8,104000.0,39491.96,4137952300.0,656632.0,18873.184,1977555800.0,,,,,,,,,,,,,,,,,,,9870.929,,,,,
2025-06-02 12:00:00,104000.1,104646.1,103600.6,104396.8,42551.18,4430377500.0,783618.0,21840.375,2274315500.0,,,,,,,,,55.193043,,,,,,,,,,52422.11,928.6643,,,,
2025-06-02 16:00:00,104396.9,104699.4,103982.9,104366.4,15855.761,1653474300.0,386081.0,7820.324,815556860.0,,,,,,,,,54.92479,,,,,,,,,,36566.348,913.5097,,,,
2025-06-02 20:00:00,104366.5,105893.8,104366.5,105814.3,27363.426,2881073200.0,489549.0,13806.754,1453596900.0,,,,,,,,,63.91942,,,,,,,,,,63929.773,957.359,,,,
2025-06-03 00:00:00,105814.4,106470.8,105280.0,105448.8,29321.06,3106506000.0,547063.0,14330.937,1518296700.0,,,,,,,,,60.63038,,,,,,,,66.07083,53.826546,34608.71,974.0334,,,,
2025-06-03 04:00:00,105448.8,105475.4,105062.5,105134.4,12956.522,1363841900.0,249888.0,6638.888,698856500.0,,,,,,,,,57.87181,,,,,,,,71.36815,65.49048,21652.19,933.9524,,,,
2025-06-03 08:00:00,105134.4,105305.2,104822.4,105240.1,12289.458,1291619200.0,235405.0,6366.031,669099900.0,104665.7,,,,,,,,58.55454,,105905.97,104665.7,103425.44,,,,58.317654,65.25221,33941.65,901.72723,,,,
2025-06-03 12:00:00,105240.1,106775.0,104969.4,106556.1,42236.633,4477072400.0,748259.0,21321.94,2260014600.0,104808.48,,,,,,,,65.95268,,106217.43,104808.48,103399.52,,,,67.88815,65.85799,76178.28,966.28955,,,,
2025-06-03 16:00:00,106556.1,106619.6,105526.2,106171.8,25039.332,2655054800.0,493736.0,12456.712,1320794200.0,104944.02,,,,,,,,62.447124,61.582954,106329.734,104944.02,103558.31,,,,77.07455,67.76012,51138.95,975.3689,,,,
2025-06-03 20:00:00,106179.7,106208.0,105200.4,105330.1,17373.002,1834021600.0,332557.0,8615.631,909501900.0,104985.67,,,,,,,,55.49026,56.87122,106365.21,104985.67,103606.14,,,,76.19498,73.71922,33765.945,977.6711,,,,
2025-06-04 00:00:00,105330.1,105800.0,105072.0,105474.9,15154.628,1598544500.0,313623.0,7874.639,830707700.0,105026.73,,,,,,,,56.39034,57.459152,106413.17,105026.73,103640.28,,,,64.84165,72.70373,48920.574,959.83746,,,,
2025-06-04 04:00:00,105474.8,105566.4,105200.0,105260.2,9967.039,1049952400.0,211200.0,5278.603,556082900.0,105062.5,,,,,,,,54.62643,56.265026,106434.195,105062.5,103690.805,,,,55.269238,65.43529,38953.535,917.4491,,,,
2025-06-04 08:00:00,105260.1,105967.2,105039.1,105044.1,22229.277,2344837600.0,373175.0,11055.743,1166291200.0,105097.88,,,,,,,,52.835,55.0558,106428.734,105097.88,103767.04,,,,52.266045,57.458977,16724.258,918.20984,,,,
2025-06-04 12:00:00,105044.2,105510.2,104111.7,105254.7,44030.27,4617509400.0,762622.0,21710.506,2276998700.0,105149.07,,,,,,,,54.404312,56.022938,106420.016,105149.07,103878.125,,,,49.953796,52.49636,60754.527,952.5163,,,,
2025-06-04 16:00:00,105254.7,105437.8,104824.0,104870.4,14054.096,1477469700.0,302750.0,6711.439,705540000.0,105190.69,,,,,,,,51.065342,53.804565,106364.15,105190.69,104017.234,,,,45.860634,49.36016,46700.434,928.32227,,,25.290798,
2025-06-04 20:00:00,104870.4,105006.3,104350.0,104641.8,13098.813,1371249500.0,264539.0,5990.811,627248060.0,105189.58,,,,,,,,49.133606,52.505974,106365.07,105189.58,104014.086,,,,38.569157,44.79453,33601.62,908.8921,,,23.705318,
2025-06-05 00:00:00,104641.8,105225.6,104594.8,104991.4,11856.411,1243924000.0,248867.0,5880.314,616949700.0,105185.39,,,,,,,,52.11682,54.277973,106363.08,105185.39,104007.7,,,,32.210144,38.87998,45458.03,889.0284,,,22.52402,
2025-06-05 04:00:00,104991.5,105183.0,104321.2,104473.0,15487.56,1621008400.0,279778.0,7304.798,764462140.0,105129.875,,,,,,,,47.653793,51.29803,106331.73,105129.875,103928.02,,,,23.398352,31.392551,29970.47,887.0835,,,21.017925,
2025-06-05 08:00:00,104473.1,104880.0,104373.0,104772.7,10288.16,1076735900.0,218630.0,5410.911,566309440.0,105129.42,,,,,,,,50.30342,52.86877,106331.805,105129.42,103927.03,,,,23.805054,26.471184,40258.633,859.9347,,,19.61941,
2025-06-05 12:00:00,104772.7,105878.3,103825.0,104490.5,68596.82,7188311600.0,1082456.0,33593.766,3520008200.0,105086.625,,,,,,,,47.847504,51.235027,106315.7,105086.625,103857.55,,,,20.314678,22.506027,-28338.19,945.17505,,,19.619478,
2025-06-05 16:00:00,104490.5,104547.9,101500.0,101872.9,76338.48,7856618500.0,1241635.0,34444.72,3544499000.0,104980.27,,,-163.72978,220.20572,-383.93552,,,32.1622,39.382236,106795.44,104980.27,103165.1,,,,18.149117,20.756283,-104676.664,1095.3698,,,19.519367,
2025-06-05 20:00:00,101873.0,102163.9,100305.1,101458.6,63671.246,6439935500.0,1048698.0,30531.83,3088509200.0,104833.36,,,-390.35165,98.094246,-488.44592,,,30.460192,37.92419,107204.195,104833.36,102462.52,,,,15.965332,18.143042,-168347.9,1149.9004,,,20.296738,
2025-06-06 00:00:00,101458.7,102464.7,101003.4,102444.9,24397.812,2482944000.0,441280.0,12448.759,1267227600.0,104737.28,,,-484.77676,-18.479954,-466.2968,,,38.767788,43.18239,107322.1,104737.28,102152.47,,,,20.528885,18.214445,-143950.1,1172.1433,,,20.656967,
2025-06-06 04:00:00,102445.0,103424.5,102321.1,103096.8,28923.945,2976248800.0,441858.0,14056.889,1446413200.0,104601.41,,,-501.2286,-115.02968,-386.1989,,,43.566612,46.337032,107230.8,104601.41,101972.02,,,,34.607494,23.700571,-115026.16,1167.233,,,19.937681,
2025-06-06 08:00:00,103096.7,103953.9,103096.7,103866.0,24302.564,2517654500.0,401360.0,12138.33,1257460200.0,104522.27,,,-447.04553,-181.43285,-265.61267,,,48.677597,49.79084,107140.125,104522.27,101904.414,,,,49.4817,34.872692,-90723.59,1145.0878,,,18.753586,
2025-06-06 12:00:00,103865.9,105283.0,103471.4,105035.4,61774.11,6448969000.0,944279.0,31062.121,3243560700.0,104517.32,,,-306.2144,-206.38916,-99.82523,,,55.304905,54.468693,107130.9,104517.32,101903.74,,,,65.24611,49.778435,-28949.479,1192.6958,,,18.282568,
2025-06-06 16:00:00,105035.4,105240.0,104010.0,104176.9,25548.57,2673572000.0,483259.0,11537.136,1207294100.0,104464.16,,,-260.8713,-217.28558,-43.585724,,,50.181747,50.819,107059.96,104464.16,101868.36,,,,71.96835,62.232056,-54498.05,1195.3604,,,17.845194,
2025-06-06 20:00:00,104177.0,104574.9,104109.2,104240.0,9353.903,975714500.0,198189.0,5202.367,542664700.0,104348.35,,,-217.3396,-217.29639,-0.043210708,,,50.544376,51.072014,106760.69,104348.35,101936.02,,,,74.53964,70.5847,-45144.145,1143.2418,,,17.43906,
2025-06-07 00:00:00,104240.1,104856.0,103800.1,104822.4,15787.969,1648329200.0,300733.0,8429.993,880354700.0,104280.88,,,-134.2975,-200.69661,66.39912,,,53.881176,53.395588,106557.086,104280.88,102004.68,,,,73.7099,73.40597,-29356.178,1137.003,,,16.72713,
2025-06-07 04:00:00,104822.4,105293.0,104591.9,104813.6,13412.441,1407220000.0,255282.0,6951.083,729436350.0,104255.06,,,-68.407555,-174.2388,105.831245,,,53.822083,53.355385,106494.484,104255.06,102015.64,,,,77.518005,75.255844,-42768.617,1105.8672,,,16.461428,
2025-06-07 08:00:00,104813.7,105222.0,104632.0,105094.5,10912.449,1145449100.0,213316.0,5818.331,610794700.0,104236.04,,,6.4031672,-138.11041,144.51358,,,55.49973,54.503433,106439.875,104236.04,102032.2,,,,82.62877,77.952225,-31856.17,1069.0195,,,16.2147,
2025-06-07 12:00:00,105094.5,105758.8,105094.4,105507.9,19660.879,2073433500.0,358191.0,10783.993,1137407900.0,104248.42,,,97.920364,-90.90425,188.82462,,,57.922535,56.17042,106477.78,104248.42,102019.07,,,,86.72875,82.29184,-12195.29,1040.1182,,,16.473574,
2025-06-07 16:00:00,105507.9,105850.0,105222.6,105694.2,13309.422,1405280000.0,237967.0,7080.013,747652400.0,104280.93,,,183.36751,-36.0499,219.4174,,,59.00573,56.917366,106573.8,104280.93,101988.06,,,,91.99562,87.117714,1114.132,1010.63824,,,16.795061,
2025-06-07 20:00:00,105694.1,105878.3,105482.7,105507.5,6750.013,713619650.0,145354.0,3140.046,331993660.0,104293.57,,,233.33017,17.826115,215.50406,102.47696,-33.958557,57.41071,55.914673,106610.43,104293.57,101976.71,,,,94.465775,91.063385,-5635.881,966.707,,,17.12018,
2025-06-08 00:00:00,105507.5,105760.5,105347.0,105436.4,8070.07,851205600.0,158547.0,3938.471,415442750.0,104321.87,,,264.1439,67.08967,197.05421,127.44167,-1.6785097,56.781223,55.523552,106679.69,104321.87,101964.055,,,,94.03813,93.49985,-13705.951,927.1922,,,17.216211,
2025-06-08 04:00:00,105436.5,105617.2,105358.2,105380.4,5648.935,595752450.0,117456.0,2985.581,314881920.0,104358.8,,,280.80826,109.83338,170.97487,145.3493,27.727053,56.258007,55.2042,106758.27,104358.8,101959.33,,,,91.734726,93.41288,-19354.887,879.4642,,,17.305384,
2025-06-08 08:00:00,105380.5,105666.6,104927.4,105619.2,15763.69,1659862400.0,282336.0,7971.629,839439740.0,104390.19,104694.266,,309.71387,149.80948,159.90439,171.87358,56.55636,58.03386,56.32886,106837.89,104390.19,101942.49,,,,91.52454,92.432465,-3591.196,869.4453,,,16.707739,
2025-06-08 12:00:00,105619.2,106200.0,105450.0,105917.5,19486.973,2060724500.0,345100.0,9870.529,1044056450.0,104462.414,104738.61,,352.62723,190.37303,162.2542,208.60747,86.966576,60.20714,57.721107,106999.25,104462.414,101925.586,,,,91.13314,91.464134,15895.776,860.9135,960.286,0.8965178,16.782677,
2025-06-08 16:00:00,105917.6,106300.0,105888.5,106242.6,13202.73,1401587700.0,233170.0,7258.606,770630400.0,104535.91,104794.24,,408.16415,233.93124,174.2329,255.2269,120.618645,62.487194,59.20922,107187.04,104535.91,101884.78,,,,93.86123,92.17297,29098.506,828.8125,949.3103,0.8730681,16.964918,
2025-06-08 20:00:00,106242.6,106482.6,105511.0,105676.5,12932.707,1369880600.0,261116.0,6721.058,712091400.0,104595.21,104817.83,,401.86557,267.51813,134.34746,265.50537,149.596,56.42446,55.629234,107292.28,104595.21,101898.14,,,,86.2724,90.42226,16165.799,839.0116,949.7561,0.883397,16.517664,
2025-06-09 00:00:00,105676.5,105929.8,105253.2,105617.0,12640.84,1334426900.0,286145.0,6644.148,701441300.0,104782.414,104837.09,,387.60468,291.53543,96.06926,269.99097,173.67499,55.811535,55.260494,107203.29,104782.414,102361.55,,,,78.55067,86.228096,3524.959,827.41077,944.29297,0.87622255,15.703004,
2025-06-09 04:00:00,105617.0,105685.7,105265.0,105516.7,8731.33,920920640.0,180240.0,4673.568,492962100.0,104985.32,104856.53,,364.01334,306.031,57.98233,267.46118,192.43222,54.732204,54.61967,106881.164,104985.32,103089.48,,,,67.2246,77.34922,-5206.371,798.36005,933.8211,0.8549389,14.946532,
2025-06-09 08:00:00,105516.7,107774.8,105429.2,107707.9,49256.42,5265295000.0,769063.0,28053.385,2998523400.0,105248.47,104923.96,,516.1784,348.0605,168.11789,373.5209,228.64995,68.887764,64.154785,107121.695,105248.47,103375.25,,,,76.540764,74.10535,44050.05,908.87714,962.0567,0.9447231,16.42564,
2025-06-09 12:00:00,107707.8,107985.0,106800.3,107564.3,43730.984,4702663000.0,714522.0,20803.596,2237506300.0,105471.84,104990.625,,618.05835,402.06006,215.99829,455.15436,273.95084,67.40027,63.240433,107330.89,105471.84,103612.8,,,,83.11457,75.62665,319.066,928.5788,966.5095,0.96075493,17.953997,
2025-06-09 16:00:00,107564.3,108791.8,107563.4,108515.1,31629.447,3423205600.0,549596.0,16876.986,1826910100.0,105704.3,105080.17,,766.68274,474.9846,291.69815,570.2152,333.2037,71.74991,66.554405,107843.56,105704.3,103565.04,,,,92.730316,84.12855,31948.514,949.99457,971.7474,0.9776148,19.916225,
2025-06-09 20:00:00,108515.1,110653.6,108383.0,110227.9,46967.39,5153878000.0,706636.0,26591.201,2917586000.0,105963.92,105191.445,,1011.0228,582.19226,428.8306,751.3811,416.8392,77.55874,71.42681,108846.62,105963.92,103081.23,,,,90.95285,88.93258,78915.9,1044.3236,997.7244,1.0467055,22.646772,
2025-06-10 00:00:00,110228.0,110280.0,109340.0,109525.8,20879.389,2291430400.0,370604.0,9571.004,1050461400.0,106231.37,105280.46,,1134.9277,692.7394,442.18845,867.4161,506.95456,71.10453,67.21241,109381.375,106231.37,103081.37,,,,88.57003,90.75106,58036.51,1036.8718,996.5699,1.0404407,25.182278,
2025-06-10 04:00:00,109525.9,109690.8,109041.1,109178.0,17640.424,1928940300.0,330655.0,9019.86,986316540.0,106478.27,105352.35,,1191.3259,792.45667,398.86926,944.8989,594.54346,68.08207,65.21109,109737.43,106478.27,103219.11,,,,82.36701,87.29663,40396.09,1009.21674,989.6325,1.0197893,27.066904,
2025-06-10 08:00:00,109178.1,109800.0,109010.2,109498.1,22098.84,2418273300.0,375383.0,11181.687,1223668400.0,106712.055,105446.68,,1247.4712,883.4596,364.01163,1022.42725,680.1202,69.372444,66.184135,110129.51,106712.055,103294.6,,,,78.118706,83.018585,62494.93,993.5441,985.63586,1.0080235,28.872608,
2025-06-10 12:00:00,109498.0,109852.9,108282.0,108975.3,44120.926,4808446000.0,784444.0,21775.926,2373064400.0,106920.14,105519.26,,1235.5386,953.87537,281.66324,1057.4618,755.5885,64.76701,63.15487,110356.625,106920.14,103483.66,,,,74.91414,78.46662,18374.002,1034.7838,997.3411,1.0375425,29.421616,
2025-06-10 16:00:00,108975.2,110367.2,108467.5,109460.0,29872.957,3268602600.0,545653.0,15227.123,1666256500.0,107138.414,105628.45,,1250.775,1013.2553,237.51971,1106.364,825.74365,66.95721,64.72653,110637.33,107138.414,103639.5,,,,76.136536,76.38979,48246.96,1096.5636,1015.3883,1.079945,30.262493,
2025-06-10 20:00:00,109460.1,110265.5,109189.0,110235.4,17604.436,1931962100.0,374614.0,8892.424,975992200.0,107374.79,105745.23,,1310.3138,1072.667,237.6468,1181.4137,896.8776,70.15361,67.08492,111036.14,107374.79,103713.445,,,,80.28164,77.11077,65851.4,1095.1305,1016.61053,1.0772369,31.04331,
2025-06-11 00:00:00,110235.4,110247.0,109500.0,109664.1,12285.286,1348645000.0,277386.0,5815.356,638327550.0,107573.28,105851.18,,1296.4548,1117.4246,179.03029,1211.109,959.72394,65.152794,63.78565,111278.84,107573.28,103867.73,,,,83.94378,80.12065,53566.11,1070.2639,1011.2183,1.0583906,31.768353,
2025-06-11 04:00:00,109664.1,109715.4,109322.0,109396.9,9255.542,1013623500.0,207933.0,4456.35,488018050.0,107767.76,105922.836,,1249.5072,1143.8411,105.66611,1217.083,1011.19574,62.894596,62.28142,111427.195,107767.76,104108.31,,,,83.554306,82.59324,44310.566,1021.91656,998.862,1.0230808,32.132835,
2025-06-11 08:00:00,109396.9,109629.3,109133.8,109200.1,11892.147,1300114300.0,245591.0,6079.025,664634600.0,107955.94,105997.86,,1182.7864,1151.6301,31.15617,1206.2654,1050.2096,61.21178,61.1659,111501.805,107955.94,104410.08,,,,77.144394,81.54749,32418.422,984.31537,988.79474,0.99546987,32.14195,
2025-06-11 12:00:00,109200.1,110350.0,108950.1,109694.8,47346.71,5194213000.0,817418.0,23738.562,2604555000.0,108171.66,106089.07,,1156.4963,1152.6034,3.8929327,1215.7198,1083.3116,63.831505,62.918884,111587.08,108171.66,104756.24,,,,77.134514,79.27774,79765.13,1014.0,997.01685,1.0170339,32.740604,
2025-06-11 16:00:00,109694.9,109776.5,108331.7,108684.5,33333.87,3631790300.0,643722.0,14955.475,1629470200.0,108324.92,106157.95,,1042.1256,1130.5078,-88.38226,1167.21,1100.0913,55.576126,57.366016,111537.51,108324.92,105112.34,,,,67.85746,74.045456,46431.26,1044.7714,1005.97253,1.0385685,32.279747,
2025-06-11 20:00:00,108684.5,109164.8,108001.2,108600.0,20308.766,2203255800.0,400940.0,9906.467,1074892800.0,108459.05,106198.836,,933.90204,1091.1866,-157.28464,1115.6729,1103.2076,54.93617,56.92482,111476.45,108459.05,105441.65,,,,54.69692,66.562965,26122.494,1053.2592,1009.12506,1.043735,31.354868,
2025-06-12 00:00:00,108600.1,108782.1,107650.0,107820.5,24193.834,2618183400.0,442265.0,12062.563,1305574700.0,108537.945,106231.805,,776.2864,1028.2067,-251.9202,1027.0554,1087.9772,49.296856,52.978203,111397.81,108537.945,105678.08,,,,29.373207,50.64253,1928.661,1058.8906,1011.58453,1.0467644,29.990557,
2025-06-12 04:00:00,107820.5,107951.0,107300.0,107577.0,17432.701,1876768000.0,336914.0,9013.497,970494140.0,108632.97,106276.74,,624.52734,947.47076,-322.94342,933.9771,1057.1771,47.651306,51.800255,111219.445,108632.97,106046.5,,,,16.084105,33.384743,-15504.04,1029.7556,1004.37286,1.0252723,28.243895,
2025-06-12 08:00:00,107577.0,107798.0,106830.0,106862.9,20489.988,2198214000.0,381114.0,9239.152,991386050.0,108695.266,106304.51,,441.54538,846.2857,-404.7403,814.02026,1008.5458,43.10685,48.480927,111036.57,108695.266,106353.95,,,,5.212558,16.889957,-35994.027,1025.3445,1003.6454,1.0216203,26.431347,
2025-06-12 12:00:00,106862.9,107769.1,106539.1,106960.6,44438.418,4761155600.0,737544.0,21984.555,2355576000.0,108767.46,106338.516,,300.94534,737.2176,-436.27225,712.2721,949.2911,43.895214,48.95085,110777.945,108767.46,106756.98,,,,6.990612,9.429091,8444.389,1039.9628,1008.1725,1.0315325,25.098017,
2025-06-12 16:00:00,106960.6,108398.4,106621.0,106749.6,36093.637,3884725500.0,669065.0,17594.305,1893764900.0,108719.55,106372.625,,170.52715,623.8795,-453.3524,611.1661,881.6661,42.524708,47.95886,110869.586,108719.55,106569.51,,,,5.8132033,6.005458,-27649.248,1092.6368,1023.55707,1.06749,23.559673,
2025-06-12 20:00:00,106749.5,106929.9,105602.0,105609.5,43141.613,4577175000.0,753926.0,18935.15,2009408300.0,108621.805,106379.72,,-24.543844,494.19485,-518.7387,464.65955,798.2648,35.986626,43.013435,111122.21,108621.805,106121.4,,,,5.555629,6.119815,-70790.86,1109.4414,1029.6439,1.0775,22.7682,
2025-06-13 00:00:00,105609.4,105661.0,102614.0,104233.9,98662.52,10251103000.0,1711365.0,47157.63,4898578000.0,108407.74,106366.99,,-286.832,337.98947,-624.8215,268.29318,692.27045,29.994457,38.043472,111556.91,108407.74,105258.586,,,,8.865321,6.744718,-169453.39,1247.8384,1069.9911,1.1662139,24.086607,
2025-06-13 04:00:00,104233.9,104891.4,103733.7,104831.4,27313.357,2848242200.0,601251.0,14081.78,1468637800.0,108137.92,106370.78,,-441.39587,182.11241,-623.5083,128.93349,579.603,35.053074,41.144947,111532.24,108137.92,104743.59,,,,16.58685,10.335933,-142140.03,1241.3999,1071.7452,1.1582977,25.310844,
2025-06-13 08:00:00,104831.4,105459.7,104360.0,104989.9,28154.768,2952484000.0,553852.0,14846.937,1557157800.0,107911.125,106370.75,,-544.8189,36.726147,-581.54504,17.06127,467.0947,36.366665,41.95429,111504.516,107911.125,104317.734,,,,26.771803,17.407991,-113985.266,1231.2786,1072.3043,1.1482548,25.766153,
2025-06-13 12:00:00,104990.0,105750.0,104069.5,105391.9,46774.895,4908131000.0,893464.0,24369.715,2557428200.0,107721.82,106389.13,,-587.57117,-88.13332,-499.43787,-58.57478,361.9608,39.697975,44.0049,111425.52,107721.82,104018.12,,,,31.761461,25.040037,-67210.37,1263.3657,1084.4683,1.1649634,26.363905,
2025-06-13 16:00:00,105392.0,105912.0,104607.0,105050.0,31938.527,3362047700.0,693554.0,16140.699,1699185900.0,107499.414,106394.68,,-641.64465,-198.83559,-442.80908,-140.04573,261.55948,37.881557,42.65908,111283.09,107499.414,103715.734,,,,32.703377,30.412214,-99148.9,1266.3396,1088.8789,1.1629757,26.716995,
2025-06-13 20:00:00,105050.1,106141.1,104963.1,106027.3,13091.343,1382789800.0,278444.0,7026.515,742143940.0,107352.016,106425.414,,-598.7365,-278.81577,-319.92075,-160.13815,177.21997,45.5508,47.479992,111123.9,107352.016,103580.13,,,,38.35101,34.27195,-86057.555,1260.0297,1090.6613,1.1552896,26.753126,
2025-06-14 00:00:00,106027.3,106173.6,105150.1,105189.4,16567.596,1749651200.0,308215.0,7974.425,842112500.0,107138.484,106491.74,,-625.13684,-348.08,-277.05682,-218.4115,98.09367,40.889637,44.139248,110892.336,107138.484,103384.63,,,,39.48619,36.84686,-102625.15,1243.1346,1089.318,1.1412045,26.743696,
2025-06-14 04:00:00,105189.3,105374.9,104738.7,105025.1,9863.73,1036657400.0,199652.0,4917.752,516875520.0,106877.97,106563.07,,-651.8033,-408.82465,-242.97865,-275.35815,23.403309,40.024757,43.50895,110454.984,106877.97,103300.95,,,,42.019756,39.95232,-112488.88,1199.7822,1080.2557,1.1106465,27.052402,
2025-06-14 08:00:00,105025.0,105088.0,104772.3,105030.6,7912.806,830398900.0,179697.0,4249.514,445993380.0,106646.3,106614.79,,-664.82916,-460.02554,-204.80359,-322.39572,-45.7565,40.070454,43.53729,110068.336,106646.3,103224.25,,,,40.060665,40.522205,-104576.07,1136.6334,1064.9646,1.067297,27.339058,
2025-06-14 12:00:00,105030.5,105084.2,104570.0,104783.4,11378.285,1192916500.0,233840.0,5320.95,557912450.0,106415.62,106648.516,,-687.17786,-505.456,-181.72183,-373.3609,-111.27738,38.64521,42.530376,109683.41,106415.62,103147.83,,,,39.457348,40.51259,-115954.36,1092.174,1053.9493,1.036268,27.769642,
2025-06-14 16:00:00,104783.4,105011.0,104290.0,104582.3,18623.518,1948121200.0,375597.0,9265.537,969275000.0,106184.73,106662.84,,-712.89856,-546.9445,-165.95406,-425.1243,-174.04677,37.477375,41.706455,109280.98,106184.73,103088.484,,,,37.769978,39.095997,-134577.88,1065.6615,1047.2903,1.0175416,28.39511,
2025-06-14 20:00:00,104584.2,105438.0,104225.4,105359.9,15565.636,1633921200.0,315152.0,7756.088,814224900.0,105967.984,106669.336,,-662.89514,-570.13464,-92.76052,-428.3764,-224.91269,44.465744,45.95714,108627.08,105967.984,103308.89,109512.27,105751.54,101990.805,39.66761,38.96498,-119012.24,1076.1571,1050.5964,1.0243297,28.271473,
2025-06-15 00:00:00,105359.8,105631.6,105208.7,105425.6,7896.238,832707840.0,161623.0,3758.664,396403260.0,105805.04,106694.305,,-610.92334,-578.29236,-32.630947,-425.73007,-265.07617,45.024857,46.304497,108160.36,105805.04,103449.72,109506.875,105770.92,102034.97,48.881226,42.106274,-111116.0,1029.4958,1038.0426,0.9917666,27.848433,
2025-06-15 04:00:00,105425.6,106099.4,105137.0,105374.1,16601.295,1753451800.0,262910.0,7981.367,843210240.0,105643.74,106716.99,,-567.3508,-576.10406,8.7532425,-423.9138,-296.8437,44.64542,46.06083,107623.2,105643.74,103664.29,109496.84,105792.42,102088.0,63.385185,50.644672,-127717.3,1024.7034,1036.5297,0.9885904,26.743938,
2025-06-15 08:00:00,105374.2,105444.9,104812.2,104924.5,10938.222,1148842200.0,234141.0,5442.495,571640060.0,105498.945,106719.03,,-562.6128,-573.4058,10.793002,-442.7213,-326.01923,41.367825,43.941216,107228.164,105498.945,103769.73,109496.016,105797.22,102098.42,63.830017,58.69881,-138655.52,996.7031,1028.4531,0.9691284,26.077528,
2025-06-15 12:00:00,104924.6,105810.6,104900.0,105526.0,16414.58,1730202200.0,332847.0,9134.067,962705200.0,105396.4,106733.28,,-504.50626,-559.6259,55.11965,-426.51312,-346.11798,46.976273,47.34501,106840.21,105396.4,103952.58,109498.266,105807.02,102115.78,65.188965,64.13472,-122240.94,990.55286,1026.0961,0.96536076,24.91303,
2025-06-15 16:00:00,105525.9,105744.0,104999.9,105252.0,10211.904,1076225900.0,233577.0,4771.557,502981400.0,105315.85,106736.43,,-475.08936,-542.7186,67.62924,-424.22256,-361.73892,44.870705,46.008827,106593.625,105315.85,104038.08,109498.34,105814.97,102131.59,58.07569,62.36489,-132452.84,972.9491,1020.4561,0.9534453,23.831713,
2025-06-15 20:00:00,105251.9,105571.4,104399.9,105534.6,16757.16,1758322600.0,390624.0,8392.234,880779260.0,105244.55,106736.96,,-424.08423,-518.9917,94.9075,-406.01303,-370.59372,47.485146,47.610043,106284.21,105244.55,104204.89,109498.83,105828.43,102158.04,64.20743,62.490696,-115695.68,987.1313,1023.477,0.964488,23.537626,
2025-06-16 00:00:00,105534.7,105927.0,104920.0,105865.6,17792.791,1878350200.0,412295.0,9032.744,953694700.0,105200.35,106740.39,,-352.8855,-485.77048,132.88498,-371.8638,-370.84775,50.44921,49.453625,106035.33,105200.35,104365.375,109501.36,105846.8,102192.234,69.196945,63.826687,-97902.89,988.5505,1023.14746,0.96618575,22.70278,
2025-06-16 04:00:00,105865.6,107250.0,105817.3,107023.8,30100.727,3208710000.0,495472.0,17373.271,1852043600.0,105271.06,106770.72,,-200.68953,-428.75427,228.06476,-282.8969,-353.25757,59.139755,55.2405,106415.05,105271.06,104127.08,109522.67,105880.34,102238.016,81.304115,71.569496,-67802.164,1020.27545,1031.3385,0.98927313,21.89949,
2025-06-16 08:00:00,107023.8,107199.9,106540.0,106842.5,16343.835,1747263500.0,323381.0,7524.944,804491500.0,105401.49,106798.84,,-93.623276,-361.7281,268.1048,-214.48071,-325.5022,57.44143,54.220222,106634.13,105401.49,104168.86,109543.4,105904.82,102266.24,87.74634,79.4158,-84146.0,994.53436,1023.9097,0.97131056,21.153578,
2025-06-16 12:00:00,106842.6,107759.8,106446.6,107374.9,32297.363,3461664500.0,664591.0,16089.175,1724480500.0,105528.67,106838.73,,33.798126,-282.62283,316.42096,-128.29247,-286.06027,60.984676,56.686886,107001.27,105528.67,104056.07,109577.96,105930.664,102283.37,89.38612,86.14552,-51848.633,1017.2962,1029.6956,0.9879582,21.04776,
2025-06-16 16:00:00,107375.0,108882.0,107258.0,108594.2,31766.82,3436495400.0,562999.0,16330.191,1766903200.0,105708.88,106898.23,,230.51064,-179.99614,410.50677,7.004942,-227.44722,67.63124,61.65516,107673.59,105708.88,103744.17,109653.89,105964.49,102275.09,89.818855,88.98377,-20081.812,1060.6322,1041.5817,1.01829,21.906862,
2025-06-16 20:00:00,108594.2,108900.0,106640.1,106750.1,38511.68,4154725000.0,676081.0,18803.148,2029561900.0,105776.8,106914.88,,234.89554,-97.01781,331.91336,30.444204,-175.86893,52.941425,52.154736,107786.37,105776.8,103767.23,109670.98,105986.61,102302.24,78.97944,86.06147,-58593.492,1146.2942,1065.948,1.0753753,21.848812,
2025-06-17 00:00:00,106750.1,107727.4,106068.0,107553.3,37289.67,3985877500.0,759091.0,19362.322,2069997600.0,105901.96,106941.09,,299.72705,-17.668837,317.3959,90.49255,-122.596634,57.292507,55.304417,108023.58,105901.96,103780.34,109707.89,106011.41,102314.92,73.006516,80.6016,-21303.824,1182.9446,1077.817,1.0975374,21.082392,
2025-06-17 04:00:00,107553.3,107655.6,106413.4,106711.1,17587.1,1881318300.0,350180.0,8327.78,890694800.0,105936.15,106961.79,,279.92123,41.849182,238.07207,99.27142,-78.22302,51.876205,51.56693,108086.586,105936.15,103785.71,109716.164,106041.87,102367.57,58.85296,70.27964,-38890.92,1187.1771,1081.1047,1.0981148,20.370716,
2025-06-17 08:00:00,106711.0,106785.2,105461.4,105592.9,28139.512,2983648500.0,504933.0,13431.604,1424152600.0,105956.33,106961.305,,172.01276,67.8819,104.13085,50.371006,-52.50422,45.698895,47.126934,108085.83,105956.33,103826.82,109714.15,106055.305,102396.46,49.686832,60.515434,-67030.44,1196.9359,1085.9586,1.1021929,19.210184,
2025-06-17 12:00:00,105592.9,105816.5,104068.0,104199.2,60675.19,6371741700.0,916559.0,29522.95,3100569300.0,105915.03,106934.95,,-25.669554,49.171604,-74.841156,-61.37571,-54.278515,39.40128,42.354397,108144.836,105915.03,103685.23,109715.91,106053.43,102390.945,26.861538,45.133778,-127705.625,1236.3334,1099.2095,1.1247478,19.350018,
2025-06-17 16:00:00,104199.2,105288.0,103300.0,104630.6,58959.758,6140887600.0,1023493.0,29818.29,3106212900.0,105895.03,106873.41,,-145.84264,10.168756,-156.0114,-135.04227,-70.43127,42.062763,44.191284,108163.055,105895.03,103627.01,109714.56,106040.125,102365.69,17.662155,31.40351,-68745.87,1290.0238,1116.9852,1.1549157,20.017328,
2025-06-17 20:00:00,104630.5,104865.8,104143.4,104508.0,23400.633,2444920000.0,416153.0,11795.887,1232585300.0,105881.26,106812.28,,-248.11339,-41.48767,-206.62572,-203.48196,-97.041405,41.504868,43.775047,108179.26,105881.26,103583.26,109716.13,106029.555,102342.984,16.01579,20.179829,-92146.5,1249.4792,1109.0935,1.126577,20.636974,
2025-06-18 00:00:00,104508.0,105192.2,104312.2,105132.2,14529.003,1522890800.0,306367.0,7661.448,803093440.0,105908.76,106744.625,,-275.6188,-88.313896,-187.3049,-229.77051,-123.58723,45.470444,46.470436,108156.54,105908.76,103660.97,109716.13,106029.53,102342.94,26.016666,19.898205,-77617.49,1223.0879,1104.5117,1.1073562,20.79932,
2025-06-18 04:00:00,105132.1,105500.0,104660.0,104925.7,17150.86,1803293200.0,328643.0,8209.983,863214140.0,105887.05,106638.58,,-310.5006,-132.75124,-177.74936,-261.42334,-151.15445,44.398106,45.709267,108163.81,105887.05,103610.27,109716.22,106026.0,102335.78,27.773214,23.268557,-94768.36,1195.7245,1099.2214,1.0877922,20.566935,
2025-06-18 08:00:00,104925.6,105276.8,104111.4,104791.2,24837.186,2598417200.0,459647.0,12107.759,1266663400.0,105855.33,106543.89,,-345.02054,-175.2051,-169.81543,-293.90442,-179.70444,43.67562,45.2029,108174.22,105855.33,103536.44,109703.74,106006.17,102308.6,29.45893,27.749603,-119605.54,1193.5585,1100.545,1.0845158,20.80636,
2025-06-18 12:00:00,104791.1,105300.0,103750.0,104744.2,52718.895,5511269400.0,916657.0,26776.867,2799882000.0,105823.83,106455.21,,-371.88348,-214.54077,-157.34271,-322.55618,-208.2748,43.409782,45.01991,108184.734,105823.83,103462.92,109697.06,105990.125,102283.195,27.149405,28.127182,-172324.44,1219.0186,1109.534,1.098676,21.311178,
2025-06-18 16:00:00,104744.2,104795.0,103426.1,103773.3,44220.996,4603954000.0,855611.0,21516.045,2240181500.0,105766.27,106340.72,,-466.14267,-264.86115,-201.28152,-393.9857,-245.41698,38.232864,41.38594,108264.234,105766.27,103268.31,109706.45,105972.63,102238.81,20.28988,25.632738,-216545.44,1229.7244,1114.7214,1.1031674,22.026073,
2025-06-18 20:00:00,103773.3,105098.0,103601.5,104832.8,19249.459,2013128000.0,352540.0,9836.172,1028648500.0,105731.61,106257.87,,-450.1618,-301.9213,-148.24051,-400.11298,-276.35617,45.82546,46.34817,108260.984,105731.61,103202.234,109705.54,105965.42,102225.305,20.5375,22.658928,-197295.97,1248.7798,1122.357,1.1126404,22.259169,
2025-06-19 00:00:00,104832.8,105185.7,104364.5,105054.4,15050.881,1577193600.0,300592.0,7334.0,768630140.0,105721.73,106169.76,,-414.83362,-324.50375,-90.329865,-392.27124,-299.53918,47.28501,47.327473,108260.05,105721.73,103183.414,109705.22,105963.11,102221.0,22.383928,21.070436,-182245.1,1218.2384,1116.3339,1.091285,22.349325,
2025-06-19 04:00:00,105054.4,105184.0,104560.6,104585.9,12630.633,1324179700.0,205054.0,5759.226,603794600.0,105674.3,106056.766,,-419.8006,-343.5631,-76.23749,-407.0302,-321.03738,44.552147,45.484474,108259.84,105674.3,103088.74,109706.37,105957.96,102209.555,29.248045,24.056492,-194875.72,1175.7499,1106.4752,1.0626085,22.43304,
2025-06-19 08:00:00,104585.8,105032.1,104570.1,104717.7,9030.799,946802400.0,181589.0,4290.399,449827200.0,105616.9,105957.836,,-408.39413,-356.52933,-51.8648,-411.024,-339.03473,45.50633,46.10443,108233.69,105616.9,103000.11,109706.57,105951.93,102197.29,30.97387,27.53528,-185844.92,1124.7677,1093.5857,1.0285136,22.510778,
2025-06-19 12:00:00,104717.8,104861.0,104021.3,104055.1,21664.367,2260888800.0,365231.0,10479.517,1093703300.0,105468.47,105851.0,,-447.66034,-374.75552,-72.90481,-445.51352,-360.33047,41.627934,43.493534,108085.99,105468.47,102850.94,109711.87,105942.766,102173.664,27.75298,29.324965,-207509.3,1104.4058,1088.5079,1.0146052,23.125614,
2025-06-19 16:00:00,104055.2,104795.2,103870.3,104202.6,19357.697,2019501400.0,342514.0,9968.047,1039948540.0,105336.47,105751.055,,-461.55652,-392.11572,-69.4408,-465.39954,-381.3443,42.7967,44.231716,107929.66,105336.47,102743.28,109714.875,105937.83,102160.79,30.02736,29.584736,-188151.6,1091.584,1085.2358,1.0058495,23.837215,
2025-06-19 20:00:00,104202.6,104869.4,104094.6,104607.1,9976.228,1042089700.0,211253.0,5276.565,551192260.0,105198.08,105649.3,,-434.91614,-400.6758,-34.240345,-459.85007,-397.04544,45.990463,46.253487,107631.88,105198.08,102764.28,109715.75,105933.516,102151.27,38.982273,32.254204,-178175.38,1068.9565,1079.0271,0.990667,24.35629,
2025-06-20 00:00:00,104607.1,104770.0,104338.5,104555.1,8187.275,856278850.0,181590.0,4139.718,432960200.0,104996.125,105566.71,,-413.2359,-403.18784,-10.048075,-455.406,-408.71756,45.637707,46.028248,106876.6,104996.125,103115.65,109715.29,105934.44,102153.586,49.90647,39.6387,-186362.64,1023.4239,1066.0765,0.959991,24.83829,
2025-06-20 04:00:00,104555.0,105765.8,104185.3,105763.5,22781.588,2390620000.0,334081.0,12856.634,1349435900.0,104946.8,105509.98,,-295.14413,-381.5791,86.43496,-388.9093,-404.75592,54.392334,51.760185,106687.18,104946.8,103206.41,109718.5,105945.57,102172.64,71.251274,53.380005,-163581.06,1063.2151,1076.365,0.98778296,23.522404,
2025-06-20 08:00:00,105763.6,106486.2,105715.0,105928.6,35129.8,3725277000.0,517455.0,17006.793,1803360500.0,104865.56,105472.14,,-186.08824,-342.48093,156.39267,-321.8551,-388.17575,55.448,52.48412,106220.76,104865.56,103510.36,109721.89,105961.73,102201.56,78.70619,66.621315,-128451.26,1042.3568,1070.2617,0.973927,22.356445,
2025-06-20 12:00:00,105928.7,106111.9,103805.9,104168.5,58185.49,6101879300.0,850010.0,27536.607,2887067000.0,104738.43,105403.97,,-238.93178,-321.7711,82.83931,-350.91946,-380.7245,43.806614,44.93557,105828.336,104738.43,103648.52,109665.734,105987.52,102309.305,68.646904,72.868126,-186636.75,1132.6171,1094.9764,1.0343757,22.293373,
2025-06-20 16:00:00,104168.5,104221.0,102255.3,103263.9,58187.934,6002988000.0,907371.0,27449.166,2831920600.0,104621.98,105331.99,,-349.77237,-327.37134,-22.401016,-419.2449,-388.42856,39.246048,41.69911,105814.66,104621.98,103429.305,109604.914,106007.805,102410.695,43.29264,63.548576,-244824.69,1192.1229,1112.391,1.0716763,23.29826,
2025-06-20 20:00:00,103263.8,103796.8,102903.6,103246.1,16630.05,1718509000.0,318404.0,8427.187,870992800.0,104574.33,105257.7,,-434.0472,-348.7065,-85.34069,-476.45694,-406.03424,39.159657,41.637146,105899.56,104574.33,103249.086,109582.07,106016.805,102451.54,23.839243,45.259598,-261454.73,1170.7714,1108.0071,1.056646,24.231369,
2025-06-21 00:00:00,103246.1,103641.0,103067.7,103434.5,8659.61,894965500.0,179372.0,4538.486,469060930.0,104514.52,105191.4,,-480.09903,-374.98502,-105.11402,-513.5709,-427.54156,40.64883,42.585262,105929.14,104514.52,103099.9,109574.125,106020.6,102467.08,25.042742,30.724874,-252795.12,1128.0948,1097.313,1.028052,25.097828,
2025-06-21 04:00:00,103434.6,103550.0,103268.6,103402.2,6144.184,635231170.0,130959.0,2886.077,298390980.0,104459.23,105147.26,,-513.285,-402.64502,-110.63995,-544.3505,-450.90338,40.465958,42.46109,105954.68,104459.23,102963.78,109582.875,106015.39,102447.91,26.132343,25.004776,-258939.3,1067.6166,1080.9948,0.9876242,25.902395,
2025-06-21 08:00:00,103402.1,103940.6,103401.9,103827.5,12050.22,1250226800.0,193556.0,6182.229,641400700.0,104393.99,105139.125,,-499.50885,-422.0178,-77.49108,-546.68036,-470.05878,44.03611,44.690792,105880.125,104393.99,102907.87,109593.22,106001.82,102410.414,30.712929,27.296005,-246889.08,1029.8369,1070.1488,0.96233046,26.061563,
2025-06-21 12:00:00,103827.5,103899.0,103222.7,103516.7,17939.107,1857920800.0,282362.0,8559.976,886479000.0,104323.55,105112.83,,-507.81638,-439.1775,-68.63887,-561.47894,-488.3428,42.05151,43.400307,105835.54,104323.55,102811.555,109603.53,105994.4,102385.266,31.360546,29.40194,-264828.2,1004.5842,1062.2719,0.9456941,26.358027,
2025-06-21 16:00:00,103516.7,103600.0,102128.2,102207.5,22756.188,2340380200.0,379394.0,9932.844,1021603700.0,104194.36,105057.19,,-612.97565,-473.93713,-139.03851,-636.78436,-518.0311,34.91363,38.4851,105946.83,104194.36,102441.89,109649.87,105971.56,102293.26,22.93119,28.334888,-287584.38,1037.9568,1070.4624,0.969634,27.430908,
2025-06-21 20:00:00,102207.5,102849.2,100789.9,102079.8,53222.043,5411432000.0,867961.0,26353.977,2680418000.0,104061.14,104990.945,,-698.5668,-518.86304,-179.70372,-704.3715,-555.2992,34.302017,38.043827,106019.195,104061.14,102103.086,109702.06,105940.75,102179.43,18.092718,24.12815,-340806.4,1110.9099,1090.2391,1.0189598,29.155853,
2025-06-22 00:00:00,102079.8,103362.6,101781.8,102340.0,46913.543,4805703700.0,887153.0,23896.44,2448319500.0,103989.48,104936.74,,-736.9078,-562.472,-174.4358,-745.6267,-593.3647,36.73396,39.527298,106084.55,103989.48,101894.41,109743.1,105912.95,102082.805,17.225523,19.416477,-293892.88,1144.4734,1100.0504,1.0403827,30.031372,
2025-06-22 04:00:00,102340.0,102910.7,102220.9,102399.0,16170.421,1659093800.0,325274.0,8390.551,860923970.0,103867.78,104864.18,,-753.8427,-600.74615,-153.09656,-774.2218,-629.53613,37.300713,39.870083,106034.3,103867.78,101701.27,109780.26,105882.664,101985.08,26.035028,20.45109,-277722.47,1111.9968,1091.8453,1.0184562,30.844353,
2025-06-22 08:00:00,102399.1,102770.6,102022.5,102693.7,14959.174,1532175600.0,309992.0,7460.502,764200700.0,103749.75,104814.266,,-735.01117,-627.5991,-107.41201,-780.06445,-659.6418,40.183147,41.606068,105901.984,103749.75,101597.516,109805.53,105851.05,101896.56,29.627419,24.29599,-262763.28,1086.0042,1084.9705,1.0009527,31.721392,
2025-06-22 12:00:00,102693.7,102789.7,98786.9,98849.9,119443.67,11973913000.0,1660964.0,57526.258,5764934700.0,103462.95,104690.76,,-1018.50885,-705.78107,-312.72775,-973.3496,-722.38336,24.416368,29.816814,106457.11,103462.95,100468.79,109995.06,105774.15,101553.23,20.82937,25.497272,-382206.97,1294.3467,1143.327,1.1320878,33.912487,
2025-06-22 16:00:00,98849.7,100348.7,98608.9,98829.7,44659.1,4435979000.0,803653.0,22909.826,2276070100.0,103168.55,104566.74,,-1230.6268,-810.75024,-419.8766,-1134.7517,-804.857,24.362268,29.770266,106717.75,103168.55,99619.35,110166.54,105699.12,101231.69,12.394258,20.95035,-426866.06,1326.1648,1155.2565,1.1479397,35.99994,
2025-06-22 20:00:00,98829.7,100993.5,98115.4,100904.7,51416.727,5123976700.0,889055.0,26887.947,2680139500.0,103011.03,104489.164,,-1217.2649,-892.05316,-325.2117,-1163.3267,-876.55096,39.252205,39.89129,106666.9,103011.03,99355.164,110228.31,105648.195,101068.08,16.48179,16.568472,-375449.3,1437.0173,1189.7134,1.2078685,37.10741,
2025-06-23 00:00:00,100904.7,101580.6,100425.6,101104.4,27455.568,2772309000.0,488508.0,14169.825,1430908300.0,102856.12,104419.61,,-1176.9937,-949.04126,-227.95238,-1171.9567,-935.6321,40.466873,40.754093,106559.16,102856.12,99153.086,110279.14,105600.15,100921.16,33.312885,20.729645,-347993.75,1416.8732,1189.0192,1.191632,37.428596,
2025-06-23 04:00:00,101104.3,102155.1,100899.3,101874.5,23144.867,2352863500.0,391608.0,11618.957,1181126800.0,102719.49,104349.9,,-1070.5966,-973.3523,-97.24426,-1134.9706,-975.49976,45.0314,44.008373,106355.055,102719.49,99083.92,110302.516,105558.08,100813.63,53.842506,34.545727,-324848.9,1405.368,1190.3547,1.1806295,37.075184,
2025-06-23 08:00:00,101874.4,102028.9,101071.1,101248.5,18847.037,1912930400.0,335841.0,8670.372,880011970.0,102554.16,104266.36,,-1024.9739,-983.67664,-41.29723,-1128.9725,-1006.19434,42.19902,42.037537,106141.2,102554.16,98967.12,110335.484,105505.62,100675.75,56.542835,47.89941,-343695.94,1373.3988,1185.7036,1.1582986,36.747013,
2025-06-23 12:00:00,101248.4,102596.5,100749.8,101369.7,54410.6,5535184400.0,940370.0,27058.129,2753126400.0,102334.47,104186.27,,-967.88055,-980.5174,12.636844,-1112.1394,-1027.3833,42.947235,42.560467,105635.14,102334.47,99033.8,110355.96,105450.86,100545.766,58.060955,56.148766,-289285.3,1407.206,1198.9236,1.1737245,35.791725,
2025-06-23 16:00:00,101369.6,103273.7,99547.6,103114.2,96846.7,9839181000.0,1473213.0,48487.965,4927966700.0,102193.75,104150.06,,-772.957,-939.0053,166.04834,-1004.96136,-1022.8989,52.481846,49.452595,105083.95,102193.75,99303.55,110351.555,105422.07,100492.59,65.36059,59.988125,-192438.62,1572.8413,1249.4672,1.2588097,35.646618,
2025-06-23 20:00:00,103114.2,106050.0,102818.4,105290.9,76517.266,8011654000.0,1087671.0,40459.766,4235691000.0,102249.87,104145.36,,-437.7906,-838.7624,400.9718,-799.4643,-978.21204,61.19583,56.31931,105328.7,102249.87,99171.04,110347.79,105418.41,100489.02,77.57651,66.99935,-115921.36,1691.3241,1289.1097,1.3120093,33.102974,
2025-06-24 00:00:00,105291.0,105454.1,104658.0,104870.0,22863.36,2400756200.0,422289.0,10789.198,1132961200.0,102330.17,104137.72,105175.52,-203.7828,-711.7665,507.98364,-640.812,-910.732,58.944866,54.807625,105589.125,102330.17,99071.23,110341.83,105411.14,100480.45,87.33069,76.75593,-138784.72,1627.3795,1279.2495,1.2721361,30.74102,105175.52
2025-06-24 04:00:00,104870.0,105775.9,104651.4,104891.8,27514.69,2895681000.0,447016.0,13209.837,1390198300.0,102412.46,104124.87,105183.8,-16.382048,-572.6896,556.30756,-500.87027,-828.75964,59.028927,54.873497,105838.58,102412.46,98986.34,110286.914,105379.5,100472.086,86.98821,83.96513,-111270.03,1591.4596,1276.1545,1.2470742,28.776928,105183.8
2025-06-24 08:00:00,104891.8,105525.0,104570.8,105134.6,23689.654,2488575500.0,416502.0,12167.321,1278257200.0,102497.47,104110.24,105195.42,149.99727,-428.15222,578.1495,-366.57568,-736.3229,60.010983,55.629826,106100.586,102497.47,98894.34,110237.68,105352.2,100466.73,86.3316,86.8835,-87580.375,1545.941,1269.7155,1.2175492,26.888493,105195.42
2025-06-24 12:00:00,105134.5,105675.0,104750.0,105184.4,32530.67,3423245000.0,561654.0,16311.345,1716572800.0,102586.58,104073.46,105200.195,282.61472,-285.99884,568.6135,-247.43097,-638.5445,60.22159,55.789402,106358.97,102586.58,98814.19,110153.57,105314.78,100475.984,87.65239,86.99073,-55049.703,1501.5881,1262.8212,1.1890742,25.25537,105200.195
2025-06-24 16:00:00,105184.3,106239.0,105125.3,105582.1,27242.578,2880287000.0,488322.0,13609.254,1438782200.0,102674.305,104048.25,105206.64,415.02194,-145.79468,560.8166,-124.44007,-535.72363,61.945244,57.08366,106634.96,102674.305,98713.65,109987.125,105262.58,100538.03,89.82256,87.93552,-27807.125,1473.8818,1259.8387,1.1698972,24.186798,105206.64
2025-06-24 20:00:00,105582.1,106073.9,105382.4,106034.9,10608.935,1122642700.0,229697.0,5714.246,604661250.0,102800.22,104021.45,105216.984,550.151,-6.605544,556.75653,3.9793422,-427.78302,63.86509,58.534832,107012.125,102800.22,98588.305,109862.875,105223.35,100583.836,92.83069,90.10188,-17198.19,1417.9974,1248.4719,1.1357863,23.194553,105216.984
2025-06-25 00:00:00,106034.9,106750.9,105755.6,106177.0,25837.305,2747141600.0,459860.0,13713.433,1458340900.0,102998.69,103973.11,105229.766,661.0874,126.93305,534.15436,120.863045,-318.0538,64.47087,58.991756,107447.61,102998.69,98549.77,109756.76,105189.63,100622.516,94.25181,92.30169,8639.114,1387.8047,1243.4086,1.1161293,22.807388,105229.766
2025-06-25 04:00:00,106176.9,106664.2,105949.2,106547.5,11857.788,1260214500.0,222877.0,6025.5,640434300.0,103222.08,103969.055,105245.85,770.0252,255.55148,514.47375,238.7193,-206.69919,66.06812,60.192654,107906.44,103222.08,98537.72,109640.09,105156.484,100672.87,96.00601,94.36284,20496.902,1339.7472,1232.8403,1.0867159,22.44788,105245.85
2025-06-25 08:00:00,106547.5,107187.6,106286.5,107136.3,25270.695,2698874000.0,428448.0,13090.808,1398397200.0,103461.89,103960.71,105267.37,893.56995,383.15518,510.41476,367.7328,-91.81279,68.492325,62.047245,108423.92,103461.89,98499.85,109565.47,105135.82,100706.164,96.61967,95.62583,45767.598,1308.4153,1226.2056,1.067044,22.522562,105267.37
2025-06-25 12:00:00,107136.3,108095.7,106700.0,106982.6,62655.746,6734665000.0,906466.0,31020.084,3334207700.0,103691.07,103966.14,105283.47,967.9201,500.10815,467.81195,468.5157,20.252905,67.14381,61.26491,108854.87,103691.07,98527.27,109459.03,105107.984,100756.94,94.49441,95.706696,-16888.148,1314.6499,1229.5955,1.0691727,23.22043,105283.47
2025-06-25 16:00:00,106982.7,107863.1,106859.0,107698.2,20971.111,2251596800.0,401913.0,10603.124,1138477400.0,103941.3,104008.25,105301.69,1072.2262,614.53174,457.6944,588.12244,133.82681,70.09589,63.513878,109365.945,103941.3,98516.64,109327.805,105079.48,100831.15,93.88559,94.999886,4082.963,1292.4678,1225.0856,1.0550021,23.868452,105301.69
2025-06-25 20:00:00,107698.1,107965.9,107022.6,107280.0,12685.178,1363084000.0,245839.0,6695.936,719593100.0,104362.8,104069.87,105313.47,1108.3677,713.29895,395.0687,666.53564,240.36858,66.344315,61.328903,109438.34,104362.8,99287.26,109214.23,105052.69,100891.15,90.92859,93.10286,-8602.215,1267.5272,1219.4498,1.0394255,24.542128,105313.47
2025-06-26 00:00:00,107280.1,108249.9,107041.4,107809.3,21442.777,2309419500.0,418305.0,11169.472,1203281300.0,104811.78,104133.44,105334.49,1166.276,803.89435,362.38165,756.71124,343.63712,68.63256,63.019566,109416.93,104811.78,100206.625,109134.91,105034.85,100934.79,92.56515,92.45978,12840.563,1263.311,1219.2308,1.036154,25.369598,105334.49
2025-06-26 04:00:00,107809.4,108044.9,107467.6,107768.5,10862.684,1170526300.0,223334.0,5281.371,569129150.0,105154.97,104198.65,105351.31,1195.1002,882.13556,312.9647,827.9878,440.50726,68.24737,62.797356,109563.11,105154.97,100746.83,109064.2,105018.766,100973.33,89.753624,91.08245,1977.879,1214.3102,1206.3922,1.0065633,26.137962,105351.31
2025-06-26 08:00:00,107768.6,108135.0,107050.0,107272.8,17852.703,1918227600.0,314208.0,8026.797,862504700.0,105463.39,104241.46,105374.04,1164.5209,938.6126,225.90828,860.00433,524.4067,63.578655,60.09424,109545.89,105463.39,101380.89,108942.27,104991.55,101040.83,84.08174,88.80017,-15874.825,1205.0737,1203.9644,1.0009215,26.196068,105374.04
2025-06-26 12:00:00,107272.8,107724.5,106500.0,107260.0,33276.67,3563856400.0,598457.0,17003.184,1821103600.0,105732.664,104288.15,105393.92,1126.2708,976.1442,150.12651,882.4385,596.01306,63.457935,60.024185,109533.49,105732.664,101931.836,108877.54,104975.55,101073.555,77.81704,83.88413,-49151.496,1206.4613,1204.3751,1.0017322,25.458757,105393.92
2025-06-26 16:00:00,107259.9,107630.8,106952.0,107476.1,13297.913,1426738000.0,301090.0,6558.998,703827460.0,106044.05,104341.84,105415.52,1100.7064,1001.0567,99.649765,908.01245,658.4129,64.67733,60.833553,109306.69,106044.05,102781.4,108824.98,104962.914,101100.86,74.808876,78.90255,-35853.582,1168.7712,1193.8635,0.97898227,24.774115,105415.52
2025-06-26 20:00:00,107476.0,107971.3,106789.9,106913.7,17700.637,1898224800.0,325697.0,8712.252,934503500.0,106321.24,104385.234,105423.16,1023.26996,1005.4993,17.770617,897.21814,706.17395,59.145737,57.64433,108794.875,106321.24,103847.62,108789.28,104952.73,101116.18,69.40696,74.010956,-53554.22,1169.6733,1193.6143,0.97994244,24.492653,105423.16
2025-06-27 00:00:00,106913.8,107462.5,106345.2,107428.0,15903.805,1701100500.0,285239.0,8182.509,875299500.0,106536.94,104458.33,105436.9,991.9659,1002.79266,-10.826734,909.2179,746.7828,62.319477,59.674274,108566.89,106536.94,104506.984,108783.15,104951.055,101118.96,68.82144,71.01243,-37650.414,1165.9324,1192.088,0.97805893,23.57039,105436.9
2025-06-27 04:00:00,107428.1,107686.0,106801.0,106816.9,13995.556,1500915600.0,240241.0,6738.591,722764350.0,106613.234,104498.016,105448.586,907.3868,983.7115,-76.324684,884.37665,774.3015,56.684658,56.307426,108563.26,106613.234,104663.21,108781.62,104950.54,101119.46,57.040848,65.08975,-51645.97,1145.8657,1185.9463,0.96620375,22.96534,105448.586
2025-06-27 08:00:00,106816.9,107125.9,106616.8,106943.7,18756.592,2005105900.0,283243.0,10430.821,1115150700.0,106716.92,104535.8,105460.414,840.89557,955.1483,-114.2527,865.0554,792.45233,57.542492,56.837986,108498.39,106716.92,104935.445,108781.03,104950.34,101119.664,52.370796,59.41103,-32889.38,1100.3824,1172.4093,0.9385651,22.123024,105460.414
2025-06-27 12:00:00,106943.7,107378.6,106313.1,107261.3,34011.742,3630785300.0,547025.0,17122.254,1827989800.0,106835.4,104589.305,105465.31,804.55414,925.0295,-120.47534,860.0906,805.98,59.695564,58.17374,108419.87,106835.4,105250.92,108799.08,104956.09,101113.12,45.141186,51.51761,1122.365,1097.8909,1170.2711,0.9381509,20.88732,105465.31
2025-06-27 16:00:00,107261.2,107659.9,106373.3,106748.1,27344.037,2924216000.0,480861.0,13020.803,1392458100.0,106916.07,104629.914,105469.31,725.9737,885.2183,-159.2446,825.88513,809.961,54.85484,55.271576,108297.195,106916.07,105534.945,108828.03,104968.89,101109.74,38.444756,45.318913,-26221.674,1111.3701,1172.5978,0.9477846,20.106323,105469.31
2025-06-27 20:00:00,106748.2,107232.1,106736.7,107010.7,8625.716,923281000.0,168453.0,4622.135,494730900.0,107007.38,104689.02,105480.984,677.0828,843.5912,-166.5084,805.6401,809.0968,56.785862,56.439163,108137.08,107007.38,105877.69,108879.805,105000.09,101120.375,36.042156,39.876034,-17595.957,1067.3722,1159.0538,0.9208997,19.381113,105480.984
2025-06-28 00:00:00,107010.6,107313.4,106767.0,107248.0,8573.672,917593600.0,166009.0,4949.308,529770700.0,107090.68,104749.94,105493.3,649.9918,804.87134,-154.8795,796.1673,806.5109,58.512802,57.492016,108014.664,107090.68,106166.695,108935.58,105027.24,101118.91,35.58275,36.689888,-9022.285,1030.1599,1146.8007,0.8982903,18.821848,105493.3
2025-06-28 04:00:00,107248.0,107458.4,107127.2,107433.0,5266.941,565190300.0,121015.0,2611.297,280237060.0,107160.586,104806.45,105508.39,636.11725,771.12054,-135.00328,793.3373,803.87616,59.85957,58.316715,107957.266,107160.586,106363.91,108995.77,105054.695,101113.62,47.37023,39.665047,-3755.344,980.23425,1130.4886,0.8670889,18.51078,105508.39
2025-06-28 08:00:00,107433.1,107450.0,107194.7,107320.3,5080.545,545105340.0,106620.0,2376.634,254986880.0,107217.75,104861.76,105524.195,609.0073,738.6979,-129.69055,781.3159,799.36414,58.611332,57.601883,107875.96,107217.75,106559.54,109045.72,105076.36,101107.0,53.791824,45.5816,-8835.889,928.4532,1112.9849,0.8342011,18.221933,105524.195
2025-06-28 12:00:00,107320.2,107538.0,107039.8,107407.6,6987.81,749361860.0,130298.0,3839.243,411747420.0,107260.76,104894.64,105539.14,587.7912,708.51654,-120.72534,771.4961,793.7905,59.319,58.020416,107846.59,107260.76,106674.914,109102.51,105102.85,101103.195,57.726593,52.962883,-1848.079,897.7208,1100.6892,0.81559885,17.63291,105539.14
2025-06-28 16:00:00,107407.7,107494.0,107157.0,107162.5,6567.659,704905860.0,134006.0,3230.966,346814500.0,107262.06,104919.31,105555.06,544.9183,675.7969,-130.87862,746.9877,784.42993,56.40315,56.379738,107846.91,107262.06,106677.23,109134.164,105115.61,101097.05,55.52727,55.681896,-8415.738,857.6694,1085.4154,0.7901761,17.08596,105555.06
2025-06-28 20:00:00,107162.5,107324.8,107096.7,107241.0,3193.792,342414980.0,89245.0,1584.43,169870960.0,107274.984,104980.766,105573.11,511.38058,642.91364,-131.53304,726.223,772.7886,57.129986,56.790638,107845.805,107274.984,106704.164,109182.11,105138.66,101095.21,55.752377,56.335415,-5221.946,812.70013,1068.2692,0.76076347,16.441345,105573.11
2025-06-29 00:00:00,107240.9,107464.0,107112.6,107156.5,6341.251,680425200.0,106278.0,3185.02,341777000.0,107247.9,105058.62,105588.15,472.5362,608.83813,-136.30196,700.6131,758.35345,56.0468,56.19236,107786.31,107247.9,106709.484,109228.266,105162.61,101096.945,52.68162,54.65376,-11563.197,779.7501,1053.9318,0.7398488,16.11516,105588.15
2025-06-29 04:00:00,107156.5,107372.6,107156.4,107367.2,3360.312,360436580.0,70069.0,1870.525,200639500.0,107252.26,105141.04,105608.24,453.52548,577.77563,-124.25013,685.7486,743.8325,58.17619,57.36822,107793.05,107252.26,106711.47,109280.87,105188.86,101096.85,61.19991,56.544636,-8202.885,739.4965,1037.1771,0.7129896,15.812271,105608.24
2025-06-29 08:00:00,107367.3,108460.0,107351.6,108448.3,25224.95,2722544400.0,416172.0,14480.99,1562880100.0,107284.21,105241.31,105633.77,519.7043,566.1613,-46.45707,723.66565,739.79913,67.00816,62.7543,108000.04,107284.21,106568.38,109378.266,105230.04,101081.805,75.69883,63.193455,17022.064,765.8468,1038.6016,0.73738265,17.250332,105633.77
2025-06-29 12:00:00,108448.3,108499.0,107580.6,107686.9,14699.842,1587816200.0,280484.0,6378.889,689102660.0,107280.13,105327.01,105655.97,504.89273,553.9076,-49.01489,714.3964,734.71857,57.757477,57.392273,107985.73,107280.13,106574.53,109442.88,105264.92,101086.96,79.69412,72.19762,2322.222,776.7434,1036.1975,0.7496094,18.633438,105655.97
2025-06-29 16:00:00,107686.9,107735.7,107233.1,107346.5,13327.099,1432321400.0,233258.0,6387.249,686502600.0,107283.81,105397.39,105693.98,460.38007,535.2021,-74.82204,685.8793,724.95074,54.157757,55.179047,107989.99,107283.81,106577.64,109488.164,105287.24,101086.32,69.859665,75.084206,-11004.877,757.16174,1025.5256,0.7383158,19.029236,105693.98
2025-06-29 20:00:00,107346.5,108400.0,107203.8,108309.8,16494.871,1779858000.0,292643.0,9249.33,997921340.0,107336.305,105493.25,105741.555,497.10342,527.5824,-30.478947,706.2327,721.2071,61.47517,59.786922,108171.82,107336.305,106500.79,109568.56,105319.65,101070.734,67.07446,72.20942,5489.995,788.5216,1028.9391,0.76634437,20.251757,105741.555
2025-06-30 00:00:00,108309.8,108783.9,108193.5,108466.7,16475.111,1788053800.0,278093.0,8324.502,903615800.0,107385.836,105618.44,105783.375,532.7265,528.6112,4.115326,727.9487,722.5554,62.524437,60.48174,108355.33,107385.836,106416.34,109654.8,105354.4,101054.0,74.293594,70.40924,21965.107,774.3701,1020.1683,0.7590611,21.794975,105783.375
2025-06-30 04:00:00,108466.8,108500.0,107427.5,107562.6,20237.324,2182961400.0,292001.0,9952.989,1073281700.0,107418.28,105728.09,105814.39,482.44348,519.3776,-36.934185,697.67114,717.5786,53.48475,54.757385,108365.58,107418.28,106470.984,109708.48,105384.04,101059.6,71.683914,71.01733,1727.782,795.6651,1021.2149,0.77913576,21.59426,105814.39
2025-06-30 08:00:00,107562.6,107916.6,107320.0,107608.1,14358.165,1544862100.0,219901.0,7272.242,782520600.0,107427.28,105833.45,105840.375,441.17963,503.73804,-62.558434,670.5705,708.17694,53.8464,54.982533,108378.195,107427.28,106476.375,109757.14,105407.44,101057.73,52.17883,66.05212,16085.947,781.44617,1012.7226,0.771629,21.205708,105840.375
2025-06-30 12:00:00,107608.1,107821.8,106686.4,107525.6,38964.36,4179128000.0,572506.0,18497.582,1983942900.0,107462.72,105935.984,105857.664,397.2415,482.43872,-85.19724,639.9216,694.5259,53.041145,54.466496,108371.914,107462.72,106553.52,109805.38,105432.98,101060.58,37.346783,53.736507,-22878.414,806.7286,1015.17615,0.79466856,19.75651,105857.664
2025-06-30 16:00:00,107525.7,107775.0,107057.9,107689.6,15502.118,1665802400.0,309087.0,7684.345,825770600.0,107500.016,106035.91,105882.06,371.37268,460.22552,-88.85284,618.71716,679.36414,54.49789,55.34136,108381.766,107500.016,106618.266,109855.375,105457.195,101059.016,40.140682,43.2221,-7376.296,800.32654,1009.21466,0.7930191,18.410828,105882.06
2025-06-30 20:00:00,107689.6,107714.9,106863.8,107087.4,9144.305,980446000.0,193508.0,4168.37,446915900.0,107491.32,106200.66,105901.836,298.8342,427.94727,-129.11305,567.3838,656.9681,48.543,51.524467,108385.66,107491.32,106596.984,109881.73,105470.92,101060.12,35.651966,37.713142,-16520.602,803.9532,1006.05237,0.7991167,17.351276,105901.836
2025-07-01 00:00:00,107087.3,107499.9,106972.9,107149.4,9332.538,1000577000.0,192059.0,4550.687,487912900.0,107511.38,106367.05,105917.99,243.5424,391.06628,-147.5239,523.75684,630.3258,49.158947,51.88322,108354.67,107511.38,106668.09,109885.2,105472.336,101059.46,29.67342,35.155357,-7188.063,784.17084,996.4713,0.7869477,16.367407,105917.99
2025-07-01 04:00:00,107149.4,107164.5,106557.4,107134.9,15896.58,1698591200.0,257899.0,7731.238,826147400.0,107517.59,106491.65,105934.12,196.29051,352.11115,-155.82063,483.112,600.88306,49.01119,51.789104,108347.77,107517.59,106687.42,109892.99,105475.62,101058.24,22.376488,29.23396,-23084.643,771.5229,988.6839,0.7803535,16.139463,105934.12
2025-07-01 08:00:00,107134.8,107139.1,106222.0,106556.8,16028.372,1707440500.0,269887.0,7885.626,839993800.0,107483.03,106600.7,105944.266,110.916626,303.87222,-192.95561,417.0401,564.11444,43.409054,48.13378,108407.43,107483.03,106558.64,109871.34,105466.43,101061.51,20.359964,24.136625,-39113.016,781.92126,987.2522,0.79201776,16.421759,105944.266
2025-07-01 12:00:00,106556.8,107140.7,105578.0,105908.3,45292.145,4810425000.0,705783.0,21795.35,2315030000.0,107406.8,106681.375,105947.05,-8.967945,241.3042,-250.27214,326.03845,516.49927,38.142155,44.439323,108558.63,107406.8,106254.97,109791.56,105436.25,101080.94,16.43629,19.724249,-84405.164,837.69116,998.76117,0.8387302,17.491009,105947.05
2025-07-01 16:00:00,105908.3,106248.6,105333.0,105340.1,21726.121,2298191000.0,371066.0,10414.646,1101700400.0,107307.79,106763.21,105944.59,-148.1189,163.41957,-311.53848,218.19182,456.83777,34.224003,41.50832,108770.75,107307.79,105844.83,109766.734,105420.41,101074.08,7.859016,14.885091,-106131.28,843.2561,997.09796,0.8457104,18.752253,105944.59
2025-07-01 20:00:00,105340.1,106066.1,105182.6,105637.9,12158.643,1283742100.0,247037.0,6234.418,658271550.0,107219.305,106848.57,105945.5,-231.69621,84.39642,-316.09262,139.78201,393.42664,37.828743,43.55699,108851.68,107219.305,105586.93,109721.66,105398.88,101076.11,7.717093,10.6708,-93972.64,846.1307,994.826,0.85053134,20.08525,105945.5
2025-07-02 00:00:00,105637.9,106165.1,105010.0,106140.0,15209.233,1606918100.0,275438.0,7802.611,824625150.0,107168.18,106909.086,105950.38,-254.48305,16.620527,-271.10358,97.147705,334.17084,43.455368,46.85245,108867.16,107168.18,105469.2,109709.125,105392.47,101075.81,14.263634,9.946581,-78763.41,868.1999,998.03143,0.8699124,21.508076,105950.38
2025-07-02 04:00:00,106140.0,107144.4,106074.2,107026.0,21402.727,2283208700.0,334142.0,11263.22,1201391200.0,107157.43,106943.79,105961.81,-198.75781,-26.455141,-172.30267,104.509636,288.2386,51.753048,52.040596,108857.15,107157.43,105457.71,109738.766,105408.57,101078.375,32.001564,17.994097,-57360.68,882.6285,999.47485,0.8830923,20.81057,105961.81
2025-07-02 08:00:00,107026.1,107799.9,107026.1,107439.6,30093.389,3236493000.0,396949.0,14351.858,1543383300.0,107171.586,106995.18,105974.45,-119.83967,-45.132046,-74.70762,130.96153,256.78317,55.067825,54.23058,108875.75,107171.586,105467.42,109788.36,105444.98,101101.59,50.992695,32.419296,-27267.293,874.8622,994.9633,0.8792909,19.499207,105974.45
2025-07-02 12:00:00,107439.7,108754.6,107132.3,108695.3,42934.44,4633323500.0,606638.0,23683.182,2556576300.0,107237.99,107071.25,105993.74,43.526283,-27.400381,70.92666,215.70811,248.56818,63.309692,60.046474,109066.44,107237.99,105409.54,109884.01,105490.65,101097.29,73.81732,52.270527,15667.149,928.25055,1007.5101,0.92133135,19.439125,105993.74
2025-07-02 16:00:00,108695.4,109690.4,108603.9,109621.9,52472.3,5732834300.0,756538.0,27820.918,3039680300.0,107296.67,107161.0,106017.21,244.94032,27.067762,217.87257,333.41788,265.53812,67.977516,63.62752,109339.484,107296.67,105253.86,110021.59,105548.11,101074.62,88.85629,71.22211,68139.445,939.55414,1009.08984,0.9310906,20.250261,106017.21
2025-07-02 20:00:00,109621.8,109621.9,108682.5,108800.0,15455.173,1686858800.0,251753.0,7492.139,817909570.0,107352.33,107233.31,106038.9,334.38736,88.53168,245.85567,391.29767,290.69003,60.61155,58.72527,109492.945,107352.33,105211.71,110114.01,105589.32,101064.63,92.64294,85.10552,52684.273,939.5431,1007.69604,0.93236756,21.003458,106038.9
2025-07-03 00:00:00,108800.0,109075.1,108480.6,108594.8,12861.074,1398870300.0,245253.0,6298.619,685157250.0,107414.74,107293.56,106059.58,384.287,147.68274,236.60426,428.56836,318.2657,58.895653,57.562645,109622.77,107414.74,105206.71,110196.96,105630.55,101064.125,85.36806,88.955765,39823.2,914.89716,999.4321,0.915417,21.366606,106059.58
2025-07-03 04:00:00,108594.8,109516.3,108509.1,109235.0,16803.207,1833625900.0,278665.0,9122.503,995488700.0,107461.0,107357.56,106085.4,470.0729,212.16078,257.91214,490.302,352.67294,62.465797,60.14728,109778.17,107461.0,105143.83,110305.89,105680.48,101055.06,82.612595,86.874535,56626.41,921.49023,999.5875,0.92187047,22.116068,106085.4
2025-07-03 08:00:00,109234.9,110265.1,109234.9,109551.0,26021.31,2856674300.0,394664.0,13827.023,1518165400.0,107515.22,107425.05,106098.2,557.13513,281.15564,275.9795,556.43274,393.4249,64.122246,61.366756,109970.586,107515.22,105059.84,110426.68,105734.484,101042.29,84.42437,84.13501,82647.72,929.2552,1000.19977,0.92906964,23.41989,106098.2
2025-07-03 12:00:00,109551.1,110484.0,108706.0,109089.8,60448.793,6626799600.0,936205.0,30491.82,3343127300.0,107591.58,107475.89,106108.8,582.20624,341.36578,240.8405,587.1323,432.16638,59.962936,58.617992,110141.27,107591.58,105041.88,110520.266,105794.22,101068.17,83.73729,83.591415,22198.926,989.8798,1015.75574,0.97452545,23.760681,106108.8
2025-07-03 16:00:00,109089.9,109865.9,108966.0,109743.9,17643.766,1930409600.0,322275.0,9633.685,1054014500.0,107698.37,107528.05,106117.33,647.393,402.57123,244.82176,643.14984,474.3631,63.57195,61.205708,110415.305,107698.37,104981.42,110643.45,105849.4,101055.35,82.47384,83.545166,39842.69,983.4527,1013.43866,0.9704117,24.07713,106117.33
2025-07-03 20:00:00,109743.8,109963.1,109488.8,109545.2,7709.844,845949900.0,165512.0,3854.238,422911100.0,107799.34,107579.3,106112.586,675.23676,457.10434,218.13245,677.89404,515.0693,61.750954,60.008793,110630.805,107799.34,104967.88,110753.54,105899.86,101046.18,81.28669,82.499275,32132.848,947.08466,1002.6559,0.94457597,24.464104,106112.586
2025-07-04 00:00:00,109545.1,109732.3,109050.0,109195.6,10659.199,1165549000.0,204085.0,5098.493,557530000.0,107874.65,107609.24,106110.3,661.4684,497.97714,163.49126,686.7309,549.4016,58.571953,57.91644,110769.81,107874.65,104979.48,110846.35,105951.66,101056.95,81.93095,81.897156,21473.648,928.17145,996.2488,0.9316664,24.073193,106110.3
2025-07-04 04:00:00,109195.7,109283.2,108661.0,108661.0,15465.862,1684571600.0,258722.0,7092.355,772606400.0,107953.33,107636.87,106106.7,600.49695,518.4811,82.01585,664.12274,572.3458,53.994354,54.845917,110844.164,107953.33,105062.484,110916.5,105995.96,101075.42,75.33675,79.51813,6007.787,906.31635,988.76776,0.91661197,23.099346,106106.7
2025-07-04 08:00:00,108661.1,109071.1,108456.4,108842.3,16634.81,1809991600.0,232277.0,8690.556,945769860.0,108037.97,107657.52,106102.15,560.3467,526.85425,33.49248,650.5372,587.98413,55.27106,55.682568,110928.836,108037.97,105147.11,110988.875,106049.75,101110.625,68.64398,75.303894,22642.598,885.48663,981.28644,0.90237325,21.886486,106102.15
2025-07-04 12:00:00,108842.2,108929.3,107436.0,107534.7,48983.285,5289706000.0,670760.0,22701.508,2451763000.0,108057.96,107652.85,106092.15,418.19427,505.12222,-86.92796,570.2888,584.44507,45.470135,48.83075,110929.03,108057.96,105186.89,111020.25,106087.19,101154.125,48.059006,64.013245,-26340.688,928.90186,991.5267,0.93684,21.20209,106092.15
2025-07-04 16:00:00,107534.6,107868.6,107200.0,107429.6,28292.818,3042880800.0,397776.0,13621.032,1465107700.0,108101.6,107655.984,106078.05,293.67148,462.8321,-169.1606,493.57,566.27,44.782764,48.32886,110905.83,108101.6,105297.375,111049.79,106118.9,101188.016,28.783342,48.495445,-54633.508,910.3089,985.0682,0.9241075,20.826225,106078.05
2025-07-04 20:00:00,107429.6,108229.0,107385.9,107935.4,12269.87,1323723900.0,193542.0,7045.755,760191550.0,108202.95,107669.49,106062.07,233.11295,416.88824,-183.77531,450.79758,543.17554,48.794598,50.88003,110823.266,108202.95,105582.65,111091.07,106156.88,101222.695,15.323966,30.722105,-42363.637,905.50824,982.2288,0.92189133,19.948692,106062.07
2025-07-05 00:00:00,107935.3,108218.0,107688.3,108093.5,7916.035,854893000.0,152115.0,3934.171,424915200.0,108340.625,107681.84,106051.164,195.6222,372.63504,-177.01285,419.87817,518.51605,50.017036,51.663303,110610.734,108340.625,106070.516,111133.33,106183.06,101232.8,19.490408,21.199238,-34447.6,878.6648,973.1782,0.9028817,19.13384,106051.164
2025-07-05 04:00:00,108093.4,108368.1,107946.1,108000.9,7573.066,818764000.0,137885.0,3855.743,416943140.0,108458.77,107703.586,106041.47,156.63289,329.4346,-172.80173,386.71268,492.1554,49.27504,51.16158,110371.81,108458.77,106545.734,111171.08,106206.34,101241.62,24.663013,19.825796,-42020.668,846.0459,962.15466,0.8793242,18.145346,106041.47
2025-07-05 08:00:00,108000.8,108175.0,107828.1,108059.1,5891.798,636324540.0,127108.0,3035.268,327835070.0,108554.73,107716.2,106033.55,128.94347,289.3364,-160.39291,359.33264,465.59085,49.779312,51.472588,110160.81,108554.73,106948.65,111210.76,106250.06,101289.37,25.918594,23.357338,-36128.87,810.3926,949.84955,0.85317993,17.394495,106033.55
2025-07-05 12:00:00,108059.2,108194.4,107908.8,108012.7,5090.317,550072700.0,107777.0,2503.411,270536060.0,108604.06,107740.125,106021.87,102.0786,251.88483,-149.80623,331.80603,438.8339,49.35802,51.19965,110074.13,108604.06,107133.99,111236.57,106303.42,101370.266,25.098457,25.226688,-41219.188,772.9074,936.5646,0.825258,16.663809,106021.87
2025-07-05 16:00:00,108012.6,108130.7,107809.2,108092.1,6157.434,664801600.0,120770.0,3164.205,341635260.0,108636.69,107763.09,106017.75,86.20124,218.74811,-132.54686,310.58176,413.18344,50.135715,51.660206,110028.836,108636.69,107244.54,111261.73,106357.87,101454.01,26.024158,25.680403,-35061.754,740.664,924.2633,0.80135614,16.141153,106017.75
2025-07-05 20:00:00,108092.2,108183.8,107930.1,108153.4,4032.298,435798300.0,89296.0,1969.231,212842530.0,108609.59,107780.93,106014.65,77.669395,190.53236,-112.86297,293.94708,389.33618,50.764355,52.02722,110017.13,108609.59,107202.055,111289.15,106410.89,101532.63,28.805676,26.642763,-31029.455,705.88086,910.852,0.7749677,15.551846,106014.65
2025-07-06 00:00:00,108153.4,108211.0,107968.1,107996.3,4372.14,472608450.0,80119.0,2070.173,223783400.0,108528.31,107805.9,106015.875,57.56759,163.9394,-106.37182,270.39972,365.5489,49.05742,50.98555,109879.25,108528.31,107177.38,111309.45,106462.51,101615.56,30.162949,28.330927,-35401.594,672.8108,897.493,0.7496558,14.948447,106015.875
2025-07-06 04:00:00,107996.2,108180.0,107901.0,107991.3,3924.309,423914530.0,80920.0,2080.089,224703890.0,108487.88,107825.51,106018.75,40.76341,139.30421,-98.5408,248.6647,342.17206,49.000946,50.951458,109852.21,108487.88,107123.555,111333.93,106509.3,101684.66,31.524025,30.164217,-39325.902,644.68146,885.1231,0.7283523,14.514226,106018.75
2025-07-06 08:00:00,107991.4,108087.2,107743.4,108017.3,7597.263,819774300.0,115738.0,3689.102,398102850.0,108459.01,107840.89,106026.766,29.207272,117.28482,-88.07755,230.13795,319.76523,49.327606,51.12987,109837.43,108459.01,107080.58,111352.2,106559.86,101767.516,33.100086,31.595688,-31728.64,623.18994,874.29663,0.71279,14.409518,106026.766
2025-07-06 12:00:00,108017.3,109079.1,107984.7,108856.8,25569.42,2778009000.0,404931.0,13737.627,1492367000.0,108440.09,107869.37,106039.94,86.78913,111.185684,-24.396551,255.12189,306.83655,58.557762,56.494984,109785.4,108440.09,107094.79,111360.03,106634.57,101909.11,52.883682,39.169266,-6159.222,656.8478,878.6987,0.74752337,14.362919,106039.94
2025-07-06 16:00:00,108856.8,108917.0,108209.6,108493.8,10930.018,1186759000.0,215006.0,4789.336,520053200.0,108387.234,107892.84,106052.05,101.95681,109.33991,-7.383097,257.05753,296.88077,53.979145,53.812756,109633.195,108387.234,107141.27,111346.914,106706.64,102066.36,65.4183,50.467358,-17089.24,660.4587,875.27277,0.7545747,14.319649,106052.05
2025-07-06 20:00:00,108493.8,109684.7,108477.9,109145.8,19995.453,2183356200.0,382163.0,10740.699,1172810100.0,108390.03,107927.6,106076.6,164.68982,120.40989,44.279926,290.02725,295.51004,60.025074,57.608482,109642.53,108390.03,107137.54,111356.86,106783.11,102209.36,78.44441,65.58213,2906.214,699.48303,881.9033,0.7931517,15.360514,106076.6
2025-07-07 00:00:00,109145.8,109667.3,108622.6,109348.9,15642.606,1707859700.0,286556.0,8069.146,881055800.0,108370.28,107971.33,106112.125,228.1645,141.96082,86.2037,326.9212,301.79227,61.712456,58.71813,109546.93,108370.28,107193.64,111369.73,106861.195,102352.664,77.518585,73.79376,18548.82,724.1414,885.15924,0.8180917,16.327032,106112.125
2025-07-07 04:00:00,109349.0,109409.7,108611.0,109016.3,11504.51,1253814900.0,199152.0,5457.532,594763500.0,108343.84,108006.836,106141.19,248.76303,163.32126,85.44177,340.20093,309.474,57.43671,56.18907,109434.29,108343.84,107253.39,111374.625,106932.24,102489.85,76.74113,77.56804,7044.31,729.46704,883.43005,0.8257213,17.196287,106141.19
2025-07-07 08:00:00,109016.3,109041.2,108525.0,108599.9,12004.305,1305657700.0,187974.0,5736.906,623954200.0,108314.055,108035.7,106166.26,228.84949,176.42691,52.422577,329.0341,313.38602,52.529697,53.178165,109340.48,108314.055,107287.63,111149.82,107041.79,102933.766,65.34401,73.20124,-4959.995,714.23364,876.08545,0.8152557,17.784153,106166.26
2025-07-07 12:00:00,108599.8,108612.2,107903.2,108249.0,30362.596,3287434000.0,506965.0,14716.175,1593495200.0,108293.45,108053.34,106186.09,182.6477,177.67107,4.976636,300.29626,310.76807,48.74998,50.77091,109307.664,108293.45,107279.25,110871.28,107147.625,103423.96,45.56135,62.548832,-35322.59,713.8598,872.7437,0.81794894,16.92472,106186.09
2025-07-07 16:00:00,108248.9,108460.8,107456.0,107999.9,28556.766,3082737200.0,448019.0,13806.424,1490738200.0,108251.336,108044.375,106206.586,124.49704,167.03625,-42.53922,261.76895,300.96826,46.20814,49.11372,109240.53,108251.336,107262.14,110708.9,107227.34,103745.79,31.522894,47.476086,-63879.355,734.6413,875.3848,0.8392209,16.123245,106206.586
2025-07-07 20:00:00,107999.9,108250.1,107728.5,108203.9,8326.796,899179800.0,159880.0,4352.862,470090780.0,108284.8,108054.71,106221.695,93.792145,152.38744,-58.59529,237.71925,288.31845,48.573006,50.50297,109218.48,108284.8,107351.11,110540.33,107307.12,104073.91,28.002148,35.028797,-55552.56,719.424,868.30914,0.8285344,15.379017,106221.695
2025-07-08 00:00:00,108203.9,108475.0,107400.0,107852.6,17984.307,1940061000.0,305139.0,8875.949,957614900.0,108305.945,108064.836,106240.195,40.64281,130.03851,-89.3957,198.40317,270.3354,44.911346,48.127182,109178.336,108305.945,107433.555,110394.64,107374.29,104353.93,25.924026,28.483023,-73536.87,744.8223,872.443,0.85372037,15.257037,106240.195
2025-07-08 04:00:00,107852.5,108445.8,107696.5,108440.7,10189.634,1101987700.0,174010.0,5736.816,620470000.0,108331.21,108067.45,106263.914,45.452393,113.121284,-67.66889,193.20088,254.9085,51.50248,52.088955,109188.34,108331.21,107474.08,110186.586,107455.09,104723.61,32.972855,28.966343,-63347.234,745.14215,869.9801,0.8565048,15.143771,106263.914
2025-07-08 08:00:00,108440.7,108964.1,108172.4,108713.1,15943.556,1731500200.0,257254.0,7889.597,856883400.0,108362.19,108072.38,106289.484,70.43252,104.583534,-34.151012,201.40694,244.20818,54.233864,53.80485,109227.47,108362.19,107496.914,109954.33,107537.61,105120.88,40.944836,33.28057,-47403.676,748.4677,868.4145,0.8618784,14.172775,106289.484
2025-07-08 12:00:00,108713.2,109180.0,108151.0,108217.0,24144.17,2622919200.0,435725.0,11367.26,1234983300.0,108372.99,108085.47,106313.33,49.626266,93.59208,-43.965813,182.61108,231.88876,48.839043,50.35612,109225.26,108372.99,107520.734,109824.01,107594.945,105365.875,46.26136,40.059685,-71547.84,768.50574,871.6262,0.8816919,13.669616,106313.33
2025-07-08 16:00:00,108217.0,109115.4,108041.0,108723.6,20875.072,2269034000.0,357181.0,10715.77,1164730500.0,108406.22,108107.78,106342.086,73.172066,89.50808,-16.336012,190.95757,223.70251,53.883804,53.548557,109258.75,108406.22,107553.69,109820.164,107633.51,105446.86,50.388817,45.865005,-50672.773,790.35535,875.6817,0.90256006,12.971657,106342.086
2025-07-08 20:00:00,108723.6,108928.0,108570.1,108873.1,6019.289,654827970.0,128982.0,2862.686,311434900.0,108449.24,108134.73,106366.484,102.711685,92.148796,10.562885,204.61403,219.88483,55.285053,54.45607,109304.83,108449.24,107593.65,109799.62,107678.49,105557.36,52.723186,49.791122,-44653.484,759.46564,865.32605,0.87766415,12.323552,106366.484
2025-07-09 00:00:00,108873.2,109107.4,108284.2,108311.9,11601.542,1260970600.0,191265.0,5480.618,595764900.0,108460.23,108147.18,106386.53,79.916664,89.70237,-9.7857065,187.20723,213.3493,49.23701,50.562504,109302.734,108460.23,107617.73,109757.086,107716.92,105676.75,54.10776,52.40659,-56255.027,764.0181,864.4835,0.8837856,11.783205,106386.53
2025-07-09 04:00:00,108311.9,108900.0,108273.5,108674.8,9998.912,1085981800.0,172217.0,5167.467,561196800.0,108486.3,108178.92,106409.45,90.09588,89.781075,0.31480438,189.53337,208.58612,52.830547,52.851414,109321.45,108486.3,107651.15,109730.91,107756.695,105782.484,53.538513,53.456486,-46256.113,754.1954,859.7239,0.87725306,11.304224,106409.45
2025-07-09 08:00:00,108674.7,109074.0,108510.0,109008.3,9544.375,1038620500.0,166009.0,4619.969,502740930.0,108536.9,108216.1,106437.81,123.6483,96.55452,27.09378,207.24957,208.3188,55.918858,54.86772,109369.79,108536.9,107704.01,109713.59,107799.664,105885.73,58.72189,55.456055,-36711.74,740.61,853.8094,0.8674184,10.549675,106437.81
2025-07-09 12:00:00,109008.3,109738.5,108429.0,109020.0,44231.7,4827958300.0,631731.0,23042.162,2515193000.0,108588.336,108253.805,106462.08,149.46004,107.13562,42.32442,221.94566,211.04417,56.02763,54.93871,109407.03,108588.336,107769.63,109709.945,107838.29,105966.63,68.50917,60.256523,7519.958,781.245,862.9232,0.90534705,11.164067,106462.08
2025-07-09 16:00:00,109019.9,112036.8,108975.9,111718.8,55843.016,6173988000.0,792727.0,32200.797,3560857900.0,108773.41,108357.05,106506.984,383.26855,162.36221,220.90636,368.3411,242.50356,72.73808,67.36916,110331.62,108773.41,107215.2,109906.5,107902.16,105897.81,80.81462,69.348564,63362.977,944.0775,906.88275,1.0410138,14.094128,106506.984
2025-07-09 20:00:00,111718.8,111931.5,110508.0,111199.9,36615.188,4070682600.0,594673.0,17414.09,1935950200.0,108890.56,108462.875,106546.33,520.6904,234.02785,286.66257,465.72247,287.14734,67.43202,63.815224,110774.516,108890.56,107006.61,110046.57,107958.59,105870.61,81.45597,76.92659,26747.787,978.32196,917.2151,1.0666221,16.8149,106546.33
2025-07-10 00:00:00,111199.8,111548.3,110834.6,111028.2,13062.149,1451853400.0,230907.0,6717.533,746707500.0,109017.28,108576.64,106582.18,608.72644,308.96756,299.75888,538.06995,337.33188,65.72357,62.666645,111107.13,109017.28,106927.44,110173.08,108008.94,105844.79,84.44689,82.23916,13685.639,959.4204,913.1448,1.0506772,19.34133,106582.18
2025-07-10 04:00:00,111028.3,111399.7,110894.2,111186.1,10503.767,1167258200.0,192945.0,5218.845,579928770.0,109119.3,108687.6,106611.08,683.3595,383.84595,299.51355,605.1317,390.89185,66.56258,63.304394,111413.484,109119.3,106825.12,110311.58,108054.44,105797.3,80.61738,82.173416,24189.406,926.9975,904.9919,1.0243158,21.6873,106611.08
2025-07-10 08:00:00,111186.2,111370.3,110800.0,110972.2,12366.984,1373314800.0,188156.0,5606.607,622640100.0,109200.47,108784.24,106639.76,716.9819,450.47314,266.50873,648.74884,442.46323,64.26762,61.802704,111632.14,109200.47,106768.79,110426.85,108099.266,105771.68,78.45766,81.17397,11822.422,901.5191,898.29803,1.0035857,23.62624,106639.76
2025-07-10 12:00:00,110972.1,111363.5,110432.2,111350.0,29486.904,3270598700.0,473279.0,14592.182,1618712800.0,109317.15,108870.73,106667.37,765.2913,513.43677,251.85455,701.68774,494.30814,66.466774,63.41232,111920.2,109317.15,106714.09,110564.88,108140.3,105715.71,79.979,79.68468,41309.33,903.6463,898.95807,1.0052152,24.525454,106667.37
2025-07-10 16:00:00,111350.0,113760.0,111267.7,113246.1,78710.07,8885879000.0,1059557.0,41629.06,4698340000.0,109549.46,108986.86,106699.67,945.67523,599.88446,345.79074,838.2471,563.09595,74.83706,70.060745,112638.87,109549.46,106460.05,110852.9,108207.33,105561.766,83.09929,80.51198,120019.4,1017.1216,930.82495,1.0927099,27.059786,106699.67
2025-07-10 20:00:00,113246.1,117500.0,113208.4,115979.2,81440.336,9424812000.0,1275879.0,45444.527,5256896500.0,109935.97,109132.53,106763.76,1294.2498,738.7575,555.49225,1087.469,667.9705,81.86422,76.51864,114044.13,109935.97,105827.81,111409.26,108299.125,105189.0,85.9161,82.99813,201459.73,1251.013,998.0404,1.2534691,30.51384,106763.76
2025-07-11 00:00:00,115979.2,116945.8,115186.7,116839.5,29918.24,3473788700.0,546109.0,16224.614,1883996700.0,110377.95,109276.88,106828.25,1621.2281,915.25165,705.97644,1338.1315,802.00275,83.4326,78.081245,115365.7,110377.95,105390.195,111992.26,108401.05,104809.836,89.25921,86.09153,231377.97,1287.3048,1013.2616,1.2704566,33.721176,106828.25
2025-07-11 04:00:00,116839.5,118395.9,116429.2,117522.7,57156.785,6724351500.0,848809.0,28389.764,3340047400.0,110843.89,109451.34,106903.33,1913.4325,1114.8878,798.5447,1579.9172,957.58563,84.57355,79.23357,116612.2,110843.89,105075.58,112581.445,108516.22,104450.99,89.37901,88.18478,288534.75,1335.833,1032.3304,1.2939976,36.958736,106903.33
2025-07-11 08:00:00,117522.7,118882.8,117522.7,117790.1,30866.365,3646639900.0,520958.0,15848.845,1872702700.0,111340.766,109635.24,106988.03,2141.893,1320.2888,821.6042,1792.1145,1124.4915,85.008705,79.672745,117676.875,111340.766,105004.66,113136.15,108634.53,104132.92,91.30514,89.98112,319401.12,1337.5664,1038.8857,1.287501,40.040913,106988.03
2025-07-11 12:00:00,117790.0,118226.0,116725.1,116910.3,41834.895,4919845400.0,752796.0,20165.564,2371903700.0,111764.24,109788.75,107076.305,2226.294,1501.4899,724.804,1920.5925,1283.7117,77.28406,74.24805,118393.79,111764.24,105134.7,113561.055,108740.53,103920.016,87.4018,89.361984,277566.25,1349.2332,1048.1261,1.2872813,41.846867,107076.305
2025-07-11 16:00:00,116910.3,118128.0,116611.1,118072.7,25630.994,3008974800.0,518888.0,12986.108,1524546000.0,112232.23,109959.19,107169.65,2359.7761,1673.1471,686.62897,2078.9583,1442.761,79.884796,76.470535,119244.516,112232.23,105219.93,114056.164,108865.914,103675.67,87.69416,88.80036,303197.22,1361.2094,1057.5016,1.2871937,43.376476,107169.65
2025-07-11 20:00:00,118072.7,118072.7,117130.0,117500.0,14412.076,1694688600.0,293948.0,7169.8,843019650.0,112696.375,110127.39,107259.875,2391.7786,1816.8734,574.9053,2175.3313,1589.275,75.309975,73.202286,119812.27,112696.375,105580.48,114469.52,108979.086,103488.65,86.47466,87.19021,288785.16,1331.3158,1055.2056,1.2616649,44.796825,107259.875
2025-07-12 00:00:00,117500.0,117818.6,117055.0,117730.0,8464.791,994891600.0,183755.0,4209.026,494763870.0,113146.695,110287.11,107347.36,2407.9429,1935.0873,472.85547,2258.3535,1723.0907,75.90672,73.6767,120339.45,113146.695,105953.94,114873.74,109101.7,103329.664,88.217026,87.461945,297249.94,1290.7646,1049.3734,1.2300338,46.00575,107347.36
2025-07-12 04:00:00,117730.0,118036.7,117454.9,117689.7,9786.843,1152341400.0,202642.0,4708.445,554466750.0,113587.52,110450.0,107436.0,2389.9512,2026.06,363.8911,2316.0308,1841.6787,75.5621,73.43751,120759.234,113587.52,106415.81,115252.664,109222.445,103192.23,86.09396,86.92855,287463.1,1240.1243,1040.022,1.1924021,47.206753,107436.0
2025-07-12 08:00:00,117689.6,118176.9,117579.8,117773.6,10654.146,1256257200.0,219436.0,5426.361,639912200.0,114060.61,110621.56,107526.15,2355.3123,2091.9104,263.40167,2357.9595,1944.9348,75.80835,73.62469,121023.11,114060.61,107098.11,115619.2,109340.56,103061.92,86.37138,86.89413,298117.25,1194.194,1031.1635,1.1581035,48.373684,107526.15
2025-07-12 12:00:00,117773.5,117819.8,116862.4,117075.6,20538.262,2410040600.0,408007.0,9681.369,1136110300.0,114480.65,110789.85,107611.79,2245.6514,2122.6587,122.992615,2347.119,2025.3717,69.53128,69.35549,121097.85,114480.65,107863.45,115918.37,109456.6,102994.836,83.79011,85.41849,277579.0,1177.2802,1029.6882,1.1433365,48.325233,107611.79
2025-07-12 16:00:00,117075.6,117609.4,117012.0,117525.7,8165.529,958212160.0,171936.0,4503.213,528461500.0,114906.52,110963.52,107707.29,2170.0486,2132.1367,37.91192,2348.6196,2090.0212,71.188,70.51318,121145.67,114906.52,108667.37,116234.78,109574.75,102914.72,83.14321,84.4349,285744.53,1135.8601,1021.0425,1.1124514,48.280243,107707.29
2025-07-12 20:00:00,117525.7,117527.8,116960.0,117389.3,6112.902,717041500.0,144729.0,2865.619,336141920.0,115324.984,111160.62,107794.484,2075.2048,2120.7502,-45.54543,2331.3396,2138.285,69.94677,69.67562,121028.42,115324.984,109621.55,116530.14,109688.695,102847.25,80.98099,82.6381,279631.62,1095.2844,1011.9776,1.0823208,48.15322,107794.484
2025-07-13 00:00:00,117389.4,117794.7,117164.3,117711.5,7178.918,843428700.0,173806.0,3770.275,442977020.0,115624.62,111366.25,107882.38,2002.9506,2097.1904,-94.23974,2321.0186,2174.8315,71.22317,70.54344,121166.12,115624.62,110083.12,116833.84,109804.18,102774.52,81.22887,81.784355,286810.53,1062.0784,1004.34607,1.0574825,48.19865,107882.38
2025-07-13 04:00:00,117711.6,118040.8,117639.7,117950.0,7310.041,861361800.0,158604.0,3857.844,454616740.0,115962.125,111566.55,107975.19,1942.5411,2066.2605,-123.71935,2312.514,2202.3682,72.16555,71.18438,121198.38,115962.125,110725.87,117139.16,109923.62,102708.08,78.16947,80.12644,294120.56,1014.86566,992.2811,1.0227602,48.389812,107975.19
2025-07-13 08:00:00,117950.0,118058.3,117641.3,118036.1,6329.781,745909950.0,137611.0,3186.925,375560500.0,116312.52,111765.4,108067.68,1879.943,2028.997,-149.05403,2297.9849,2221.4915,72.51547,71.4201,121099.89,116312.52,111525.16,117437.66,110043.04,102648.42,73.204094,77.53414,300450.34,972.16095,980.7755,0.9912166,48.57823,108067.68
2025-07-13 12:00:00,118036.0,119655.0,117933.4,118610.6,39022.92,4631601700.0,681698.0,20057.701,2381150500.0,116683.74,111977.59,108168.76,1855.304,1994.2584,-138.95439,2302.7976,2237.7527,74.7926,72.96929,120946.12,116683.74,112421.37,117757.195,110171.67,102586.14,68.64762,73.34039,339473.28,1025.6923,995.592,1.0302336,49.571762,108168.76
2025-07-13 16:00:00,118610.6,119454.9,118325.4,118923.0,14954.202,1777365400.0,330640.0,7523.714,894246500.0,117081.28,112194.87,108270.984,1839.7777,1963.3623,-123.58455,2311.0186,2252.4058,75.95902,73.78076,120547.44,117081.28,113615.13,118082.86,110302.93,102522.99,69.04406,70.29859,354427.47,1033.1072,998.27014,1.0348973,50.494328,108270.984
2025-07-13 20:00:00,118922.9,119333.0,118197.7,119038.3,15256.519,1810873700.0,328614.0,7413.372,879939800.0,117465.7,112415.38,108371.2,1815.8448,1933.8588,-118.01395,2312.2573,2264.376,76.3932,74.08229,119836.26,117465.7,115095.14,118401.39,110436.43,102471.47,73.79349,70.495056,369684.0,1040.4066,1001.01074,1.0393561,51.104424,108371.2
2025-07-14 00:00:00,119038.3,121800.0,118862.6,120733.2,43343.17,5205877000.0,746110.0,24398.303,2931904300.0,117840.055,112668.2,108483.55,1911.6063,1929.4083,-17.801975,2386.5002,2288.8008,81.64183,77.98926,119746.17,117840.055,115933.94,118814.13,110586.61,102359.086,78.028694,73.62208,413027.16,1175.9061,1039.7385,1.1309633,52.567806,108483.55
2025-07-14 04:00:00,120733.2,123300.0,120515.9,122731.0,55896.715,6822136000.0,958569.0,29105.88,3552911400.0,118177.65,112959.76,108601.375,2124.217,1968.37,155.84703,2537.9353,2338.6277,85.68261,81.4501,120873.78,118177.65,115481.51,119350.125,110747.09,102144.055,83.09849,78.30689,468923.88,1290.7771,1074.6257,1.2011411,54.265842,108601.375
2025-07-14 08:00:00,122731.0,122772.7,121357.0,121474.5,26389.018,3220271600.0,506710.0,12675.006,1546750300.0,118409.4,113229.32,108709.336,2166.3513,2007.9663,158.38496,2591.8977,2389.2817,74.56602,73.78824,121387.66,118409.4,115431.13,119771.47,110902.01,102032.55,80.399605,80.50893,442534.88,1299.7002,1081.4473,1.2018156,55.84259,108709.336
2025-07-14 12:00:00,121474.5,122113.9,119590.9,119863.1,50636.426,6125216300.0,931054.0,24190.168,2926877000.0,118526.414,113466.76,108818.33,2046.1299,2015.599,30.53086,2544.506,2420.3267,63.23514,65.49234,121539.83,118526.414,115513.0,120077.52,111042.64,102007.76,69.80552,77.767876,391898.44,1387.0787,1110.2783,1.2493073,54.966,108818.33
2025-07-14 16:00:00,119863.1,120510.9,119200.0,119920.0,31947.629,3829449000.0,626488.0,16176.504,1938993400.0,118632.91,113704.805,108933.99,1933.1606,1999.1113,-65.9507,2494.1086,2435.083,63.44637,65.63559,121685.01,118632.91,115580.81,120380.01,111173.09,101966.18,55.250404,68.485176,423846.06,1381.6375,1114.2908,1.2399254,53.717037,108933.99
2025-07-14 20:00:00,119920.3,120430.0,119505.0,119816.5,13343.163,1601498600.0,265739.0,7288.814,874922240.0,118778.22,113924.0,109049.06,1814.3652,1962.1621,-147.79688,2433.3733,2434.741,62.740257,65.11929,121764.445,118778.22,115792.0,120667.086,111300.625,101934.16,46.387753,57.147892,410502.9,1349.0205,1110.5049,1.2147812,52.55729,109049.06
2025-07-15 00:00:00,119816.5,119919.4,116870.0,117209.2,58092.184,6865069000.0,1033780.0,27472.71,3246028000.0,118735.05,114098.31,109144.73,1492.6256,1868.2548,-375.62915,2238.9128,2395.5754,48.190323,53.903873,121785.11,118735.05,115684.984,120823.086,111409.01,101994.94,32.608814,44.74899,352410.72,1470.4762,1149.2828,1.2794728,49.034927,109144.73
2025-07-15 04:00:00,117209.2,117761.3,116227.0,116777.1,43592.97,5101474000.0,724185.0,21620.55,2530929400.0,118698.9,114250.94,109237.6,1189.0709,1732.4181,-543.34705,2039.8494,2324.4302,46.27501,52.335377,121822.89,118698.9,115574.914,120958.1,111512.03,102065.97,19.369314,32.788628,308817.75,1475.035,1156.9832,1.2748976,45.75367,109237.6
2025-07-15 08:00:00,116777.1,117229.9,116300.0,117110.4,23334.35,2725626400.0,440261.0,12212.379,1426650100.0,118667.92,114406.164,109329.84,964.2806,1578.7905,-614.50995,1876.116,2234.7673,47.99207,53.432827,121841.62,118667.92,115494.22,121100.03,111619.73,102139.42,8.514162,20.164097,332152.1,1436.0968,1152.4415,1.2461342,42.706787,109329.84
2025-07-15 12:00:00,117110.4,118499.8,115678.1,116393.0,79630.19,9318353000.0,1351529.0,38126.92,4461910500.0,118603.086,114553.7,109419.266,719.9454,1407.0215,-687.0762,1690.8734,2125.9885,44.681896,50.789925,121904.484,118603.086,115301.69,121213.19,111717.516,102221.85,9.882255,12.588576,252521.92,1535.0685,1185.8267,1.2945133,40.343327,109419.266
2025-07-15 16:00:00,116393.1,117727.4,116050.0,116428.9,45663.41,5340867000.0,783843.0,21698.191,2537696300.0,118535.85,114710.28,109518.02,523.17395,1230.252,-707.07806,1525.8315,2005.9572,44.886753,50.91749,121954.76,118535.85,115116.94,121317.625,111822.48,102327.336,10.573288,9.656569,298185.3,1545.235,1195.6582,1.2923719,38.148685,109518.02
2025-07-15 20:00:00,116428.8,117965.6,116189.0,117738.5,19664.35,2305211100.0,405059.0,10316.747,1209521500.0,118568.99,114900.07,109626.766,467.5157,1077.7047,-610.189,1442.5717,1893.28,51.886517,55.350677,121943.195,118568.99,115194.79,121464.73,111941.46,102418.19,15.420915,11.958819,317849.7,1561.7611,1207.277,1.2936229,36.27949,109626.766
2025-07-16 00:00:00,117738.6,118208.6,117017.1,117477.6,17005.914,2000071600.0,359945.0,8217.164,966564160.0,118566.59,115089.625,109731.89,397.76846,941.71747,-543.94904,1351.1266,1784.8494,50.510178,54.324295,121943.83,118566.59,115189.35,121595.9,112057.664,102519.44,20.164263,15.386155,300843.75,1535.3138,1206.9614,1.2720488,34.71926,109731.89
2025-07-16 04:00:00,117477.7,118297.1,117252.2,118181.2,14568.033,1718084700.0,293244.0,7637.208,900694300.0,118606.19,115289.17,109841.484,394.71786,832.31757,-437.5997,1301.3654,1688.1526,54.05009,56.60299,121945.64,118606.19,115266.73,121739.97,112188.28,102636.586,27.827707,21.137629,315411.78,1500.2843,1203.7202,1.2463729,33.33664,109841.484
2025-07-16 08:00:00,118181.2,119299.9,118113.6,118755.1,24815.797,2948895700.0,446287.0,12525.754,1488198700.0,118658.37,115507.22,109953.02,433.61078,752.5762,-318.96542,1281.0077,1606.7236,56.766487,58.38123,121972.8,118658.37,115343.94,121888.625,112332.625,102776.625,32.273666,26.755213,340227.6,1477.8568,1203.3718,1.2280966,32.758263,109953.02
2025-07-16 12:00:00,118755.1,119786.7,118156.0,119056.0,52951.25,6294144000.0,991059.0,26523.398,3153091300.0,118713.664,115719.52,110093.34,483.1444,698.6898,-215.54543,1272.242,1539.8273,58.16298,59.299362,122015.86,118713.664,115411.48,122029.07,112486.734,102944.4,40.27456,33.458645,393178.84,1488.7742,1211.9183,1.2284442,32.52824,110093.34
2025-07-16 16:00:00,119055.9,119888.0,118430.3,119186.7,27062.814,3226271000.0,619143.0,13877.846,1654424600.0,118771.195,115929.0,110234.71,526.8731,664.3265,-137.45338,1264.9209,1484.846,58.785717,59.704792,122064.24,118771.195,115478.15,122171.695,112638.97,103106.24,47.4999,40.01604,420241.66,1486.5546,1216.834,1.2216576,32.378677,110234.71
2025-07-16 20:00:00,119186.7,120100.0,118359.4,118590.7,22762.137,2715757000.0,451202.0,10892.179,1299582200.0,118770.2,116136.47,110357.53,507.58508,632.9782,-125.393135,1222.5369,1432.3842,54.781364,56.98681,122063.45,118770.2,115476.945,122291.4,112778.87,103266.33,54.132175,47.30221,397479.53,1504.7007,1227.3093,1.2260158,32.378292,110357.53
2025-07-17 00:00:00,118590.7,119151.3,117663.6,118090.9,24347.197,2878403300.0,502522.0,11268.132,1332299400.0,118728.59,116323.82,110475.49,446.81885,595.74634,-148.9275,1155.1958,1376.9465,51.606678,54.790558,122034.08,118728.59,115423.11,122400.945,112903.19,103405.44,55.18658,52.272884,373132.3,1503.4863,1232.5171,1.2198503,31.529984,110475.49
2025-07-17 04:00:00,118090.8,118763.4,117810.4,118293.9,15838.307,1873802500.0,360097.0,8149.001,964185600.0,118691.375,116512.234,110589.516,410.31174,558.6594,-148.34767,1101.9933,1321.9558,52.80305,55.521606,121998.836,118691.375,115383.914,122517.9,113025.15,103532.4,56.732796,55.350517,388970.62,1464.1659,1226.9268,1.1933604,30.742268,110589.516
2025-07-17 08:00:00,118293.8,119216.4,117915.2,117968.9,19524.523,2313430300.0,415792.0,9463.798,1121604700.0,118553.16,116705.375,110705.63,351.10745,517.14905,-166.04155,1034.7451,1264.5137,50.64439,54.052315,121736.47,118553.16,115369.85,122633.27,113129.34,103625.414,53.912277,55.277218,369446.1,1452.5255,1228.4122,1.1824414,30.370943,110705.63
2025-07-17 12:00:00,117968.8,119100.0,117412.8,118875.0,33485.56,3956965400.0,655214.0,16596.264,1961143800.0,118360.36,116909.375,110827.195,373.00262,488.31973,-115.31713,1017.3792,1215.0868,56.040222,57.35591,120912.734,118360.36,115807.984,122783.83,113233.31,103682.805,61.08611,57.24373,402931.66,1469.288,1237.588,1.1872189,29.394718,110827.195
2025-07-17 16:00:00,118875.0,119879.1,118293.6,118948.8,24071.418,2868611800.0,516694.0,12376.544,1475033600.0,118234.08,117108.19,110937.16,391.79337,469.01447,-77.2211,1001.13446,1172.2963,56.45776,57.61652,120374.29,118234.08,116093.87,122925.71,113347.34,103768.98,66.0229,60.340427,427003.1,1477.5889,1244.5463,1.187251,29.114256,110937.16
2025-07-17 20:00:00,118948.8,120951.5,118343.2,119176.6,47007.395,5637912600.0,851351.0,24678.525,2960245800.0,118199.75,117311.32,111033.586,420.22266,459.2561,-39.03344,993.6295,1136.563,57.790466,58.4397,120254.67,118199.75,116144.83,123068.36,113466.24,103864.125,70.01718,65.70873,474010.47,1558.3539,1271.8213,1.225293,29.572136,111033.586
2025-07-18 00:00:00,119176.5,120799.0,119003.8,120212.8,22719.764,2727068000.0,545043.0,12006.857,1441261200.0,118214.39,117481.2,111140.13,520.3673,471.47833,48.888954,1034.0547,1116.0613,63.293934,61.967716,120321.63,118214.39,116107.15,123252.96,113589.586,103926.22,74.081276,70.04045,496730.25,1575.2715,1282.289,1.228484,29.99731,111140.13
2025-07-18 04:00:00,120212.8,120846.1,119300.0,119356.6,21765.572,2614303700.0,465628.0,10287.036,1236085100.0,118191.4,117644.336,111240.586,524.5972,482.1021,42.495106,1020.6379,1096.9766,56.713852,57.71687,120237.35,118191.4,116145.44,123399.97,113699.766,103999.56,69.24686,71.115105,474964.66,1573.1879,1287.5652,1.2218317,30.423553,111240.586
2025-07-18 08:00:00,119356.5,119483.2,118384.6,119175.5,27047.111,3215032600.0,543547.0,13389.613,1591663600.0,118289.71,117807.28,111338.09,507.48624,487.17896,20.307291,995.0083,1076.583,55.40189,56.850746,120326.38,118289.71,116253.04,123530.85,113813.086,104095.32,65.31428,69.54747,447917.56,1539.2887,1283.7859,1.199023,29.605303,111338.09
2025-07-18 12:00:00,119175.5,119519.8,117230.7,117830.0,46533.254,5504404000.0,900166.0,21779.582,2576094700.0,118342.35,117940.16,111425.91,380.96353,465.93585,-84.97233,900.84503,1041.4354,46.74911,50.892918,120271.5,118342.35,116413.21,123619.03,113903.94,104188.85,42.52012,59.027084,401384.3,1592.8467,1303.8921,1.2216092,27.612656,111425.91
2025-07-18 16:00:00,117830.1,118053.5,117109.4,117361.6,20948.078,2462802400.0,499119.0,10135.841,1191734400.0,118354.914,118067.945,111507.71,240.12935,420.77457,-180.6452,792.4112,991.63055,44.163223,49.015305,120254.87,118354.914,116454.96,123688.96,113991.766,104294.57,24.887262,44.240555,380436.22,1546.5076,1296.6963,1.1926521,25.64495,111507.71
2025-07-18 20:00:00,117361.7,118000.0,116788.9,117896.4,23233.129,2727044400.0,414649.0,11173.1,1311768400.0,118430.086,118198.875,111590.08,169.71478,370.5626,-200.84782,722.4782,937.80005,47.719036,51.17482,120121.07,118430.086,116739.1,123766.76,114089.52,104412.3,16.425611,27.944332,403669.34,1522.5499,1294.9844,1.1757284,24.12273,111590.08
2025-07-19 00:00:00,117896.5,118340.7,117588.0,118295.2,9844.745,1161944200.0,238838.0,4895.404,577847700.0,118523.4,118299.86,111674.234,144.42569,325.33524,-180.90953,679.0131,886.04266,50.26264,52.742092,119947.234,118523.4,117099.57,123845.18,114197.77,104550.375,23.118868,21.477247,413514.1,1467.5607,1284.1387,1.1428366,22.447176,111674.234
2025-07-19 04:00:00,118295.3,118337.5,118013.2,118135.0,5699.452,673538900.0,145406.0,2362.405,279189060.0,118543.23,118342.97,111754.7,110.18695,282.30557,-172.11862,630.4454,834.9232,49.22655,52.037537,119933.44,118543.23,117153.016,123916.58,114302.19,104687.805,31.71015,23.751543,407814.66,1385.8992,1264.9419,1.0956228,20.891304,111754.7
2025-07-19 08:00:00,118134.9,118456.0,117904.0,118300.0,7488.051,885213800.0,172866.0,3371.193,398583550.0,118584.34,118372.18,111832.23,95.26842,244.89813,-149.62971,594.01776,786.7421,50.361504,52.720566,119892.26,118584.34,117276.43,123964.52,114423.15,104881.77,34.942104,29.923706,415302.7,1326.335,1250.6831,1.0604885,19.581097,111832.23
2025-07-19 12:00:00,118300.0,118301.4,117615.3,118025.6,11576.241,1366029700.0,266642.0,5569.706,657270340.0,118576.56,118382.24,111908.914,60.604977,208.0395,-147.43452,546.182,738.6301,48.422955,51.441364,119895.78,118576.56,117257.35,123995.57,114542.2,105088.836,32.783195,33.14515,403726.47,1280.6039,1239.3914,1.0332522,18.347534,111908.914
2025-07-19 16:00:00,118025.6,118149.8,117562.1,117978.3,8300.911,978573060.0,189976.0,3800.041,448005060.0,118537.73,118386.01,111980.305,28.983133,172.22823,-143.2451,500.18658,690.9414,48.0794,51.21644,119879.18,118537.73,117196.266,124029.695,114655.05,105280.39,31.528372,33.084557,395425.56,1231.1107,1226.3575,1.0038759,17.267092,111980.305
2025-07-19 20:00:00,117978.4,118125.7,117245.9,117814.4,9621.793,1131861000.0,235184.0,4527.972,532684930.0,118475.65,118404.086,112053.46,-9.196752,135.94324,-145.13998,450.16455,642.786,46.839287,50.41442,119830.27,118475.65,117121.02,124056.74,114764.266,105471.8,27.639776,30.650448,385803.75,1206.0171,1219.4264,0.9890036,16.65286,112053.46
2025-07-20 00:00:00,117814.3,118119.6,117618.0,117965.6,4978.47,586964200.0,138537.0,2841.697,335044900.0,118414.59,118401.945,112123.99,-26.943422,103.365906,-130.30933,412.70486,596.7698,48.16748,51.15531,119745.38,118414.59,117083.8,124079.74,114876.234,105672.72,27.159307,28.775818,390782.22,1155.7015,1205.0698,0.95903283,16.082502,112123.99
